id,system,name,genre,developer,publisher,region,playcount,gametime,lastplayed,releasedate,rom
122946,3DO,Strahl,Ação,Media Entertainment,Panasonic,us,2,205,2021-11-30 16:49:53,1995-01-01 00:00:00,Strahl (US).chd
14302,3DO,Dragon's Lair,Ação,ReadySoft,ReadySoft,eu,2,205,2021-11-30 16:49:53,1994-01-01 00:00:00,Dragon's Lair (EU).chd
14316,3DO,Primal Rage,Luta,Time Warner Interactive,Atari,eu,2,205,2021-11-30 16:49:53,1995-01-01 00:00:00,Primal Rage (EU).chd
14380,3DO,Shock Wave,Ação,Electronic Arts,Electronic Arts,eu,2,205,2021-11-30 16:49:53,1994-01-01 00:00:00,Shock Wave (EU).chd
105334,3DO,Panzer General,Estratégia,Strategic Simulations,Strategic Simulations,eu,2,205,2021-11-30 16:49:53,1995-01-01 00:00:00,Panzer General (EU).chd
14358,3DO,Blade Force,Ação,Panasonic,Panasonic,eu,2,205,2021-11-30 16:49:53,1995-01-01 00:00:00,BladeForce (EU).chd
14343,3DO,Flying Nightmares,Simulação,Lifelike Productions,Domark,eu,2,205,2021-11-30 16:49:53,1995-01-01 00:00:00,Flying Nightmares (EU).chd
14293,3DO,Gex,Plataforma,Crystal Dynamics,Crystal Dynamics,eu,1,140,2021-11-20 17:45:58,1994-11-16 00:00:00,Gex (EU).chd
14299,3DO,Star Wars : Rebel Assault,Ação,LucasArts,LucasArts,eu,1,140,2021-11-20 17:45:58,1995-01-01 00:00:00,Star Wars - Rebel Assault (EU).chd
14311,3DO,Battle Chess,Quebra-cabeças,Interplay,Interplay,eu,1,140,2021-11-20 17:45:58,1993-01-01 00:00:00,Battle Chess (EU).chd
122976,3DO,Yu Yu Hakusho,Luta,Hudson,Tomy,jp,14,1157,2024-04-11 12:27:13,1993-01-01 00:00:00,Yuu Yuu Hakusho (JP).chd
14327,3DO,Way Of The Warrior,Luta,Naughty Dog,Universal,us,1,46,2024-04-11 12:28:35,1994-01-01 00:00:00,Way of the Warrior (US).chd
14066,Atari 2600,Marine Wars,Ação,Konami,Konami,us,,,,1983-01-01 00:00:00,Marine Wars (USA).zip
14084,Atari 2600,Boxing,Esporte / Boxe,Activision,Activision,us,,,,1980-01-01 00:00:00,Boxing (USA).zip
37891,Atari 2600,Vault Assault,Ação,Brian Prescott,Self-published,us,,,,2001-08-11 00:00:00,Vault Assault (USA) (Unl).zip
37783,Atari 2600,Mario Bros.,Plataforma,Nintendo,Atari,us,,,,1983-01-01 00:00:00,Mario Bros. (USA).zip
37796,Atari 2600,Oink!,Ação,Activision,Activision,us,,,,1983-01-01 00:00:00,Oink! (USA).zip
14012,Atari 2600,Pitfall! : Pitfall Harry's Jungle Adventure,Plataforma,Activision,Activision,us,,,,1982-04-20 00:00:00,Pitfall! - Pitfall Harry's Jungle Adventure (USA).zip
37787,Atari 2600,MegaMania : A Space Nightmare,Tiro / Estilo Space Invader,Activision,Activision,us,,,,1982-09-01 00:00:00,MegaMania - A Space Nightmare (USA).zip
37723,Atari 2600,Elevator Action,Plataforma / Tiro com rolagem,Taito,CGE Services,us,1,142,2023-02-15 11:43:19,2001-01-01 00:00:00,Elevator Action (USA) (Proto).zip
59435,Atari 2600,Donkey Kong Junior,Plataforma,Nintendo,Coleco,us,1,54,2023-02-15 11:37:52,1983-01-01 00:00:00,Donkey Kong Junior (USA).zip
78337,Atari 2600,Planet Patrol,Ação,Spectravision,Spectravision,us,1,54,2023-02-15 11:37:52,1982-01-01 00:00:00,Planet Patrol (USA).zip
71640,Atari 2600,Escape from the Mindmaster,Ação,Starpath,Starpath,us,1,54,2023-02-15 11:37:52,1982-01-01 00:00:00,Escape from the Mindmaster (USA).zip
14040,Atari 2600,Night Driver,Corrida / Pilotagem,Atari,Atari,us,1,54,2023-02-15 11:37:52,1980-01-01 00:00:00,Night Driver (USA).zip
13988,Atari 2600,Space Invaders,Tiro / Estilo Space Invader,Taito,Atari,us,1,54,2023-02-15 11:37:52,1980-01-01 00:00:00,Space Invaders (USA).zip
37813,Atari 2600,Popeye,Ação,Nintendo,Parker Brothers,us,1,54,2023-02-15 11:37:52,1983-09-01 00:00:00,Popeye (USA).zip
14080,Atari 2600,Indy 500,Corrida / Pilotagem,Sears,Atari,us,1,54,2023-02-15 11:37:52,1977-01-01 00:00:00,Indy 500 - Race (USA).zip
87549,Atari 2600,RealSports Volleyball,Esporte / Voleibol,Atari,Atari,us,1,54,2023-02-15 11:37:52,1982-01-01 00:00:00,RealSports Volleyball (USA).zip
58706,Atari 2600,Sea Hawk,Shoot'em Up,Sancho,Sancho,us,1,54,2023-02-15 11:37:52,1983-01-01 00:00:00,Sea Hawk (USA).zip
37693,Atari 2600,Burgertime,Plataforma,M Network,M Network,us,1,19,2022-11-21 11:13:38,1982-01-01 00:00:00,BurgerTime (USA).zip
14079,Atari 2600,Defender,Tiro / Horizontal,Williams Electronics,Atari,us,1,19,2022-11-21 11:13:38,1981-01-01 00:00:00,Defender (USA).zip
14037,Atari 2600,Ice Hockey,Esporte / Hóquei,Activision,Activision,us,1,19,2022-11-21 11:13:38,1981-01-01 00:00:00,Ice Hockey (USA).zip
37728,Atari 2600,Enduro,Corrida / Pilotagem,Activision,Activision,us,1,19,2022-11-21 11:13:38,1983-01-01 00:00:00,Enduro (USA).zip
87547,Atari 2600,RealSports Football,Esporte / Futebol americano,Atari,Atari,us,1,19,2022-11-21 11:13:38,1982-01-01 00:00:00,RealSports Football (USA).zip
51330,Atari 2600,Bump 'n' Jump,Corrida / Pilotagem,M Network,M Network,us,3,53,2023-02-23 21:30:11,1983-01-01 00:00:00,Bump 'n' Jump (USA).zip
14061,Atari 2600,Jungle Hunt,Plataforma / Corre e Pula com rolagem,Atari,Atari,us,3,53,2023-02-23 21:30:11,1983-01-01 00:00:00,Jungle Hunt (USA).zip
13984,Atari 2600,Pac-Man,Ação / Labirinto,Atari,Atari,us,3,53,2023-02-23 21:30:11,1982-03-16 00:00:00,Pac-Man (USA).zip
13983,Atari 2600,Donkey Kong,Plataforma,Atari,Coleco,us,2,98,2023-02-15 11:40:46,1981-01-01 00:00:00,Donkey Kong (USA).zip
59453,Atari 2600,Grand Prix,Corrida / Pilotagem,Activision,Activision,us,2,98,2023-02-15 11:40:46,1982-01-01 00:00:00,Grand Prix (USA).zip
14027,Atari 2600,Warlords,Ação,Atari,Sears,us,2,98,2023-02-15 11:40:46,1981-01-01 00:00:00,Warlords (USA).zip
14112,Atari 2600,RealSports Boxing,Esporte / Boxe,Atari,Atari,us,2,98,2023-02-15 11:40:46,1987-01-01 00:00:00,RealSports Boxing (USA).zip
51280,Atari 2600,Q*bert,Quebra-cabeças,Western Technologies,Parker Brothers,us,2,98,2023-02-15 11:40:46,1983-01-01 00:00:00,Q-bert (USA).zip
14022,Atari 2600,Football,Esporte / Futebol americano,Atari,Atari,us,2,98,2023-02-15 11:40:46,1978-01-01 00:00:00,Football (USA).zip
14078,Atari 2600,Motocross Racer,Corrida / Pilotagem / Moto,Xonox,Xonox,us,2,98,2023-02-15 11:40:46,1984-01-01 00:00:00,Motocross Racer (USA).zip
37747,Atari 2600,Frogger,Ação / Labirinto,Konami,Parker Brothers,us,2,98,2023-02-15 11:40:46,1983-01-01 00:00:00,Frogger (USA).zip
51192,Atari 2600,Buck Rogers : Planet of Zoom,Ação,SEGA,SEGA,us,2,98,2023-02-15 11:40:46,1983-01-01 00:00:00,Buck Rogers - Planet of Zoom (USA).zip
37701,Atari 2600,Commando,Tiro / Run and Gun,Capcom,Activision,us,2,98,2023-02-15 11:40:46,1988-01-01 00:00:00,Commando (USA).zip
37904,Atari 2600,Zaxxon,Shoot'em Up,SEGA,Coleco,us,2,98,2023-02-15 11:40:46,1982-01-01 00:00:00,Zaxxon (USA).zip
107154,Atari 2600,Air Raiders,Tiro / Carro 1ª Pessoa,Telegames,Telegames,us,11,101,2023-08-30 19:52:37,2003-01-01 00:00:00,Air Raiders (USA).zip
59437,Atari 2600,Double Dunk,Esporte / Basquete,Atari,Atari,us,11,101,2023-08-30 19:52:37,1989-01-01 00:00:00,Double Dunk (USA).zip
59473,Atari 2600,Moon Patrol,Ação,Irem,Atari,us,11,101,2023-08-30 19:52:37,1983-01-01 00:00:00,Moon Patrol (USA).zip
37749,Atari 2600,Galaxian,Shoot'em Up,Namco,Atari,us,11,101,2023-08-30 19:52:37,1983-01-01 00:00:00,Galaxian (USA).zip
14047,Atari 2600,Frostbite,Ação,Activision,Activision,us,11,101,2023-08-30 19:52:37,1983-01-01 00:00:00,Frostbite (USA).zip
37772,Atari 2600,Keystone Kapers,Ação,Activision,Activision,us,11,101,2023-08-30 19:52:37,1983-04-01 00:00:00,Keystone Kapers (USA).zip
87546,Atari 2600,RealSports Basketball,Esporte / Basquete,Atari,CGE Services,eu,11,101,2023-08-30 19:52:37,1982-10-01 00:00:00,RealSports Basketball (Europe) (Proto).zip
58707,Atari 2600,Star Raiders,Estratégia,Atari,Atari,us,11,101,2023-08-30 19:52:37,1982-01-01 00:00:00,Star Raiders (USA).zip
37835,Atari 2600,Seaquest,Ação,Activision,Activision,us,1,48,2021-11-19 17:44:47,1983-01-01 00:00:00,Seaquest (USA).zip
37731,Atari 2600,E.T. : The Extra-Terrestrial,Ação,Atari,Atari,us,1,48,2021-11-19 17:44:47,1983-12-02 00:00:00,E.T. - The Extra-Terrestrial (USA).zip
87842,Atari 2600,Raiders of the Lost Ark,Aventura,Atari,Atari,us,1,48,2021-11-19 17:44:47,1982-01-01 00:00:00,Raiders of the Lost Ark (USA).zip
37863,Atari 2600,Suicide Mission,Ação,Arcadia Systems,Arcadia Systems,us,1,48,2021-11-19 17:44:47,1982-01-01 00:00:00,Suicide Mission (USA).zip
14101,Atari 2600,Freeway,Ação,Activision,Activision,us,1,48,2021-11-19 17:44:47,1981-01-01 00:00:00,Freeway (USA).zip
37898,Atari 2600,Wizard of Wor,Ação / Labirinto,Dave Nutting Associates,CBS Software,us,1,48,2021-11-19 17:44:47,1982-01-01 00:00:00,Wizard of Wor (USA).zip
58697,Atari 2600,Communist Mutants From Space,Tiro / Estilo Space Invader,Arcadia,Starpath,us,2,64,2024-04-11 11:49:02,1982-01-01 00:00:00,Communist Mutants from Space (USA).zip
59422,Atari 2600,Chuck Norris Superkicks,Briga de rua,Xonox,Xonox,us,1,63,2024-04-11 10:43:00,1983-01-01 00:00:00,Chuck Norris Superkicks (USA).zip
59432,Atari 2600,Dark Cavern,Ação,M Network,M Network,us,1,66,2024-04-11 10:59:47,1982-01-01 00:00:00,Dark Cavern (USA).zip
13987,Atari 2600,Asteroids,Tiro,Atari,Atari,us,2,60,2024-04-11 10:23:22,1981-01-01 00:00:00,Asteroids (USA).zip
14053,Atari 2600,Bowling,Esporte / Boliche,Atari,Atari,us,5,116,2024-04-11 10:28:03,1978-01-01 00:00:00,Bowling (USA).zip
40103,Arcade - Atomiswave,Atv Track,Corrida / Pilotagem / Corrida de moto em 3ª pessoa,,Gaelco,us,5,,2004-12-31 22:06:14,2002-01-01 00:00:00,atvtrack.zip
37446,Arcade - Atomiswave,Salary Man Kintaro,Plataforma / Mahjong,,Gaelco,us,5,,2004-12-31 22:06:14,2002-01-01 00:00:00,salmankt.zip
37435,Arcade - Atomiswave,Guilty Gear Isuka,Luta / Versus,Sammy Studios,Sammy Studios,us,1,63,2021-11-20 18:00:16,2003-01-01 00:00:00,ggisuka.zip
37439,Arcade - Atomiswave,Knights Of Valour: The Seven Spirits,Luta / 2.5D,International Games System,Sammy Studios,us,1,63,2021-11-20 18:00:16,2004-01-01 00:00:00,kov7sprt.zip
37436,Arcade - Atomiswave,Guilty Gear X Ver. 1.5,Luta / Versus,Sammy Studios,Sammy Studios,us,1,63,2021-11-20 18:00:16,2003-01-01 00:00:00,ggx15.zip
37427,Arcade - Atomiswave,Animal Basket,Esporte / Basquete,MOSS,Sammy Studios,us,4,235,2023-02-14 15:12:56,2005-01-01 00:00:00,anmlbskt.zip
37449,Arcade - Atomiswave,Extreme Hunting 2,Tiro,SEGA,SEGA,us,1,27,2021-02-11 12:07:06,2006-01-01 00:00:00,xtrmhnt2.zip
37445,Arcade - Atomiswave,The Rumble Fish 2,Luta / Versus,Sammy Studios,Sammy Studios,us,1,27,2021-02-11 12:07:06,2004-01-01 00:00:00,rumblef2.zip
150251,Arcade - Atomiswave,Sushi Bar,Quebra-cabeças,Sammy,Sammy,us,1,27,2021-02-11 12:07:06,2003-01-01 00:00:00,sushibar.zip
37428,Arcade - Atomiswave,Sega Bass Fishing Challenge,Esporte / Pesca,SEGA,SEGA,us,1,27,2021-02-11 12:07:06,2009-01-01 00:00:00,basschal.zip
37434,Arcade - Atomiswave,Faster Than Speed,Corrida / Pilotagem / Corrida em 1ª pessoa,Sammy Studios,Sammy,us,5,225,2023-03-17 18:28:23,2004-01-01 00:00:00,ftspeed.zip
37447,Arcade - Atomiswave,Samurai Shodown 6 - Tale Of The World's Greatest Swordsman,Luta / Versus,SNK Playmore,Sammy Studios,us,3,234,2004-12-31 22:17:44,2005-01-01 00:00:00,samsptk.zip
37443,Arcade - Atomiswave,Ranger Mission,Tiro,Sammy,Sammy,us,1,16,2022-04-14 09:19:34,2004-01-01 00:00:00,rangrmsn.zip
150076,Arcade - Atomiswave,Waiwai Drive,Corrida / Pilotagem,MOSS,Sammy Studios,us,1,11,2023-02-21 17:29:08,2005-01-01 00:00:00,waidrive.zip
37440,Arcade - Atomiswave,Maximum Speed,Corrida / Pilotagem / Corrida em 1ª pessoa,Sammy Studios,Sammy,us,5,754,2022-11-21 10:33:00,2003-01-01 00:00:00,maxspeed.zip
37429,Arcade - Atomiswave,Sega Clay Challenge,Tiro,SEGA,SEGA,us,5,754,2022-11-21 10:33:00,2008-01-01 00:00:00,claychal.zip
37432,Arcade - Atomiswave,Dolphin Blue,Plataforma / Tiro com rolagem,Sammy Studios,Sammy Studios,us,8,1626,2022-11-21 09:23:37,2003-01-01 00:00:00,dolphin.zip
37438,Arcade - Atomiswave,The King of Fighters XI,Luta / Versus,SNK Playmore,SEGA,us,8,1626,2022-11-21 09:23:37,2005-01-01 00:00:00,kofxi.zip
37448,Arcade - Atomiswave,Sports Shooting Usa,Tiro,Sammy Studios,Sammy Studios,us,8,1626,2022-11-21 09:23:37,2003-01-01 00:00:00,sprtshot.zip
37450,Arcade - Atomiswave,Extreme Hunting,Tiro,SEGA,SEGA,us,5,219,2023-02-21 17:10:54,2005-01-01 00:00:00,xtrmhunt.zip
150214,Arcade - Atomiswave,Net Select Horse Racing - Victory Furlong,Esporte com animais / Corrida de cavalos,Progress,Sammy Studios,us,5,219,2023-02-21 17:10:54,2005-01-01 00:00:00,vfurlong.zip
37431,Arcade - Atomiswave,Dirty Pigskin Football,Esporte / Futebol americano,Play Mechanix,Sammy Studios,us,5,219,2023-02-21 17:10:54,2004-01-01 00:00:00,dirtypig.zip
150075,Arcade - Atomiswave,Block Pong-pong,Ação / Jogos de Breakout,MOSS,Sammy,us,3,228,2022-11-21 10:12:53,2004-01-01 00:00:00,blokpong.zip
37430,Arcade - Atomiswave,Demolish Fist,Luta / Versus,Sammy Studios,Sammy Studios,us,10,742,2023-07-22 16:43:58,2003-06-01 00:00:00,demofist.zip
37444,Arcade - Atomiswave,The Rumble Fish,Luta / Versus,Sammy Studios,Sammy Studios,us,8,219,2023-08-30 19:56:34,2004-01-01 00:00:00,rumblef.zip
37437,Arcade - Atomiswave,The King of Fighters NeoWave,Luta / Versus,SNK Playmore,Sammy Studios,us,2,871,2024-01-02 21:16:09,2005-01-01 00:00:00,kofnw.zip
37441,Arcade - Atomiswave,Metal Slug 6,Tiro / Run and Gun,SNK Playmore,SEGA,us,6,9234,2024-03-02 14:31:32,2006-02-24 00:00:00,mslug6.zip
37433,Arcade - Atomiswave,Fist Of The North Star,Luta / Versus,SEGA,SEGA,us,5,1302,2024-07-28 14:20:55,2005-01-01 00:00:00,fotns.zip
37442,Arcade - Atomiswave,Neo-geo Battle Coliseum,Luta,SNK Playmore,SEGA,us,11,1120,2024-07-28 14:41:25,2005-01-01 00:00:00,ngbc.zip
64287,Arcade - Atomiswave,Smashing Drive,Corrida / Pilotagem / Corrida em 3ª pessoa,Gaelco,Gaelco,wr,3,1120,2025-03-22 18:26:11,2000-01-01 00:00:00,smashdrv.zip
109493,Commodore 64,Aegean Voyage,,,Spinnaker Software,eu,,,,1984-01-01 00:00:00,Aegean Voyage (USA  Europe).zip
110159,Commodore 64,Ultrex Quadro Maze,Ação / Labirinto,Gregory Pratt,TSi,eu,,,,1984-01-01 00:00:00,Ultrex Quadro Maze (USA  Europe).zip
111042,Commodore 64,Checkers,Jogo de tabuleiro,R. Sonnenberg,Micro-Distributors,eu,,,,1984-01-01 00:00:00,Checkers (USA  Europe).zip
112744,Commodore 64,Halftime Battlin' Bands,Educacional,The Dovetail Group,CBS Software,eu,,,,1984-01-01 00:00:00,Halftime Battlin' Bands featuring... the Jazz Scats! (USA  Europe).zip
110129,Commodore 64,The Visible Solar System,Educacional,The Dovetail Group,Commodore Business Machines,eu,,,,1982-01-01 00:00:00,Visible Solar System  The (USA  Europe) (MAX).zip
112983,Commodore 64,Sea Wolf,Shoot'em Up,Commodore,Commodore Electronics,eu,,,,1982-01-01 00:00:00,Sea Wolf (USA  Europe) (MAX).zip
114197,Commodore 64,Le Mans,Corrida / Pilotagem,Commodore,Commodore Electronics,eu,,,,1982-01-01 00:00:00,LeMans (USA  Europe) (MAX).zip
36665,Commodore 64,Leaderboard Golf,Esporte / Golfe,Access Software,Access Software,eu,,,,1986-01-01 00:00:00,Leader Board - Pro Golf Simulator (USA  Europe).zip
116415,Commodore 64,Oils Well,Ação / Labirinto,Sierra On-Line,Sierra On-Line,eu,,,,1983-01-01 00:00:00,Oil's Well (USA  Europe).zip
114250,Commodore 64,Linking Logic,Educacional,Frieda Lekkerkerker & John McGuirk,Fisher-Price,eu,,,,1984-01-01 00:00:00,Linking Logic (USA  Europe).zip
110208,Commodore 64,Megafun (Tenpins  Meteor Runner + Vortex),Compilação,Frieda Lekkerkerker & John McGuirk,Alphaworks,eu,,,,2004-01-01 00:00:00,Tenpins + Meteor Runner + Vortex (USA  Europe) (Megafun).zip
111172,Commodore 64,Super Games,Variados,Frieda Lekkerkerker & John McGuirk,Commodore,eu,,,,2004-01-01 00:00:00,Colossus Chess + Silicon Syborgs + International Football (USA  Europe) (Super Games).zip
36821,Commodore 64,Badlands,Corrida / Pilotagem,Teque,Tengen,eu,,,,1990-01-01 00:00:00,BadLands (USA  Europe).zip
116165,Commodore 64,Pipes,Corrida / Pilotagem,Teque,Creative Software,eu,,,,1983-01-01 00:00:00,Pipes (USA  Europe).zip
110543,Commodore 64,Big Bird's Funhouse,Educacional,Children's Television Workshop,CBS Software,eu,,,,1984-01-01 00:00:00,Big Bird's Funhouse (USA  Europe).zip
113338,Commodore 64,Jumpman Junior,Plataforma,Randy Glover,Epyx,eu,,,,1983-01-01 00:00:00,Jumpman Junior (USA  Europe).zip
248907,Commodore 64,Super Mario Bros 64,Plataforma / Corre e Pula,Zeropaige,Public Domain,eu,,,,2019-04-18 00:00:00,super_mario_bros_64_-_zeropaige.zip
115246,Commodore 64,Minnesota Fat's Pool Challenger,Esporte / Sinuca,Nick Strange,Hesware,us,,,,1983-01-01 00:00:00,Minnesota Fat's Pool Challenger (USA).zip
114571,Commodore 64,Maze Master,Ação / Labirinto,Michael Cranford,Hesware,eu,,,,1983-01-01 00:00:00,Maze Master (USA  Europe).zip
115726,Commodore 64,Number Tumbler,Educacional,ChildWare,Fisher-Price Learning Software,eu,,,,1984-01-01 00:00:00,Number Tumblers (USA  Europe).zip
111730,Commodore 64,Dragon's Den,Educacional,ChildWare,Commodore Electronics,eu,,,,1983-01-01 00:00:00,Dragonsden (USA  Europe).zip
111929,Commodore 64,Espial,Shoot'em Up / Vertical,Tigervision,Tigervision,eu,,,,1984-01-01 00:00:00,Espial (USA  Europe).zip
116084,Commodore 64,Peanut Butter Panic,Ação / Aventura,CTW Software Group,CBS Software,eu,,,,1984-01-01 00:00:00,Peanut Butter Panic (USA  Europe).zip
114336,Commodore 64,Lunar Leeper,Shoot'em Up / Horizontal,Dr. Robert Rassmussen,Sierra On-Line,eu,,,,1984-01-01 00:00:00,Lunar Leeper (USA  Europe).zip
35901,Commodore 64,Battlezone,Tiro / Carro 1ª Pessoa,Atari,Atari,eu,,,,1984-06-01 00:00:00,Battlezone (USA  Europe).zip
36344,Commodore 64,Satan,Plataforma,Creepsoft,Dinamic Software,eu,,,,1990-01-01 00:00:00,Satan (USA  Europe).zip
36004,Commodore 64,The Official Frogger,Plataforma,Chuck Benton,Sierra,eu,,,,1984-01-01 00:00:00,Frogger (USA  Europe).zip
112224,Commodore 64,The Frogger + River Raid + Activision Decathlon + Beamrider,Compilação,Chuck Benton,Sierra,eu,,,,1984-01-01 00:00:00,Frogger + River Raid + Activision Decathlon  The + Beamrider (USA  Europe) (Arcade Classic Pak).zip
115051,Commodore 64,Star Trek : Strategic Operations Simulator,Tiro / Carro 1ª Pessoa,SEGA,SEGA,eu,,,,1983-01-01 00:00:00,Star Trek - Strategic Operations Simulator (USA  Europe).zip
112701,Commodore 64,Attack of the Mutant Camels,Tiro / Horizontal,Hesware,Hesware,us,,,,1983-01-01 00:00:00,Gridrunner II - Attack of the Mutant Camels (USA).zip
35969,Commodore 64,Ms. Pac-Man,Ação / Labirinto,Atarisoft,Atarisoft,eu,,,,1983-01-01 00:00:00,Ms. Pac-Man (USA  Europe).zip
116884,Commodore 64,Viduzzles,Quebra-cabeças,Atarisoft,Commodore Electronics,eu,,,,1983-01-01 00:00:00,Viduzzles - Computerized Jigsaw Puzzles (USA  Europe).zip
36773,Commodore 64,Vindicators,Tiro / Carro 3ª Pessoa,Consult Software,Domark,eu,,,,1990-01-01 00:00:00,Vindicators (USA  Europe).zip
116727,Commodore 64,Trashman,Ação / Labirinto,Consult Software,Creative Software,eu,,,,1990-01-01 00:00:00,Trashman (USA  Europe).zip
36755,Commodore 64,Tapper,Estratégia,Beck-Tech,SEGA,eu,,,,1984-01-01 00:00:00,Tapper (USA  Europe).zip
112222,Commodore 64,Frog Master,Simulação,Michael F.C. Crick,Commodore Electronics,eu,,,,1983-01-01 00:00:00,Frog Master (USA  Europe).zip
36296,Commodore 64,Mountain King,Plataforma,Beyond,Beyond,eu,,,,1983-01-01 00:00:00,Mountain King (USA  Europe).zip
114779,Commodore 64,Robotron 2084,Plataforma,Vid Kidz,Atari,eu,,,,1983-01-01 00:00:00,Robotron - 2084 (USA  Europe).zip
110401,Commodore 64,Buck Rogers : Planet Of Zoom,Shoot'em Up,SEGA,U.S. Gold,eu,,,,1983-01-01 00:00:00,Buck Rogers - Planet of Zoom (USA  Europe).zip
35895,Commodore 64,The Great Giana Sisters,Plataforma,Time Warp Software,Rainbow Arts,eu,,,,1987-05-06 00:00:00,The_Great_Giana_Sisters.d64
115363,Commodore 64,Mr. Cool,Quebra-cabeças,Time Warp Software,Sierra On-Line,eu,,,,1983-01-01 00:00:00,Mr. Cool (USA  Europe).zip
111441,Commodore 64,Dancing Feats,Quebra-cabeças,Time Warp Software,Softsync,eu,,,,1983-01-01 00:00:00,Dancing Feats (USA  Europe).zip
111109,Commodore 64,Choplifter!,Shoot'em Up / Horizontal,Dan Gorlin,Brøderbund Software,eu,,,,1982-01-01 00:00:00,Choplifter! (USA  Europe).zip
113330,Commodore 64,Juke Box,Música e dança,Joyce Hakansson Associates,Spinnaker Software,eu,,,,1984-01-01 00:00:00,Jukebox (USA  Europe).zip
36380,Commodore 64,Space Shuttle : A Journey into Space,Simulação / Veículos,James Software,Activision,eu,,,,1984-01-01 00:00:00,Space Shuttle - A Journey into Space (USA  Europe).zip
111998,Commodore 64,Falconian Invaders,Tiro,Gregory Pratt,Turbo Software,eu,,,,1983-01-01 00:00:00,Falconian Invaders (USA  Europe).zip
112226,Commodore 64,Frogger II : Threeedeep!,Plataforma,Parker Brothers,Parker Brothers,eu,,,,1984-01-01 00:00:00,Frogger II - Threeedeep! (USA  Europe).zip
36300,Commodore 64,Popeye,Plataforma,Parker Brothers,Parker Brothers,eu,,,,1983-01-01 00:00:00,Popeye (USA  Europe).zip
110544,Commodore 64,Big Bird's Special Delivery,Educacional,Children's Television Workshop,CBS Software,eu,,,,1984-01-01 00:00:00,Big Bird's Special Delivery (USA  Europe).zip
36034,Commodore 64,After the War,Briga de rua,Dinamic Software,Dinamic Software,eu,,,,1989-01-01 00:00:00,After the War (USA  Europe).zip
115598,Commodore 64,Super Zaxxon,Shoot'em Up / Horizontal,SEGA,SEGA,eu,,,,1984-01-01 00:00:00,Super Zaxxon (USA  Europe).zip
111675,Commodore 64,Dot Gobbler,Ação / Labirinto,Don Tinsley,OEM,eu,,,,1983-01-01 00:00:00,Dot Gobbler (USA  Europe) (Alt 1).zip
35922,Commodore 64,Lode Runner,Plataforma / Corre e Pula,Brøderbund Software,Brøderbund Software,eu,,,,1983-01-01 00:00:00,Lode Runner (USA  Europe).zip
110619,Commodore 64,Sammy Lightfoot,Plataforma,Sierra On-Line,Sierra On-Line,eu,,,,1983-01-01 00:00:00,Sammy Lightfoot (USA  Europe).zip
116159,Commodore 64,Pinball Spectacular,Pinball,HAL Laboratory,Commodore Electronics,wr,,,,1983-01-01 00:00:00,Pinball Spectacular (World) (MAX).zip
110910,Commodore 64,Solar Fox,Tiro / Avião,Midway,Commodore Electronics,eu,,,,1983-01-01 00:00:00,Solar Fox (USA  Europe).zip
36468,Commodore 64,River Raid,Shoot'em Up / Vertical,Activision,Activision,eu,,,,1984-01-01 00:00:00,River Raid (USA  Europe).zip
114680,Commodore 64,Kickman,Ação / Aventura,Midway,Commodore Electronics,wr,,,,1982-01-01 00:00:00,Kickman (World) (v03) (MAX).zip
110760,Commodore 64,Sesame Street Letter-Go-Round,Educacional,Midway,Children's Computer Workshop,eu,,,,1984-01-01 00:00:00,Sesame Street - Letter-Go-Round (USA  Europe).zip
109524,Commodore 64,Adventure Creator,Aventura,Dale Disharoon,Spinnaker Software,eu,,,,1984-01-01 00:00:00,Adventure Creator (USA  Europe).zip
109684,Commodore 64,Howzat,Aventura,Dale Disharoon,Armchair Entertainment,eu,,,,1984-01-01 00:00:00,Arnie Armchair's Howzat Cricket Game (USA  Europe).zip
114646,Commodore 64,Ranch,Educacional,Dale Disharoon,Spinnaker Software,eu,,,,1984-01-01 00:00:00,Ranch (USA  Europe).zip
115378,Commodore 64,Mr. TNT,Ação / Labirinto,Dale Disharoon,Hesware,eu,,,,1984-01-01 00:00:00,Mr. TNT (USA  Europe).zip
111747,Commodore 64,Ducks Ahoy!,Ação / Labirinto,Dale Disharoon,CBS Software,eu,,,,1984-01-01 00:00:00,Ducks Ahoy! (USA  Europe).zip
110739,Commodore 64,Sea Speller,Ação / Labirinto,Dale Disharoon,CBS Software,eu,,,,1984-01-01 00:00:00,Sea Speller (USA  Europe).zip
36493,Commodore 64,Decathlon,Esporte / Poliesportivo,Activision,Activision,eu,,,,1983-01-01 00:00:00,Activision Decathlon  The (USA  Europe).zip
36058,Commodore 64,Congo Bongo,Plataforma,SEGA,SEGA,eu,,,,1983-01-01 00:00:00,Congo Bongo (USA  Europe).zip
108850,Commodore 64,Zenji,Ação,Adam Bellin,Activision,eu,,,,1984-01-01 00:00:00,Zenji (USA  Europe).zip
110471,Commodore 64,Alphabet Zoo,Educacional,Adam Bellin,Activision,eu,,,,1984-01-01 00:00:00,Alphabet Zoo (USA  Europe).zip
114384,Commodore 64,Spitball,Educacional,Adam Bellin,Creative Software,eu,,,,1983-01-01 00:00:00,Spitball (USA  Europe).zip
116292,Commodore 64,Fun Play,Compilação,Adam Bellin,Creative Software,eu,,,,1990-01-01 00:00:00,Professional Skateboard Simulator + Fast Food + Pro Tennis Simulator (USA  Europe) (Fun Play).zip
112238,Commodore 64,Q*bert,Quebra-cabeças,D. Gottlieb & Co.,Parker Brothers,eu,,,,1983-01-01 00:00:00,Q-bert (USA  Europe).zip
110469,Commodore 64,Alpha Build,Educacional,Mac Senour,Fisher-Price,eu,,,,1983-01-01 00:00:00,Alpha Build (USA  Europe).zip
110279,Commodore 64,Toy Bizarre,Plataforma,Mark Turmell,Activision,eu,,,,1984-01-01 00:00:00,Toy Bizarre (USA  Europe).zip
35950,Commodore 64,Ghostbusters,Plataforma,Activision,Activision,eu,,,,1984-11-01 00:00:00,Ghostbusters (USA  Europe).zip
110170,Commodore 64,Up 'n Down,Jogo casual,Activision,SEGA,eu,,,,1984-01-01 00:00:00,Up'n Down (USA  Europe).zip
113414,Commodore 64,Space Action,Shoot'em Up,Arne Fernlund,Handic Software,eu,,,,1983-01-01 00:00:00,Space Action (USA  Europe).zip
111675,Commodore 64,Dot Gobbler,Ação / Labirinto,Don Tinsley,OEM,eu,,,,1983-01-01 00:00:00,Dot Gobbler (USA  Europe).zip
112198,Commodore 64,Fraction Fever,Ação / Labirinto,Don Tinsley,Tom Snyder Productions,eu,,,,1983-01-01 00:00:00,Fraction Fever (USA  Europe).zip
114285,Commodore 64,Logic Levels,Educacional,Frieda Lekkerkerker,Fisher-Price,eu,,,,1984-01-01 00:00:00,Logic Levels (USA  Europe).zip
35880,Commodore 64,Wonder Boy,Plataforma,Escape,Activision,eu,,,,1987-01-01 00:00:00,Wonder Boy (USA  Europe).zip
110758,Commodore 64,Serpentine,Ação / Labirinto,Brøderbund Software,Brøderbund Software,eu,,,,1983-01-01 00:00:00,Serpentine (USA  Europe).zip
110309,Commodore 64,Turbo Maze Man,Ação / Labirinto,Gregory Pratt,Turbo Software,eu,,,,1983-01-01 00:00:00,Turbo Maze Man (USA  Europe).zip
111446,Commodore 64,Dance Fantasy,Música e dança,WCI Labs,Fisher-Price,eu,,,,1984-01-01 00:00:00,Dance Fantasy (USA  Europe).zip
113275,Commodore 64,Jaw Breaker,Música e dança,WCI Labs,Sierra On-Line,eu,,,,1983-01-01 00:00:00,Jawbreaker (USA  Europe).zip
423302,Commodore 64,Avenger,Tiro / Estilo Space Invader,Commodore,Commodore Electronics,eu,,,,1983-01-01 00:00:00,Avenger (USA  Europe) (v03) (MAX).zip
114189,Commodore 64,Lazarian,Tiro,Commodore,Commodore Electronics,eu,,,,1983-01-01 00:00:00,Lazarian (USA  Europe).zip
110016,Commodore 64,Blue Print,Tiro,Commodore,Commodore Electronics,eu,,,,1983-01-01 00:00:00,Blueprint (USA  Europe).zip
112423,Commodore 64,Cyberball,Esporte / Futebol americano,Quixel,Domark,eu,,,,1990-01-01 00:00:00,Cyberball (USA  Europe).zip
110207,Commodore 64,Ten Pins,Esporte / Boliche,Tony Brantner,Ahoy!,eu,,,,1986-01-01 00:00:00,Tenpins (USA  Europe).zip
114712,Commodore 64,Retro Ball,Esporte / Futebol de botão,Tony Brantner,Hesware,eu,,,,1982-01-01 00:00:00,Retro Ball (USA  Europe).zip
114919,Commodore 64,Space Ric-o-shay,Esporte / Futebol de botão,Tony Brantner,M. Computer,eu,,,,1983-01-01 00:00:00,Space Ric-O-Shay (USA  Europe).zip
115712,Commodore 64,Nova Blast,Shoot'em Up / Horizontal,Imagic,Imagic,eu,,,,1984-01-01 00:00:00,Nova Blast (USA  Europe).zip
35998,Commodore 64,Galaxian,Tiro / Estilo Space Invader,Namco,Atarisoft,eu,,,,1984-01-01 00:00:00,Galaxian (USA  Europe).zip
36692,Commodore 64,Park Patrol,Simulação,Activision,Activision,eu,,,,1984-01-01 00:00:00,Park Patrol (USA  Europe).zip
110196,Commodore 64,Tank Wars,Shoot'em Up / Horizontal,Machine Language Games,OEM,eu,,,,1983-01-01 00:00:00,Tank Wars (USA  Europe).zip
112700,Commodore 64,Gridrunner,Shoot'em Up / Horizontal,Machine Language Games,Llamasoft,eu,,,,1983-01-01 00:00:00,Gridrunner (USA  Europe).zip
113358,Commodore 64,Song Maker,Shoot'em Up / Horizontal,Machine Language Games,Llamasoft,eu,,,,1983-01-01 00:00:00,Song Maker (USA  Europe).zip
112280,Commodore 64,Tennis,Esporte / Tênis,D&L Research,Imagic,eu,,,,1984-01-01 00:00:00,Speed Math & Bingo Math (USA  Europe) (v01) (MAX).zip
115139,Commodore 64,Memory Manor,Educacional,Frieda Lekkerkerker,Fisher-Price,eu,,,,1984-01-01 00:00:00,Memory Manor (USA  Europe).zip
36162,Commodore 64,Centipede,Tiro / Estilo Space Invader,Atari,Atari,eu,,,,1983-01-01 00:00:00,Centipede (USA  Europe).zip
36001,Commodore 64,Zaxxon,Shoot'em Up / Diagonal,SEGA,SEGA,eu,,,,1984-01-01 00:00:00,Zaxxon (USA  Europe).zip
109812,Commodore 64,Wizard's of ID,Educacional,Sydney Development,Sierra On-Line,eu,,,,1983-01-01 00:00:00,Wizard of Id's Wiztype  The (USA  Europe).zip
36113,Commodore 64,H.E.R.O.,Plataforma,Activision,Activision,eu,,,,1984-04-01 00:00:00,H.E.R.O. - Helicopter Emergency Rescue Operation (USA  Europe).zip
115724,Commodore 64,Number Nabber Shape Grabber,Educacional,Activision,Activision,eu,,,,1982-01-01 00:00:00,Number Nabber  Shape Grabber (USA  Europe).zip
116692,Commodore 64,Tooth Invaders,Ação,Activision,Commodore Electronics,eu,,,,1982-01-01 00:00:00,Tooth Invaders (USA  Europe).zip
114541,Commodore 64,Math Mileage,Corrida / Pilotagem,K-Byte,CBS Software,eu,,,,1984-03-01 00:00:00,Math Mileage (USA  Europe).zip
110164,Commodore 64,Up & Add 'em,Educacional,ChildWare,Fisher-Price,eu,,,,1984-01-01 00:00:00,Up & Add'Em (USA  Europe).zip
35853,Commodore 64,Pac-Man,Ação / Labirinto,Atarisoft,Atarisoft,eu,,,,1983-01-01 00:00:00,Pac-Man (USA  Europe).zip
114163,Commodore 64,Laser Cycles,Ação / Labirinto,Atarisoft,Turbo Software,eu,,,,1984-01-01 00:00:00,Laser Cycles (USA  Europe).zip
112645,Commodore 64,Gorf,Tiro / Vista do topo,Dave Nutting Associates,Commodore Electronics,eu,,,,1983-01-01 00:00:00,Gorf (USA  Europe).zip
110740,Commodore 64,Seafox,Tiro / Vista do topo,Dave Nutting Associates,Brøderbund Software,eu,,,,1982-01-01 00:00:00,Seafox (USA  Europe).zip
110999,Commodore 64,Castle Hassle,Ação / Aventura,Dave Nutting Associates,Roklan,eu,,,,1983-01-01 00:00:00,Castle Hassle (USA  Europe).zip
36463,Commodore 64,Moon Patrol,Ação,Irem,Atari,eu,,,,1983-01-01 00:00:00,Moon Patrol (USA  Europe).zip
110741,Commodore 64,Seahorses,Educacional,Irem,Joyce Hakansson Associates,eu,,,,1984-01-01 00:00:00,Seahorse Hide'n Seek (USA  Europe).zip
116430,Commodore 64,Omega Race,Shoot'em Up,Commodore Business Machines,Commodore Electronics,eu,,,,1983-01-01 00:00:00,Omega Race (USA  Europe).zip
35939,Commodore 64,Narco Police,Estratégia,Iron Byte,Dinamic Software,eu,,,,1991-01-01 00:00:00,Narco Police (USA  Europe).zip
114499,Commodore 64,Mario's Brewery,Plataforma / Corre e Pula,Jeremy Thorne,OEM,eu,,,,1983-01-01 00:00:00,Mario's Brewery (USA  Europe).zip
111152,Commodore 64,Coco-Notes,Música e dança / Rítmico,The Dovetail Group,CBS Software,eu,,,,1984-01-01 00:00:00,Coco-Notes featuring... the Jazz Scats! (USA  Europe).zip
109432,Commodore 64,Zone Ranger,Ação,Dan Tompson,Activision,eu,,,,1984-01-01 00:00:00,Zone Ranger (USA  Europe).zip
35891,Commodore 64,Spy Hunter,Corrida / Pilotagem,Syndein Systems,SEGA,eu,,,,1983-01-01 00:00:00,Spy Hunter (USA  Europe).zip
114074,Commodore 64,Kids On Keys,Educacional,Frieda Lekkerkerker,Spinnaker Software,eu,,,,1983-01-01 00:00:00,Kids on Keys (USA  Europe).zip
114528,Commodore 64,MasterType,Educacional,Lightning Software,Scarborough Systems,eu,,,,1983-01-01 00:00:00,MasterType (USA  Europe).zip
115582,Commodore 64,Super Smash,Ação / Jogos de Breakout,Lightning Software,Commodore Electronics,eu,,,,1983-01-01 00:00:00,Super Smash (USA  Europe).zip
113131,Commodore 64,Stix,Ação / Jogos de Breakout,Lightning Software,Supersoft,eu,,,,1983-01-01 00:00:00,Stix (USA  Europe).zip
116251,Commodore 64,The Pit,Ação / Jogos de Breakout,Lightning Software,Hesware,eu,,,,1983-01-01 00:00:00,Pit  The (USA  Europe).zip
109769,Commodore 64,Webster - The Word Game,Educacional,Heuristic Software,CBS Software,eu,,,,1983-01-01 00:00:00,Webster - The Word Game (USA  Europe).zip
116172,Commodore 64,Pitfall 2 - Lost Caverns,Plataforma / Corre e Pula com rolagem,Activision,Activision,eu,,,,1984-01-01 00:00:00,Pitfall II - Lost Caverns (USA  Europe).zip
114089,Commodore 64,Kindercomp,Educacional,Frieda Lekkerkerker,Spinnaker Software,eu,,,,1983-01-01 00:00:00,Kindercomp (USA  Europe).zip
116067,Commodore 64,Pastfinder,Educacional,Frieda Lekkerkerker,Activision,eu,,,,1984-01-01 00:00:00,Pastfinder (USA  Europe).zip
114177,Commodore 64,Last Ninja Remix,Aventura,System 3 Software,System 3 Software,eu,,,,1990-01-01 00:00:00,Ninja Remix (USA  Europe).zip
36111,Commodore 64,Gyruss,Shoot'em Up,Parker Brothers,Konami,eu,,,,1984-01-01 00:00:00,Gyruss (USA  Europe).zip
36169,Commodore 64,Pitstop,Corrida / Pilotagem,Parker Brothers,Konami,eu,,,,1983-01-01 00:00:00,Pitstop (USA  Europe).zip
115041,Commodore 64,Star Ranger,Tiro / Horizontal,Parker Brothers,Commodore Electronics,eu,,,,1983-01-01 00:00:00,Star Ranger (USA  Europe).zip
115358,Commodore 64,Movie Musical Madness,Música e dança / Rítmico,The Dovetail Group,CBS Software,eu,,,,1984-01-01 00:00:00,Movie Musical Madness Starring the Jazz Scats (USA  Europe).zip
111937,Commodore 64,Ernie's Magic Shapes,Educacional,CTW Software Group,CBS Software,eu,,,,1984-01-01 00:00:00,Ernie's Magic Shapes (USA  Europe).zip
116273,Commodore 64,Princess and the Frog,Ação,CTW Software Group,Romox,eu,,,,1983-01-01 00:00:00,Princess and the Frog (USA  Europe).zip
115039,Commodore 64,Star Post,Tiro,Commodore,Commodore Electronics,eu,,,,1983-01-01 00:00:00,Star Post (USA  Europe).zip
111125,Commodore 64,Close Encounters,Tiro / Vertical,Commodore,Mr. Computer,eu,,,,1983-01-01 00:00:00,Close Encounters of the Worst Kind (USA  Europe).zip
35843,Commodore 64,Donkey Kong,Plataforma / Corre e Pula,Atarisoft,Atarisoft,eu,,,,1983-01-01 00:00:00,Donkey Kong (USA  Europe).zip
114208,Commodore 64,Learning with Leeper,Educacional,Atarisoft,Sierra On-Line,eu,,,,1983-01-01 00:00:00,Learning with Leeper (USA  Europe).zip
36217,Commodore 64,Crystal Castles,Ação / Labirinto,Atari,U.S. Gold,eu,,,,1985-01-01 00:00:00,Crystal Castles (USA  Europe) (Proto).zip
114856,Commodore 64,Rootin' Tootin',Ação / Labirinto,Bryce C. Nesbitt,Hesware,eu,,,,1983-01-01 00:00:00,Rootin' Tootin' (USA  Europe).zip
142011,Commodore 64,TSI Maze Man,Ação / Labirinto,Gregory Pratt,Turbo Software,eu,,,,1983-01-01 00:00:00,Maze Man (USA  Europe).zip
36462,Commodore 64,Miner 2049er,Plataforma,Big Five Software,Reston Software,eu,,,,1983-01-01 00:00:00,Miner 2049er Starring Bounty Bob (USA  Europe).zip
36522,Commodore 64,Defender,Shoot'em Up / Horizontal,Williams Electronics,Atarisoft,eu,,,,1983-01-01 00:00:00,Defender (USA  Europe).zip
111594,Commodore 64,Diamond Mine,Ação / Labirinto,IDSI,Roklan,eu,,,,1983-01-01 00:00:00,Diamond Mine (USA  Europe).zip
109912,Commodore 64,Beamrider,Shoot'em Up / Horizontal,Cheshire Engineering,Cheshire Engineering,eu,,,,1984-01-01 00:00:00,Beamrider (USA  Europe).zip
115342,Commodore 64,Motor Mania,Corrida / Pilotagem / Corrida,United Microware Industries,United Microware,eu,,,,1982-01-01 00:00:00,Motor Mania (USA  Europe).zip
115054,Commodore 64,Star Wars - The Arcade Game,Tiro / Tiro em 1ª pessoa,United Microware Industries,Parker Brothers,eu,,,,1982-01-01 00:00:00,Star Wars - The Arcade Game (USA  Europe).zip
110327,Commodore 64,Tyler's Dungeons,Tiro / Tiro em 1ª pessoa,United Microware Industries,Creative Equipment,eu,,,,1984-01-01 00:00:00,Tyler's Dungeons (USA  Europe).zip
113266,Commodore 64,James Bond,Shoot'em Up / Horizontal,Parker Brothers,Parker Brothers,eu,,,,1984-01-01 00:00:00,James Bond 007 (USA  Europe).zip
115449,Commodore 64,Story Machine,Educacional,Parker Brothers,Parker Brothers,eu,,,,1984-01-01 00:00:00,Story Machine (USA  Europe).zip
110253,Commodore 64,Timebound,Educacional,Children's Computer Workshop,CBS Software,eu,,,,1984-01-01 00:00:00,Timebound (USA  Europe).zip
36171,Commodore 64,Pole Position,Corrida / Pilotagem,U.S. Gold,Namco,eu,,,,1984-01-01 00:00:00,Pole Position (USA  Europe).zip
115316,Commodore 64,Moon Dust,Corrida / Pilotagem,U.S. Gold,Creative Software,eu,,,,1983-01-01 00:00:00,Moondust (USA  Europe).zip
36110,Commodore 64,Dig Dug,Ação / Labirinto,Namco,Atari,eu,,,,1983-01-01 00:00:00,Dig Dug (USA  Europe).zip
111411,Commodore 64,Pitfall!,Plataforma / Corre e Pula com rolagem,Activision,Activision,eu,,,,1984-01-01 00:00:00,Pitfall! (USA  Europe).zip
112516,Commodore 64,Galaxions & Munch Man,Plataforma / Corre e Pula com rolagem,Activision,Solar Software,eu,,,,1983-01-01 00:00:00,Galaxions + Munchman (USA  Europe).zip
415594,Commodore 64,Double Dragon,Briga de rua,Imagitec Design,Ocean,eu,,,,1991-01-01 00:00:00,Double Dragon (USA  Europe) (Ocean).zip
109715,Commodore 64,Astroblitz,Shoot'em Up / Horizontal,Imagitec Design,Creative Software,eu,,,,1983-01-01 00:00:00,Astroblitz (USA  Europe).zip
110396,Commodore 64,Bubble Burst,Shoot'em Up / Horizontal,Imagitec Design,Spinnaker Software,eu,,,,1984-01-01 00:00:00,Bubble Burst (USA  Europe).zip
112701,Commodore 64,Attack of the Mutant Camels,Tiro / Horizontal,Hesware,Hesware,us,,,,1983-01-01 00:00:00,Attack of the Mutant Camels (USA).zip
111348,Commodore 64,Crisis Mountain,Plataforma / Corre e Pula,David H. Schroeder,Creative Software,eu,,,,1983-01-01 00:00:00,Crisis Mountain (USA  Europe).zip
113259,Commodore 64,Jack Attack,Ação,Kevin Kieller  John Traynor,Commodore Electronics,eu,,,,1983-01-01 00:00:00,Jack Attack (USA  Europe).zip
112895,Commodore 64,Hop Along Counting,Educacional,Ravi Romano,Fisher-Price,eu,,,,1984-01-01 00:00:00,Hop Along Counting (USA  Europe).zip
112545,Commodore 64,Gateway to Apshai,Jogos de RPG,The Connelley Group,Epyx,eu,,,,1983-01-01 00:00:00,Gateway to Apshai (USA  Europe).zip
114194,Commodore 64,Lazer Zone,Tiro / Vista do topo,The Connelley Group,Hesware,eu,,,,1983-01-01 00:00:00,Lazer Zone (USA  Europe).zip
35826,Commodore 64,Double Dragon,Briga de rua,Binary Design,Melbourne House,eu,,,,1988-01-01 00:00:00,Double Dragon (USA  Europe) (HES).zip
113351,Commodore 64,Jupiter Lander,Ação / Labirinto,HAL Laboratory,Commodore Electronics,wr,,,,1982-01-01 00:00:00,Jupiter Lander (World) (v02) (MAX).zip
110409,Commodore 64,Bug Crusher,Ação / Labirinto,HAL Laboratory,Peter Nissley,eu,,,,1983-01-01 00:00:00,Bug Crusher (USA  Europe).zip
114590,Commodore 64,Rack 'em Up,Esporte / Sinuca,HAL Laboratory,Roklan,eu,,,,1983-01-01 00:00:00,Rack 'em Up! (USA  Europe).zip
110383,Commodore 64,Bridge 64,Jogo de cartas,HAL Laboratory,Handic Software,eu,,,,1983-01-01 00:00:00,Bridge 64 (USA  Europe).zip
113329,Commodore 64,Juice!,Plataforma / Corre e Pula,Arti Haroutunian,Tronix,eu,,,,1983-01-01 00:00:00,Juice! (USA  Europe).zip
36200,Commodore 64,Kung-Fu Master,Briga de rua,Berkeley Softworks,Irem,eu,,,,1986-01-01 00:00:00,Kung-Fu Master (USA  Europe).zip
110226,Commodore 64,Threshold,Shoot'em Up / Vertical,On-Line Systems,Sierra On-Line,eu,,,,1983-01-01 00:00:00,Threshold (USA  Europe).zip
36774,Commodore 64,International Football,Esporte / Futebol,D&H Games,D&H Games,eu,,,,1989-01-01 00:00:00,International Football (USA  Europe).zip
109573,Commodore 64,Alien Sidestep,Esporte / Futebol,D&H Games,O.E.M.,eu,,,,1983-01-01 00:00:00,Alien Sidestep (USA  Europe).zip
109798,Commodore 64,Wizard of Wor,Ação / Labirinto,Dave Nutting Associates,Commodore Electronics,eu,,,,1983-01-01 00:00:00,Wizard of Wor (USA  Europe).zip
109536,Commodore 64,Alf in the Color Caves,Ação / Labirinto,Dave Nutting Associates,Spinnaker Software,eu,,,,1984-01-01 00:00:00,Alf in the Color Caves (USA  Europe).zip
110127,Commodore 64,Adventure Series - Viking Raider,Estratégia,Dave Nutting Associates,Interphase Technologies,eu,,,,1984-01-01 00:00:00,Viking Raider (USA  Europe).zip
110173,Commodore 64,Up for Grabs,Quebra-cabeças,Dave Nutting Associates,Spinnaker Software,eu,,,,1983-01-01 00:00:00,Up for Grabs (USA  Europe).zip
111269,Commodore 64,Cosmic Life,Simulação / Vida,Ken Madell,Spinnaker Software,eu,,,,1983-01-01 00:00:00,Cosmic Life (USA  Europe).zip
113340,Commodore 64,Jungle Hunt,Plataforma / Corre e Pula com rolagem,Taito,Atarisoft,eu,,,,1984-05-01 00:00:00,Jungle Hunt (USA  Europe).zip
110635,Commodore 64,Save New York,Tiro / Avião,Creative Software,Creative Software,eu,,,,1983-01-01 00:00:00,Save New York (USA  Europe).zip
109905,Commodore 64,BC's Quest for Tires,Plataforma,Sydney Development,Software Projects,eu,,,,1984-01-01 00:00:00,BC's Quest for Tires (USA  Europe).zip
109905,Commodore 64,fix_it_felix_64,Plataforma,Sydney Development,Software Projects,eu,,,,1984-01-01 00:00:00,fix_it_felix_64.d64
,cannonball,Cannonball,Racing,Chris White,Chris White,,,,,,Cannonball.cannonball
46536,Channel F,Videocart-20: Schach,Jogo de tabuleiro,SABA,SABA,eu,,,,,Schach (Germany).zip
46502,Channel F,Videocart-10: Maze -Jailbreak - Blind Man's Bluff - Trailblazer,Ação / Labirinto,Fairlight,Fairlight,us,,,,1977-01-01 00:00:00,Maze  Jailbreak  Blind-man's-bluff  Trailblazer (USA) (Alt 1).zip
46523,Channel F,Videocart-5: Space War,Ação,Fairlight,Fairlight,us,,,,1977-01-01 00:00:00,Space War (USA).zip
46507,Channel F,Videocart-15: Memory Match,Quebra-cabeças,Fairlight,Fairlight,us,,,,1978-01-01 00:00:00,Memory Match 1 & 2 (USA).zip
46509,Channel F,Videocart-17: Pinball Challenge,Ação / Jogos de Breakout,Fairlight,Fairlight,us,,,,1978-01-01 00:00:00,Pinball Challenge (USA) (Alt 1).zip
46524,Channel F,Videocart-6: Math Quiz I,Educacional,Fairlight,Fairlight,us,,,,1977-01-01 00:00:00,Math Quiz I - Addition + Subtraction (USA).zip
46520,Channel F,Videocart-2: Desert Fox  Shooting Gallery,Ação,Fairlight,Fairlight,us,,,,1976-01-01 00:00:00,Desert Fox  Shooting Gallery (USA).zip
46504,Channel F,Videocart-12: Baseball,Esporte / Baseball,Fairlight,Fairlight,us,,,,1977-01-01 00:00:00,Baseball (USA).zip
46510,Channel F,Videocart-16: Rat'mal,Quebra-cabeças,Fairlight,Fairlight,eu,,,,1978-01-01 00:00:00,Rat' Mal (Germany).zip
46511,Channel F,Videocart-19: Checkers,Estratégia,Fairlight,Zircon Software,us,,,,1980-01-01 00:00:00,Checkers (USA).zip
46516,Channel F,Videocart-23: Galactic Space Wars  Lunar Lander,Ação,Fairlight,Zircon Software,us,,,,1980-01-01 00:00:00,Galactic Space Wars  Lunar Lander (USA).zip
46512,Channel F,Videocart-1: Mühle  Tontauben-Schießen  Kreatives Malspiel  Videoscope,Ação,Fairlight,Fairlight,eu,,,,1976-01-01 00:00:00,Muehle  Tontauben-Schiessen  Kreatives Malspiel  Videoscope (Germany).zip
46509,Channel F,Videocart-17: Pinball Challenge,Ação / Jogos de Breakout,Fairlight,Fairlight,us,,,,1978-01-01 00:00:00,Pinball Challenge (USA).zip
46527,Channel F,Videocart-9: Drag Strip,Corrida / Pilotagem,Fairlight,Fairlight,us,,,,1977-01-01 00:00:00,Drag Race (USA).zip
46510,Channel F,Videocart-18: Hangman,Quebra-cabeças,Fairlight,Fairlight,eu,,,,1978-01-01 00:00:00,Ordtaevling (Sweden).zip
46522,Channel F,Videocart-4: Spitfire,Tiro / Avião em 3ª pessoa,Fairlight,Fairlight,us,,,,1977-01-01 00:00:00,Spitfire (USA).zip
46519,Channel F,Videocart-26: Alien Invasion,Shoot'em Up / Vertical,Fairlight,Zircon Software,us,,,,1981-01-01 00:00:00,Alien Invasion (USA).zip
46505,Channel F,Videocart-13: Robot War  Torpedo Alley,Shoot'em Up / Vertical,Fairlight,Fairlight,us,,,,1977-01-01 00:00:00,Robot War  Torpedo Alley (USA).zip
46525,Channel F,Videocart-7: Math Quiz II,Educacional,Fairlight,Fairlight,us,,,,1977-01-01 00:00:00,Math Quiz II - Multiplication + Division (USA).zip
46531,Channel F,Demonstration Cartridge,Demo,Fairlight,Fairlight,us,,,,1977-01-01 00:00:00,Demonstration Cartridge (USA).zip
46526,Channel F,Videocart-8: Magic Numbers,Quebra-cabeças,Fairlight,Fairlight,us,,,,1977-01-01 00:00:00,Magic Numbers - Mind Reader + Nim (USA).zip
46510,Channel F,Videocart-18: Hangman,Quebra-cabeças,Fairlight,Fairlight,us,,,,1978-01-01 00:00:00,Hangman (USA).zip
46508,Channel F,Videocart-16: Dodge-It,Ação,Fairlight,Fairlight,us,,,,1978-01-01 00:00:00,Dodge It (USA).zip
46521,Channel F,Videocart-3: Video Blackjack,Cassino / Cartas,Fairlight,Fairlight,us,,,,1976-01-01 00:00:00,Video Blackjack (USA).zip
46513,Channel F,Videocart-20: Video Whizball,Shoot'em Up / Horizontal,Fairlight,Fairlight,us,,,,1978-01-01 00:00:00,Video Whizball (USA).zip
46512,Channel F,Videocart-1: Tic-Tac-Toe  Shooting Gallery  Doodle,Ação,Fairlight,Fairlight,us,,,,1976-01-01 00:00:00,Tic-Tac-Toe  Shooting Gallery  Doodle  Quadra-Doodle (USA).zip
46506,Channel F,Videocart-14: Sonar Search,Estratégia,Fairlight,Fairlight,us,,,,1977-01-01 00:00:00,Sonar Search (USA).zip
46518,Channel F,Videocart-25: Casino Poker,Cassino / Cartas,Fairlight,Zircon Software,us,,,,1981-01-01 00:00:00,Casino Poker (USA).zip
46532,Channel F,Demonstration Cartridge 2,Demo,Fairlight,Fairlight,us,,,,1977-01-01 00:00:00,Demonstration Cartridge 2 (USA).zip
46515,Channel F,Videocart-22: Slot Machine,Cassino / Caça-níqueis,Fairlight,Zircon Software,us,,,,1980-01-01 00:00:00,Slot Machine (USA).zip
46517,Channel F,Videocart-24: Pro Football,Esporte / Futebol americano,Fairlight,Zircon Software,us,,,,1980-01-01 00:00:00,Pro Football (USA).zip
46503,Channel F,Videocart-11: Backgammon  Acey-Deucey,Estratégia,Fairlight,Fairlight,us,,,,1977-01-01 00:00:00,Backgammon  Acey-Deucey (USA).zip
46514,Channel F,Videocart-21: Bowling,Esporte / Boliche,Fairlight,Fairlight,us,,,,1978-01-01 00:00:00,Bowling (USA).zip
46502,Channel F,Videocart-10: Maze -Jailbreak - Blind Man's Bluff - Trailblazer,Ação / Labirinto,Fairlight,Fairlight,us,1,,2023-02-07 19:32:14,1977-01-01 00:00:00,Maze  Jailbreak  Blind-man's-bluff  Trailblazer (USA).zip
38129,Colecovision,Pepper II,Ação,Exidy  Inc.,Coleco Industries  Inc.,,,,,1983-01-01 00:00:00,Pepper II.zip
38148,Colecovision,Smurf Rescue in Gargamel's Castle,Ação,Coleco Industries  Inc.,Coleco Industries  Inc.,,,,,1982-01-01 00:00:00,Smurf Rescue.zip
38109,Colecovision,Jumpman Junior,Ação,Epyx,Epyx,,,,,1984-01-01 00:00:00,Jumpman Junior.zip
38168,Colecovision,Venture,Ação,Exidy  Inc.,Coleco Industries  Inc.,,,,,1982-01-01 00:00:00,Venture.zip
38162,Colecovision,Time Pilot,Ação,Konami,Coleco Industries  Inc.,,,,,1983-01-01 00:00:00,Time Pilot.zip
38095,Colecovision,Evolution,Ação,Sydney Development Corp.,Sydney Development Corp.,,,,,1983-01-01 00:00:00,Evolution.zip
38064,Colecovision,Antarctic Adventure,Ação,Konami,Coleco Industries  Inc.,,2,12,2022-11-20 19:19:58,1984-01-01 00:00:00,Antarctic Adventure.zip
38174,Colecovision,Zaxxon,Ação,SEGA,Coleco Industries  Inc.,,2,12,2022-11-20 19:19:58,1982-01-01 00:00:00,Zaxxon.zip
38110,Colecovision,Jungle Hunt,Ação,Taito,Atari,,2,12,2022-11-20 19:19:58,1983-01-01 00:00:00,Jungle Hunt.zip
38133,Colecovision,Popeye,Ação,Nintendo,Parker Brothers,,2,12,2022-11-20 19:19:58,1983-01-01 00:00:00,Popeye.zip
38090,Colecovision,Donkey Kong Junior,Ação,Nintendo,Coleco Industries  Inc.,,2,12,2022-11-20 19:19:58,1983-01-01 00:00:00,Donkey Kong Jr.zip
38091,Colecovision,DragonFire,Ação,Imagic,Imagic,,2,12,2022-11-20 19:19:58,1984-01-01 00:00:00,DragonFire.zip
38152,Colecovision,Spy Hunter,Corrida / Pilotagem,Bally Midway,Coleco Industries  Inc.,,2,12,2022-11-20 19:19:58,1984-01-01 00:00:00,Spy Hunter.zip
38089,Colecovision,Donkey Kong,Ação,Nintendo,Coleco Industries  Inc.,,2,12,2022-11-20 19:19:58,1982-01-01 00:00:00,Donkey Kong.zip
38071,Colecovision,Blockade Runner,Ação,Interphase Technologies Inc.,Interphase Technologies Inc.,,2,12,2022-11-20 19:19:58,1984-01-01 00:00:00,Blockade Runner.zip
108718,Colecovision,Squish'em Featuring Sam,Ação,Sirius Publishing  Inc.,Sirius Publishing  Inc.,,2,12,2022-11-20 19:19:58,1984-01-01 00:00:00,Squish 'Em Sam!.zip
108722,Colecovision,The Yolks on You,Ação,20th Century Fox,20th Century Fox,,2,12,2022-11-20 19:19:58,1983-01-01 00:00:00,Yolk's on You.zip
38082,Colecovision,Congo Bongo,Ação,SEGA,Coleco Industries  Inc.,,2,12,2022-11-20 19:19:58,1984-01-01 00:00:00,Congo Bongo.zip
38123,Colecovision,Mr. Do!,Ação,Universal,Coleco Industries  Inc.,,2,12,2022-11-20 19:19:58,1983-01-01 00:00:00,Mr Do!.zip
38160,Colecovision,Telly Turtle,Variados,Carousel Software,Coleco Industries  Inc.,,2,12,2022-11-20 19:19:58,1984-01-01 00:00:00,Telly Turtle.zip
38155,Colecovision,Steamroller,Estratégia,Cheshire Engineering,Retrotopia,,2,12,2022-11-20 19:19:58,2000-01-01 00:00:00,Steamroller.zip
38171,Colecovision,Wing War,Ação,Imagic,Imagic,,2,12,2022-11-20 19:19:58,1983-01-01 00:00:00,Wing War.zip
38124,Colecovision,Mr. Do!'s Castle,Ação,Universal,Parker Brothers,,2,12,2022-11-20 19:19:58,1984-01-01 00:00:00,Mr Do's Castle.zip
38065,Colecovision,Aquattack,Ação,Interphase Technologies Inc.,Interphase Technologies Inc.,,2,12,2022-11-20 19:19:58,1984-01-01 00:00:00,Aquattack.zip
44404,Colecovision,Fall Guy,Plataforma,20th Century Fox,Coleco Industries  Inc.,,2,12,2022-11-20 19:19:58,1983-01-01 00:00:00,Fall Guy.zip
38158,Colecovision,Super Cobra,Ação,Konami,Parker Brothers,,2,12,2022-11-20 19:19:58,1983-01-01 00:00:00,Super Cobra.zip
38111,Colecovision,Ken Uston Blackjack-Poker,Estratégia,Coleco Industries  Inc.,Coleco Industries  Inc.,,2,12,2022-11-20 19:19:58,1983-01-01 00:00:00,Ken Uston's Blackjack-Poker.zip
38131,Colecovision,Pitfall II - Lost Caverns,Aventura,Activision,Activision,,2,12,2022-11-20 19:19:58,1984-01-01 00:00:00,Pitfall! II - Lost Caverns.zip
44413,Colecovision,Joust,Aventura,Team Pixelboy,Team Pixelboy,,2,12,2022-11-20 19:19:58,2014-01-01 00:00:00,Joust.zip
44412,Colecovision,Illusions,Quebra-cabeças,Nice  Ideas,Coleco Industries  Inc.,,2,12,2022-11-20 19:19:58,1984-01-01 00:00:00,Illusions.zip
38075,Colecovision,Bump 'n' Jump,Corrida / Pilotagem,Data East,Coleco Industries  Inc.,,2,12,2022-11-20 19:19:58,1984-01-01 00:00:00,Bump 'n' Jump.zip
108723,Colecovision,Cabbage Patch Kids Picture Show,Variados / Print Club,Coleco Industries  Inc.,Coleco Industries  Inc.,,2,12,2022-11-20 19:19:58,1984-01-01 00:00:00,Cabbage Patch Kids - Picture Show.zip
44426,Colecovision,Rolloverture,Estratégia,Sunrise Software,Sunrise Software,,2,12,2022-11-20 19:19:58,1983-01-01 00:00:00,Rolloverture.zip
44437,Colecovision,War Room,Estratégia,Probe 2000,Probe 2000,,2,12,2022-11-20 19:19:58,1983-01-01 00:00:00,War Room.zip
38063,Colecovision,Alphabet Zoo,Variados,Spinnaker Software Corporation,Spinnaker Software Corporation,,2,12,2022-11-20 19:19:58,1984-01-01 00:00:00,Alphabet Zoo.zip
38117,Colecovision,Monkey Academy,Variados,Konami,Coleco Industries  Inc.,,2,12,2022-11-20 19:19:58,1984-01-01 00:00:00,Monkey Academy.zip
143919,Colecovision,Space Invasion,Variados,John Dondzila,Coleco Industries  Inc.,,2,12,2022-11-20 19:19:58,1984-01-01 00:00:00,Space Invasion.zip
38122,Colecovision,Mouse Trap,Ação,Exidy  Inc.,Coleco Industries  Inc.,,2,12,2022-11-20 19:19:58,1982-01-01 00:00:00,Mousetrap.zip
44399,Colecovision,Campaign '84,Simulação,Sunrise Software,Sunrise Software,,2,12,2022-11-20 19:19:58,1983-01-01 00:00:00,Campaign '84.zip
38134,Colecovision,Qbert,Ação,D. Gottlieb & Co.,Parker Brothers,,2,12,2022-11-20 19:19:58,1983-01-01 00:00:00,Q-bert I.zip
44414,Colecovision,Juke Box,Estratégia,Spinnaker Software Corporation,Spinnaker Software Corporation,,2,12,2022-11-20 19:19:58,1984-01-01 00:00:00,Juke Box.zip
38062,Colecovision,Alcazar - The Forgotten Fortress,Aventura,Activision,Activision,,2,12,2022-11-20 19:19:58,1985-01-01 00:00:00,Alcazar - The Forgotten Fortress.zip
44421,Colecovision,Meteoric Shower,Shoot'em Up,Bit Corp.,Bit Corp.,,2,12,2022-11-20 19:19:58,1984-01-01 00:00:00,Meteoric Shower.zip
38159,Colecovision,Tapper,Esporte / Ping-pong,Bally Midway,Coleco Industries  Inc.,,2,12,2022-11-20 19:19:58,1984-01-01 00:00:00,Tapper.zip
38081,Colecovision,Chuck Norris Superkicks,Ação,Xonox,Xonox,,2,12,2022-11-20 19:19:58,1983-01-01 00:00:00,Chuck Norris - Super Kicks.zip
38156,Colecovision,Super Action Baseball,Esporte,Coleco Industries  Inc.,Coleco Industries  Inc.,,2,12,2022-11-20 19:19:58,1983-01-01 00:00:00,Super Action Baseball.zip
38157,Colecovision,Super Action Football,Esporte / Futebol americano,Coleco Industries  Inc.,Coleco Industries  Inc.,,2,12,2022-11-20 19:19:58,1984-01-01 00:00:00,Super Action Football.zip
38077,Colecovision,Cabbage Patch Kids - Adventures in the Park,Ação,Konami,Coleco Industries  Inc.,,2,12,2022-11-20 19:19:58,1984-01-01 00:00:00,Cabbage Patch Kids-Advntrs in the Park.zip
38073,Colecovision,Brain Strainers,Música e dança,Carousel Software,Coleco Industries  Inc.,,2,12,2022-11-20 19:19:58,1984-01-01 00:00:00,Brain Strainers.zip
38108,Colecovision,James Bond 007,Ação,Parker Brothers,Parker Brothers,,2,12,2022-11-20 19:19:58,1984-01-01 00:00:00,James Bond 007.zip
38061,Colecovision,Decathlon,Esporte,Activision,Activision,,2,12,2022-11-20 19:19:58,1983-01-01 00:00:00,Decathlon.zip
38143,Colecovision,Sewer Sam,Ação,Interphase Technologies Inc.,Interphase Technologies Inc.,,2,12,2022-11-20 19:19:58,1984-01-01 00:00:00,Sewer Sam.zip
38128,Colecovision,One-on-One,Esporte,Micro Fun,Micro Fun,,2,12,2022-11-20 19:19:58,1984-01-01 00:00:00,One on One Basketball.zip
38092,Colecovision,Dr. Seuss's Fix-up The Mix-up Puzzler,Quebra-cabeças,Coleco Industries  Inc.,Coleco Industries  Inc.,,2,12,2022-11-20 19:19:58,1984-01-01 00:00:00,Dr Seuss's Fix-Up The Mix-Up Puzzler.zip
38116,Colecovision,Miner 2049er,Ação,Big Five Software,Micro Fun,,2,12,2022-11-20 19:19:58,1983-01-01 00:00:00,Miner 2049er.zip
38136,Colecovision,Quest for Quintana Roo,Aventura,VSS  Inc.,Sunrise Software,,2,12,2022-11-20 19:19:58,1983-01-01 00:00:00,Quest For Quintana Roo.zip
38172,Colecovision,Wizard Of Id's Wizmath,Variados,Sydney Development Corp.,Sierra On-Line,,2,12,2022-11-20 19:19:58,1984-01-01 00:00:00,Wizard of Id's Wizmath.zip
38080,Colecovision,Choplifter!,Ação,Broderbund Software,Coleco Industries  Inc.,,2,12,2022-11-20 19:19:58,1984-01-01 00:00:00,Choplifter!.zip
44398,Colecovision,Amazing Bumpman,Ação,VSS,Telegames,,2,12,2022-11-20 19:19:58,1984-01-01 00:00:00,Amazing Bumpman.zip
38078,Colecovision,Carnival,Ação,SEGA,Coleco Industries  Inc.,,2,12,2022-11-20 19:19:58,1982-01-01 00:00:00,Carnival.zip
38161,Colecovision,Threshold,Ação,Sierra,Sierra On-Line,,2,12,2022-11-20 19:19:58,1983-01-01 00:00:00,Threshold.zip
108726,Colecovision,Ms. Space Fury,Plataforma,Daniel Bienvenu,Digital Press,,2,12,2022-11-20 19:19:58,2001-01-01 00:00:00,Ms Space Fury.zip
44409,Colecovision,Frantic Freddy,Tiro,Spectravideo,Spectravideo,,2,12,2022-11-20 19:19:58,1983-01-01 00:00:00,Frantic.zip
38106,Colecovision,The Heist,Ação,Livesay Computer Games  Inc.,Micro Fun,,2,12,2022-11-20 19:19:58,1983-01-01 00:00:00,Heist.zip
38069,Colecovision,BC's Quest for Tires,Ação,Sydney Development Corp.,Sierra On-Line,,2,12,2022-11-20 19:19:58,1983-01-01 00:00:00,BC I - BC's Quest for Tires.zip
44434,Colecovision,Tank Wars,Tiro,Telegames,Telegames,,2,12,2022-11-20 19:19:58,1986-01-01 00:00:00,Tank Wars.zip
44425,Colecovision,Power Lords - Quest for Volcan,Ação,NAP Consumer Electronics Corp.,NAP Consumer Electronics Corp.,,2,12,2022-11-20 19:19:58,1983-01-01 00:00:00,Power Lords - Quest for Volcan.zip
38167,Colecovision,Up'n Down,Corrida / Pilotagem,SEGA,SEGA,,2,12,2022-11-20 19:19:58,1984-01-01 00:00:00,Up 'N Down.zip
38175,Colecovision,Zenji,Estratégia,Activision,Activision,,2,12,2022-11-20 19:19:58,1984-01-01 00:00:00,Zenji.zip
38086,Colecovision,The Dam Busters,Simulação,Sydney Development Corp.,Coleco Industries  Inc.,,2,12,2022-11-20 19:19:58,1984-01-01 00:00:00,Dam Busters.zip
38164,Colecovision,Tournament Tennis,Simulação,D&L Research,Imagic,,2,12,2022-11-20 19:19:58,1984-01-01 00:00:00,Tournament Tennis.zip
38139,Colecovision,Rock 'n Bolt,Ação,Activision,Telegames,,2,12,2022-11-20 19:19:58,1984-01-01 00:00:00,Rock 'N' Bolt.zip
44422,Colecovision,Moon Patrol,Plataforma,Irata,Coleco Industries  Inc.,,2,12,2022-11-20 19:19:58,2014-01-01 00:00:00,Matt Patrol.zip
38090,Colecovision,Donkey Kong Junior,Ação,Nintendo,Coleco Industries  Inc.,,2,12,2022-11-20 19:19:58,1983-01-01 00:00:00,Donkey Kong Jr (ADAM).zip
44429,Colecovision,Slurpy,Ação,Emag,Xonox,,2,12,2022-11-20 19:19:58,1984-01-01 00:00:00,Slurpy.zip
38119,Colecovision,Moonsweeper,Ação,Imagic,Imagic,,2,12,2022-11-20 19:19:58,1983-01-01 00:00:00,Moonsweeper.zip
44407,Colecovision,Fortune Builder,Simulação,Coleco Industries  Inc.,Coleco Industries  Inc.,,2,12,2022-11-20 19:19:58,1984-01-01 00:00:00,Fortune Builder.zip
44431,Colecovision,Strike It!,Ação / Jogos de Breakout,Telegames,Telegames,,2,12,2022-11-20 19:19:58,1986-01-01 00:00:00,Strike It!.zip
44401,Colecovision,Cosmic Crisis,Plataforma,Bit Corp.,Bit Corp.,,2,12,2022-11-20 19:19:58,1983-01-01 00:00:00,Cosmic Crisis.zip
59407,Colecovision,It's Only Rock 'n' Roll,Simulação,Xonox,Xonox,,2,12,2022-11-20 19:19:58,1984-01-01 00:00:00,It's Only Rock 'N Roll.zip
44408,Colecovision,Fraction Fever,Educacional,Spinnaker Software Corporation,Spinnaker Software Corporation,,2,12,2022-11-20 19:19:58,1983-01-01 00:00:00,Fraction Fever.zip
38079,Colecovision,Centipede,Tiro / Carro 1ª Pessoa,Atari,Atari,,2,12,2022-11-20 19:19:58,1983-01-01 00:00:00,Centipede.zip
38085,Colecovision,Dacman,Ação,Daniel Bienvenu,Homebrew,,2,12,2022-11-20 19:19:58,2000-01-01 00:00:00,Dac-Man.zip
38141,Colecovision,Roc 'n Rope,Ação,Konami,Coleco Industries  Inc.,,2,12,2022-11-20 19:19:58,1984-01-01 00:00:00,Roc 'N Rope.zip
44438,Colecovision,Word Feud,Educacional,Xonox,Xonox,,2,12,2022-11-20 19:19:58,1984-01-01 00:00:00,Word Feud.zip
38072,Colecovision,Boulder Dash,Ação,First Star Software,Micro Fun,,2,12,2022-11-20 19:19:58,1984-01-01 00:00:00,Boulder Dash.zip
38114,Colecovision,Lady Bug,Ação,Universal,Coleco Industries  Inc.,,2,12,2022-11-20 19:19:58,1982-01-01 00:00:00,Lady Bug.zip
108724,Colecovision,Super DK!,Ação,Nintendo,Coleco Industries  Inc.,,2,12,2022-11-20 19:19:58,1983-01-01 00:00:00,Super DK!.zip
44423,Colecovision,Pac-Man,Ação / Labirinto,Atari,Atari,,2,12,2022-11-20 19:19:58,1983-01-01 00:00:00,Pac-Man.zip
38104,Colecovision,Gorf,Ação,Bally Midway,CBS Electronics,,2,12,2022-11-20 19:19:58,1983-01-01 00:00:00,Gorf.zip
38113,Colecovision,Keystone Kapers,Ação,Activision,Activision,,2,12,2022-11-20 19:19:58,1984-01-01 00:00:00,Keystone Kapers.zip
38118,Colecovision,Montezuma's Revenge,Ação,Parker Brothers,Parker Brothers,,2,12,2022-11-20 19:19:58,1984-01-01 00:00:00,Montezuma's Revenge.zip
44402,Colecovision,Dance Fantasy,Música e dança,Fisher-Price,Fisher-Price,,2,12,2022-11-20 19:19:58,1984-01-01 00:00:00,Dance Fantasy.zip
38103,Colecovision,Gateway to Apshai,Jogos de RPG,The Connelley Group,Epyx,,2,12,2022-11-20 19:19:58,1984-01-01 00:00:00,Gateway to Apshai.zip
38115,Colecovision,Looping,Ação,Venture Line  Inc.,Coleco Industries  Inc.,,2,12,2022-11-20 19:19:58,1983-01-01 00:00:00,Looping.zip
38127,Colecovision,Omega Race,Ação,Bally Midway,Coleco Industries  Inc.,,2,12,2022-11-20 19:19:58,1984-01-01 00:00:00,Omega Race.zip
38169,Colecovision,Victory,Ação,Exidy  Inc.,Coleco Industries  Inc.,,2,12,2022-11-20 19:19:58,1983-01-01 00:00:00,Victory.zip
38154,Colecovision,Star Wars - The Arcade Game,Ação,Atari,Parker Brothers,,2,12,2022-11-20 19:19:58,1984-01-01 00:00:00,Star Wars.zip
38149,Colecovision,Space Fury,Ação,SEGA,Coleco Industries  Inc.,,2,12,2022-11-20 19:19:58,1983-01-01 00:00:00,Space Fury.zip
38153,Colecovision,Star Trek - Strategic Operations Simulator,Ação,SEGA,Coleco Industries  Inc.,,2,12,2022-11-20 19:19:58,1984-01-01 00:00:00,Star Trek.zip
38096,Colecovision,Facemaker,Educacional,Spinnaker Software Corporation,Spinnaker Software Corporation,,2,12,2022-11-20 19:19:58,1983-01-01 00:00:00,Facemaker.zip
38105,Colecovision,Gyruss,Tiro / Run and Gun,Konami,Parker Brothers,,2,12,2022-11-20 19:19:58,1984-01-01 00:00:00,Gyruss.zip
38174,Colecovision,Zaxxon,Ação,SEGA,Coleco Industries  Inc.,,2,12,2022-11-20 19:19:58,1982-01-01 00:00:00,Super Zaxxon.zip
38163,Colecovision,TOMARC The Barbarian,Ação,Xonox,Xonox,,2,12,2022-11-20 19:19:58,1984-01-01 00:00:00,Tomarc the Barbarian.zip
38093,Colecovision,The Dukes of Hazzard,Corrida / Pilotagem,Coleco Industries  Inc.,Coleco Industries  Inc.,,2,12,2022-11-20 19:19:58,1984-01-01 00:00:00,Dukes of Hazzard.zip
44433,Colecovision,Super Cross Force,Shoot'em Up / Vertical,Spectravideo,Spectravideo,,2,12,2022-11-20 19:19:58,1983-01-01 00:00:00,Super Cross Force.zip
38120,Colecovision,Motocross Racer,Corrida / Pilotagem,Xonox,Xonox,,2,12,2022-11-20 19:19:58,1984-01-01 00:00:00,Motocross Racer.zip
38099,Colecovision,Frogger,Ação,Konami,Parker Brothers,,2,12,2022-11-20 19:19:58,1983-01-01 00:00:00,Frogger I.zip
38102,Colecovision,Galaxian,Ação,Namco,Atari,,2,12,2022-11-20 19:19:58,1983-01-01 00:00:00,Galaxian.zip
44424,Colecovision,Porky's,Ação,20th Century Fox,Coleco Industries  Inc.,,2,12,2022-11-20 19:19:58,1983-01-01 00:00:00,Porky's.zip
44417,Colecovision,Linking Logic,Quebra-cabeças,Fisher-Price,Fisher-Price,,2,12,2022-11-20 19:19:58,1984-01-01 00:00:00,Linking Logic.zip
44419,Colecovision,M.A.S.H.,Quebra-cabeças,20th Century Fox,20th Century Fox,,2,12,2022-11-20 19:19:58,1983-01-01 00:00:00,MASH.zip
38132,Colecovision,Pitstop,Simulação,Epyx,Epyx,,2,12,2022-11-20 19:19:58,1983-01-01 00:00:00,Pitstop.zip
44428,Colecovision,Skiing,Esporte,Telegames,Telegames,,2,12,2022-11-20 19:19:58,1986-01-01 00:00:00,Skiing.zip
38097,Colecovision,Fathom,Ação,Imagic,Imagic,,2,12,2022-11-20 19:19:58,1983-01-01 00:00:00,Fathom.zip
38076,Colecovision,Burgertime,Ação,Data East,Coleco Industries  Inc.,,2,12,2022-11-20 19:19:58,1984-01-01 00:00:00,Burgertime (Alternate).zip
38088,Colecovision,Destructor,Corrida / Pilotagem,Coleco Industries  Inc.,Coleco Industries  Inc.,,2,12,2022-11-20 19:19:58,1984-01-01 00:00:00,Destructor.zip
44418,Colecovision,Logic Levels,Educacional,Fisher-Price,Fisher-Price,,2,12,2022-11-20 19:19:58,1984-01-01 00:00:00,Logic Levels.zip
38125,Colecovision,Nova Blast,Ação,Imagic,Imagic,,2,12,2022-11-20 19:19:58,1983-01-01 00:00:00,Nova Blast.zip
38166,Colecovision,Tutankham,Ação,Konami,Parker Brothers,,2,12,2022-11-20 19:19:58,1983-01-01 00:00:00,Tutankham.zip
38147,Colecovision,Smurf: Paint 'n' Play Workshop,Variados,Coleco Industries  Inc.,Coleco Industries  Inc.,,2,12,2022-11-20 19:19:58,1984-01-01 00:00:00,Smurf Paint 'n Play Workshop.zip
44420,Colecovision,Memory Manor,Educacional,Frieda Lekkerkerker Inc.,Fisher-Price,,2,12,2022-11-20 19:19:58,1984-01-01 00:00:00,Memory Manor.zip
38066,Colecovision,Artillery Duel,Estratégia,Xonox,Xonox,,2,12,2022-11-20 19:19:58,1983-01-01 00:00:00,Artillery Duel.zip
44409,Colecovision,Frantic Freddy,Tiro,Spectravideo,Spectravideo,,2,12,2022-11-20 19:19:58,1983-01-01 00:00:00,Frantic Freddy.zip
44403,Colecovision,Dig Dug,Ação / Labirinto,Namco,Atari,,2,12,2022-11-20 19:19:58,1984-01-01 00:00:00,Dig Dug.zip
38138,Colecovision,Robin Hood,Ação,Xonox,Xonox,,2,12,2022-11-20 19:19:58,1984-01-01 00:00:00,Robin Hood.zip
38144,Colecovision,Sir Lancelot,Ação,Xonox,Xonox,,2,12,2022-11-20 19:19:58,1983-01-01 00:00:00,Sir Lancelot.zip
38100,Colecovision,Frogger II - Threeedeep!,Ação,Parker Brothers,Parker Brothers,,2,12,2022-11-20 19:19:58,1984-01-01 00:00:00,Frogger II - ThreeDeep!.zip
38087,Colecovision,Defender,Ação,Williams,Atari,,2,12,2022-11-20 19:19:58,1983-01-01 00:00:00,Defender.zip
38094,Colecovision,Escape from the Mind Master,Aventura,Starpath Corporation,Atari,,2,12,2022-11-20 19:19:58,1983-01-01 00:00:00,Escape From The Mind Master.zip
38165,Colecovision,Turbo,Corrida / Pilotagem,SEGA,Coleco Industries  Inc.,,2,12,2022-11-20 19:19:58,1982-01-01 00:00:00,Turbo.zip
44416,Colecovision,Learning With Leeper,Ação,Sierra,Sierra On-Line,,2,12,2022-11-20 19:19:58,1984-01-01 00:00:00,Learning With Leeper.zip
38101,Colecovision,Frontline,Ação,Taito,Coleco Industries  Inc.,,2,12,2022-11-20 19:19:58,1983-01-01 00:00:00,Frontline.zip
38070,Colecovision,Beamrider,Ação,Activision,Activision,,2,12,2022-11-20 19:19:58,1983-01-01 00:00:00,Beamrider.zip
38140,Colecovision,Rocky - Super Action Boxing,Esporte,Coleco Industries  Inc.,Coleco Industries  Inc.,,2,12,2022-11-20 19:19:58,1983-01-01 00:00:00,Rocky Super-Action Boxing.zip
38146,Colecovision,Slither,Ação,Coleco Industries  Inc.,Coleco Industries  Inc.,,2,12,2022-11-20 19:19:58,1983-01-01 00:00:00,Slither.zip
38076,Colecovision,Burgertime,Ação,Data East,Coleco Industries  Inc.,,2,12,2022-11-20 19:19:58,1984-01-01 00:00:00,Burgertime.zip
38170,Colecovision,War Games,Estratégia,Coleco Industries  Inc.,Coleco Industries  Inc.,,2,12,2022-11-20 19:19:58,1984-01-01 00:00:00,War Games.zip
38121,Colecovision,Mountain King,Ação,E.F. Dreyer,Sunrise Software,,2,12,2022-11-20 19:19:58,1984-01-01 00:00:00,Mountain King.zip
108725,Colecovision,Super DK! Junior,Ação,Nintendo,Nintendo,,2,12,2022-11-20 19:19:58,1983-01-01 00:00:00,Super DK! Junior.zip
38107,Colecovision,H.E.R.O. - Helicopter Emergency Rescue Operation,Ação,Activision,Activision,,2,12,2022-11-20 19:19:58,1984-01-01 00:00:00,HERO.zip
38142,Colecovision,Sammy Lightfoot,Ação,Sierra,Sierra On-Line,,2,12,2022-11-20 19:19:58,1983-01-01 00:00:00,Sammy Lightfoot.zip
38068,Colecovision,B.C. II: Grog's Revenge,Corrida / Pilotagem,Sydney Development Corp.,Sierra On-Line,,2,12,2022-11-20 19:19:58,1984-01-01 00:00:00,BC II - Grog's Revenge.zip
38130,Colecovision,Pitfall!,Ação,Activision,Activision,,2,12,2022-11-20 19:19:58,1983-01-01 00:00:00,Pitfall! I.zip
44430,Colecovision,Spectron,Tiro,Spectravideo,Spectravideo,,2,12,2022-11-20 19:19:58,1983-01-01 00:00:00,Spectron.zip
150952,Colecovision,Super Action Football (soccer),Esporte / Futebol,Coleco Industries  Inc.,Coleco Industries  Inc.,,2,12,2022-11-20 19:19:58,1984-01-01 00:00:00,Super Action Soccer.zip
44432,Colecovision,Subroc,Shoot'em Up,Coleco Industries  Inc.,Coleco Industries  Inc.,,2,12,2022-11-20 19:19:58,1983-01-01 00:00:00,Subroc.zip
44436,Colecovision,Video Hustler,Esporte / Sinuca,Konami,Coleco Industries  Inc.,,2,12,2022-11-20 19:19:58,1984-01-01 00:00:00,Video Hustler.zip
38135,Colecovision,Qbert's QUBES,Ação,Mylstar Electronics  Inc.,Parker Brothers,,2,12,2022-11-20 19:19:58,1984-01-01 00:00:00,Q-Bert II - Q-Bert's Qubes.zip
44427,Colecovision,Sector Alpha,Ação,Spectravision,Spectravision,,2,12,2022-11-20 19:19:58,1983-01-01 00:00:00,Sector Alpha.zip
38074,Colecovision,Buck Rogers - Planet of Zoom,Ação,SEGA,Coleco Industries  Inc.,,2,12,2022-11-20 19:19:58,1983-01-01 00:00:00,Buck Rogers - Planet Of Zoom.zip
44406,Colecovision,Flipper Slipper,Ação,Spectravision,Spectravision,,2,12,2022-11-20 19:19:58,1983-01-01 00:00:00,Flipper Slipper.zip
44411,Colecovision,Gust Buster,Ação,Sunrise Software,Sunrise Software,,2,12,2022-11-20 19:19:58,1983-01-01 00:00:00,Gust Buster.zip
38126,Colecovision,Oil's Well,Ação / Labirinto,Sierra,Sierra On-Line,,2,12,2022-11-20 19:19:58,1984-01-01 00:00:00,Oil's Well.zip
44410,Colecovision,Tarzan,Ação / Aventura,Coleco Industries  Inc.,Coleco Industries  Inc.,,2,12,2022-11-20 19:19:58,1984-01-01 00:00:00,From Out Of The Jungle - Tarzan.zip
38112,Colecovision,Kevtris,Estratégia,Kevin Horton,Coleco Industries  Inc.,,2,12,2022-11-20 19:19:58,1996-01-01 00:00:00,Kevtris.zip
38150,Colecovision,Space Panic,Ação,Universal,Coleco Industries  Inc.,,2,12,2022-11-20 19:19:58,1983-01-01 00:00:00,Space Panic.zip
38137,Colecovision,River Raid,Ação,Activision,Activision,,2,12,2022-11-20 19:19:58,1984-01-01 00:00:00,River Raid.zip
38098,Colecovision,Frenzy,Ação,Stern Electronics  Inc.,Coleco Industries  Inc.,,2,12,2022-11-20 19:19:58,1983-01-01 00:00:00,Frenzy!.zip
38074,Colecovision,Buck Rogers - Planet of Zoom,Ação,SEGA,Coleco Industries  Inc.,,2,12,2022-11-20 19:19:58,1983-01-01 00:00:00,Super Buck Rogers.zip
38083,Colecovision,Cosmic Avenger,Ação,Gordon Martin & Associates,Coleco Industries  Inc.,,2,12,2022-11-20 19:19:58,1982-01-01 00:00:00,Cosmic Avenger.zip
38060,Colecovision,2010 - The Graphic Action Game,Estratégia,Coleco Industries  Inc.,Coleco Industries  Inc.,,2,35,2024-04-11 16:50:38,1984-01-01 00:00:00,2010 - The Graphic Action Game.zip
143903,Colecovision,ZZZ(notgame):Cosmo Fighter 3 Demo By Marcel De Kogel,Estratégia,Coleco Industries  Inc.,Coleco Industries  Inc.,,2,35,2024-04-11 16:50:38,1984-01-01 00:00:00,Cosmo Fighter III.zip
190764,Colecovision,ZZZ(notgame):Terra Attack,Estratégia,Coleco Industries  Inc.,Coleco Industries  Inc.,,2,35,2024-04-11 16:50:38,1984-01-01 00:00:00,Terra Attack.zip
154945,Colecovision,Dragon's Lair,Estratégia,Coleco Industries  Inc.,Coleco Industries  Inc.,,2,35,2024-04-11 16:50:38,1984-01-01 00:00:00,Dragon's Lair.zip
143892,Colecovision,ZZZ(notgame):Bejeweled Demo By Daniel Bienvenu,Estratégia,Coleco Industries  Inc.,Coleco Industries  Inc.,,2,35,2024-04-11 16:50:38,1984-01-01 00:00:00,Bejeweled.zip
190757,Colecovision,ZZZ(notgame):Mr Chin,Estratégia,Coleco Industries  Inc.,Coleco Industries  Inc.,,2,35,2024-04-11 16:50:38,1984-01-01 00:00:00,Mr Chin.zip
154947,Colecovision,Jeopardy!,Quiz,Coleco Industries  Inc.,Coleco Industries  Inc.,,2,35,2024-04-11 16:50:38,1984-01-01 00:00:00,Jeopardy!.zip
190762,Colecovision,ZZZ(notgame):Search For The Stolen Crown Jewels I I I,Quiz,Coleco Industries  Inc.,Coleco Industries  Inc.,,2,35,2024-04-11 16:50:38,1984-01-01 00:00:00,Search For The Stolen Crown Jewels III.zip
190755,Colecovision,ZZZ(notgame):Easter Bunny,Quiz,Coleco Industries  Inc.,Coleco Industries  Inc.,,2,35,2024-04-11 16:50:38,1984-01-01 00:00:00,Easter Bunny.zip
154948,Colecovision,Niad Public Domain - Volume 36,Quiz,Coleco Industries  Inc.,Coleco Industries  Inc.,,2,35,2024-04-11 16:50:38,1984-01-01 00:00:00,NIAD Public Domain - Volume 36.zip
154946,Colecovision,Hard Hat And Pinball Construction Set,Quiz,Coleco Industries  Inc.,Coleco Industries  Inc.,,2,35,2024-04-11 16:50:38,1984-01-01 00:00:00,Hard Hat and Pinball Construction Set.zip
143918,Colecovision,ZZZ(notgame):Space Invaders Collection Pack Demo,Quiz,Coleco Industries  Inc.,Coleco Industries  Inc.,,2,35,2024-04-11 16:50:38,1984-01-01 00:00:00,Space Invaders Collection Pack.zip
143915,Colecovision,ZZZ(notgame):Reversi Demo By Daniel Bienvenu,Quiz,Coleco Industries  Inc.,Coleco Industries  Inc.,,2,35,2024-04-11 16:50:38,1984-01-01 00:00:00,Reversi.zip
190758,Colecovision,ZZZ(notgame):P A C A R,Quiz,Coleco Industries  Inc.,Coleco Industries  Inc.,,2,35,2024-04-11 16:50:38,1984-01-01 00:00:00,PACAR.zip
154923,Colecovision,Adam Links Golf,Esporte / Golfe,Coleco Industries  Inc.,Superior Software,,2,35,2024-04-11 16:50:38,1984-01-01 00:00:00,Adam Links Golf.zip
190756,Colecovision,ZZZ(notgame):Jeepers Creepers,Esporte / Golfe,Coleco Industries  Inc.,Superior Software,,2,35,2024-04-11 16:50:38,1984-01-01 00:00:00,Jeepers Creepers.zip
143890,Colecovision,ZZZ(notgame):Amazing Snake Beta X By Serge-eric Tremblay,Esporte / Golfe,Coleco Industries  Inc.,Superior Software,,2,35,2024-04-11 16:50:38,1984-01-01 00:00:00,Amazing Snake.zip
38084,Colecovision,Cye,Estratégia,Good Deal Games,Good Deal Games,,2,35,2024-04-11 16:50:38,2008-01-01 00:00:00,Cye.zip
143903,Colecovision,ZZZ(notgame):Cosmo Fighter 3 Demo By Marcel De Kogel,Estratégia,Good Deal Games,Good Deal Games,,2,35,2024-04-11 16:50:38,2008-01-01 00:00:00,Cosmo Fighter II.zip
190761,Colecovision,ZZZ(notgame):Search For The Stolen Crown Jewels I I,Estratégia,Good Deal Games,Good Deal Games,,2,35,2024-04-11 16:50:38,2008-01-01 00:00:00,Search For The Stolen Crown Jewels II.zip
190760,Colecovision,ZZZ(notgame):Search For The Stolen Crown Jewels I,Estratégia,Good Deal Games,Good Deal Games,,2,35,2024-04-11 16:50:38,2008-01-01 00:00:00,Search For The Stolen Crown Jewels I.zip
190763,Colecovision,ZZZ(notgame):Squares,Estratégia,Good Deal Games,Good Deal Games,,2,35,2024-04-11 16:50:38,2008-01-01 00:00:00,Squares.zip
143893,Colecovision,ZZZ(notgame):Breakout,Estratégia,Good Deal Games,Good Deal Games,,2,35,2024-04-11 16:50:38,2008-01-01 00:00:00,Breakout.zip
143924,Colecovision,Star Fortress,Estratégia,Good Deal Games,Good Deal Games,,2,35,2024-04-11 16:50:38,2008-01-01 00:00:00,Star Fortress.zip
190759,Colecovision,ZZZ(notgame):Schlange,Estratégia,Good Deal Games,Good Deal Games,,2,35,2024-04-11 16:50:38,2008-01-01 00:00:00,Schlange.zip
154949,Colecovision,Troll's Tale,Estratégia,Good Deal Games,Good Deal Games,,2,35,2024-04-11 16:50:38,2008-01-01 00:00:00,Troll's Tale.zip
154944,Colecovision,Diablo,Estratégia,Good Deal Games,Good Deal Games,,2,35,2024-04-11 16:50:38,2008-01-01 00:00:00,Diablo.zip
143886,Colecovision,ZZZ(notgame):Nim,Estratégia,Good Deal Games,Good Deal Games,,2,35,2024-04-11 16:50:38,2008-01-01 00:00:00,Nim.zip
,devilutionx,Diablo 1,Action RPG,Blizzard North,,,,,,1997-01-03 00:00:00,diabdat.mpq
,devilutionx,Diablo 1: Hellfire,Action RPG,Synergistic Software,,,,,,1997-11-25 00:00:00,hellfire.mpq
13529,Dreamcast,Ecco the Dolphin : Defender of the Future,Ação / Aventura,Appaloosa Interactive,SEGA,eu,2,218,2022-11-21 12:36:09,2000-06-16 00:00:00,Ecco the Dolphin - Defender of the Future (USA) (En Fr De Es).gdi
13488,Dreamcast,Sonic Adventure 2,Plataforma,Sonic Team,SEGA,eu,2,218,2022-11-21 12:36:09,2001-06-23 00:00:00,Sonic Adventure 2 (Europe) (En Ja Fr De Es).gdi
13489,Dreamcast,Sonic Adventure,Plataforma,Sonic Team,SEGA,eu,4,903,2021-11-19 19:30:46,1999-01-01 00:00:00,Sonic Adventure.cdi
13549,Dreamcast,Wacky Races,Corrida / Pilotagem,Infogrames,Infogrames,eu,4,903,2021-11-19 19:30:46,2000-01-01 00:00:00,Wacky Races.cdi
13545,Dreamcast,Dynamite Deka 2,Briga de rua,SEGA,SEGA,jp,4,903,2021-11-19 19:30:46,1999-05-27 00:00:00,Dynamite Deka 2 (Japan).gdi
13557,Dreamcast,Virtua Tennis 2 : Sega Professional Tennis,Esporte / Tênis,Hitmaker,SEGA,eu,4,903,2021-11-19 19:30:46,2001-11-23 00:00:00,Virtua Tennis 2 - Sega Professional Tennis (Europe) (En Fr De Es).gdi
13688,Dreamcast,Prince of Persia : Arabian Nights,Ação / Aventura,Avalanche Software,Mattel Interactive,us,1,54,2022-07-16 15:04:57,2000-12-06 00:00:00,Prince of Persia - Arabian Nights (USA).gdi
13547,Dreamcast,Star Wars : Episode I  Jedi Power Battles,Ação,LucasArts,LucasArts,us,2,167,2023-03-14 22:12:10,2000-10-18 00:00:00,Star Wars Episode I - Jedi Power Battles.cdi
13551,Dreamcast,Spawn : In the Demon's Hand,Ação / Aventura,Capcom,Eidos Interactive,us,1,179,2022-07-16 15:08:01,2000-10-20 00:00:00,Spawn - In the Demon's Hand (USA).gdi
13642,Dreamcast,Spider-Man,Ação,Neversoft Entertainment,Activision,us,1,179,2023-03-14 22:09:30,2001-04-19 00:00:00,Spider-Man.cdi
13498,Dreamcast,Jet Set Radio,Ação / Aventura,Smilebit,SEGA,eu,1,80,2022-07-16 15:00:33,2000-11-24 00:00:00,Jet Set Radio (Europe) (En Fr De Es).gdi
13498,Dreamcast,Volgarr,Action,Marc Hall,Crazy Viking Studios,eu,1,24,2022-04-14 09:18:32,2015-10-13 00:00:00,Volgarr.cdi
13545,Dreamcast,Dynamite Cop,Briga de rua,SEGA,SEGA,us,1,24,2022-04-14 09:18:32,1999-11-03 00:00:00,Dynamite Cop! (USA).gdi
13581,Dreamcast,Gauntlet Legends,Briga de rua,Midway,Midway,us,1,24,2022-04-14 09:18:32,2000-05-30 00:00:00,Gauntlet Legends (USA).gdi
13677,Dreamcast,Bomberman Online,Ação,Hudson,Hudson,us,4,105,2024-04-11 00:04:58,2001-10-30 00:00:00,Bomberman Online (USA).gdi
13574,Dreamcast,Crazy Taxi 2,Corrida / Pilotagem,Hitmaker,SEGA,us,2,254,2024-04-11 00:02:50,2001-05-29 00:00:00,Crazy Taxi 2 (USA).gdi
13514,Dreamcast,Crazy Taxi,Corrida / Pilotagem,SEGA,SEGA,us,3,327,2024-04-10 23:59:48,2000-02-01 00:00:00,Crazy Taxi (USA).gdi
13631,Dreamcast,Daytona USA,Corrida / Pilotagem,Amusement Vision,Infogrames Interactive,us,2,106,2024-06-22 14:03:23,2001-03-13 00:00:00,Daytona USA (USA).gdi
37375,Arcade - Final Burn Neo,The Punisher,Briga de rua,Capcom,Capcom,wr,1,2362,2023-03-07 20:05:47,1993-01-01 00:00:00,punisher.zip
37425,Arcade - Final Burn Neo,Street Fighter III : New Generation,Luta / Versus,Capcom,Capcom,eu,1,2362,2023-03-07 20:05:47,1997-01-01 00:00:00,sfiii.zip
44111,Arcade - Final Burn Neo,Warriors of Fate,Briga de rua,Capcom,Capcom,wr,2,4641,2023-03-12 17:43:20,1992-01-01 00:00:00,wof.zip
37383,Arcade - Final Burn Neo,Willow,Plataforma / Tiro com rolagem,Capcom,Lucasfilm Games,wr,1,4641,2023-02-15 11:21:21,1989-01-01 00:00:00,willow.zip
42020,Arcade - Final Burn Neo,Knights of the Round,Briga de rua,Capcom,Capcom,wr,1,3590,2023-02-16 22:47:10,1991-01-01 00:00:00,knights.zip
41441,Arcade - Final Burn Neo,Ghouls'n Ghosts,Plataforma / Combate com rolagem,Capcom,Capcom,wr,1,102,2023-02-24 20:01:27,1988-01-01 00:00:00,ghouls.zip
43837,Arcade - Final Burn Neo,U.N. Squadron,Shoot'em Up / Horizontal,Capcom,Capcom,us,1,102,2023-02-24 20:01:27,1989-01-01 00:00:00,unsquad.zip
37402,Arcade - Final Burn Neo,Marvel Super Heroes vs. Street Fighter,Luta / Versus,Capcom,Capcom,eu,1,102,2023-02-24 20:01:27,1997-01-01 00:00:00,mshvsf.zip
37409,Arcade - Final Burn Neo,Street Fighter Alpha 3,Luta / Versus,Capcom,Capcom,eu,1,18,2023-02-20 22:46:13,1998-01-01 00:00:00,sfa3.zip
37424,Arcade - Final Burn Neo,Street Fighter III 3rd Strike : Fight for the Future,Luta / Versus,Capcom,Capcom,eu,1,18,2023-02-20 22:46:13,1999-01-01 00:00:00,sfiii3.zip
37400,Arcade - Final Burn Neo,Mighty! Pang,Quebra-cabeças,Mitchell,Mitchell,eu,1,80,2023-02-14 12:25:37,2000-01-01 00:00:00,mpang.zip
37404,Arcade - Final Burn Neo,Progear,Shoot'em Up / Horizontal,Cave,Capcom,us,4,1676,2023-03-05 21:36:42,2001-01-01 00:00:00,progear.zip
37399,Arcade - Final Burn Neo,Mars Matrix: Hyper Solid Shooting,Shoot'em Up / Vertical,Takumi,Capcom,us,4,1676,2023-03-05 21:36:42,2000-01-01 00:00:00,mmatrix.zip
37417,Arcade - Final Burn Neo,Vampire Savior: The Lord of Vampire,Luta / Versus,Capcom,Capcom,eu,4,1676,2023-03-05 21:36:42,1997-01-01 00:00:00,vsav.zip
37367,Arcade - Final Burn Neo,Muscle Bomber Duo : Ultimate Team Battle,Esporte / Luta Livre,Capcom,Capcom,wr,2,85,2023-02-14 12:23:05,1993-01-01 00:00:00,mbombrd.zip
37405,Arcade - Final Burn Neo,Puzz Loop 2,Quebra-cabeças / Lançar,Mitchell,Mitchell,eu,1,191,2023-02-14 12:14:57,2001-01-01 00:00:00,pzloop2.zip
37408,Arcade - Final Burn Neo,Street Fighter Zero 2,Luta / Versus,Capcom,Capcom,eu,1,191,2023-02-14 12:14:57,1996-01-01 00:00:00,sfa2.zip
40548,Arcade - Final Burn Neo,Janpai Puzzle Choukou,Quebra-cabeças / Igualar,Mitchell Corporation,Mitchell,jp,1,191,2023-02-14 12:14:57,2001-01-01 00:00:00,choko.zip
37390,Arcade - Final Burn Neo,Capcom Sports Club,Compilação,Capcom,Capcom,eu,1,335,2023-02-14 20:57:40,1997-08-22 00:00:00,csclub.zip
40781,Arcade - Final Burn Neo,Adventure Quiz Capcom World 2,Quiz / Japonês,Capcom,Capcom,jp,1,20,2023-02-20 20:13:59,1992-01-01 00:00:00,cworld2j.zip
37372,Arcade - Final Burn Neo,Nemo,Plataforma / Combate com rolagem,Capcom,Capcom,wr,3,1800,2023-02-24 20:30:29,1990-01-01 00:00:00,nemo.zip
37386,Arcade - Final Burn Neo,19XX : The War Against Destiny,Shoot'em Up / Vertical,Capcom,Capcom,eu,5,3230,2023-02-26 11:50:32,1996-01-01 00:00:00,19xx.zip
78903,Arcade - Final Burn Neo,Mercs,Tiro / Run and Gun,Capcom,Capcom,wr,1,27,2023-02-14 12:26:10,1990-01-01 00:00:00,mercs.zip
37363,Arcade - Final Burn Neo,Forgotten Worlds,Shoot'em Up / Horizontal,Capcom,Capcom,wr,3,76,2023-02-14 21:27:20,1988-01-01 00:00:00,forgottn.zip
42597,Arcade - Final Burn Neo,Quiz Nanairo Dreams: Nijiirochou no Kiseki,Quiz / Japonês,Capcom,Capcom,jp,3,394,2023-02-14 12:08:10,1996-01-01 00:00:00,qndream.zip
37359,Arcade - Final Burn Neo,Carrier Air Wing,Shoot'em Up / Horizontal,Capcom,Capcom,wr,1,64,2023-02-14 21:15:09,1990-01-01 00:00:00,cawing.zip
41934,Arcade - Final Burn Neo,Jyangokushi: Haoh no Saihai,Jogo de tabuleiro Asiático / Mahjong,Capcom,Capcom,jp,1,64,2023-02-14 21:15:09,1999-01-01 00:00:00,jyangoku.zip
37421,Arcade - Final Burn Neo,Jojo's Bizarre Adventure,Luta / Versus,Capcom,Capcom,eu,1,69,2023-02-12 21:29:43,1999-01-01 00:00:00,jojoba.zip
44387,Arcade - Final Burn Neo,Night Warriors: Darkstalkers' Revenge,Luta / Versus,Capcom,Capcom,eu,1,69,2023-02-12 21:29:43,1995-01-01 00:00:00,nwarr.zip
57920,Arcade - Final Burn Neo,Magic Sword: Heroic Fantasy,Plataforma / Combate com rolagem,Capcom,Capcom,wr,1,5578,2023-02-22 21:07:24,1990-01-01 00:00:00,msword.zip
37371,Arcade - Final Burn Neo,Mega Twins,Plataforma / Combate com rolagem,Capcom,Capcom,wr,2,574384469,2023-03-15 20:16:02,1990-01-01 00:00:00,mtwins.zip
37374,Arcade - Final Burn Neo,Pnickies,Quebra-cabeças / Queda,Capcom,Capcom,jp,2,574384469,2023-03-15 20:16:02,1994-01-01 00:00:00,pnickj.zip
37379,Arcade - Final Burn Neo,Saturday Night Slam Masters,Esporte / Luta Livre,Capcom,Capcom,wr,2,64,2023-02-14 11:41:55,1993-01-01 00:00:00,slammast.zip
42766,Arcade - Final Burn Neo,Ring of Destruction: Slam Masters II,Luta,Capcom,Capcom,eu,3,146,2023-02-14 11:54:01,1994-01-01 00:00:00,ringdest.zip
37411,Arcade - Final Burn Neo,Super Puzzle Fighter II Turbo,Quebra-cabeças / Queda,Capcom,Capcom,eu,3,146,2023-02-14 11:54:01,1996-01-01 00:00:00,spf2t.zip
37382,Arcade - Final Burn Neo,Varth: Operation Thunderstorm,Shoot'em Up / Vertical,Capcom,Capcom,wr,1,29,2023-03-24 22:00:05,1992-01-01 00:00:00,varth.zip
37385,Arcade - Final Burn Neo,1944 : The Loop Master,Shoot'em Up / Vertical,8ing/Raizing,Capcom,eu,4,114,2023-04-01 23:08:35,2000-06-20 00:00:00,1944.zip
37357,Arcade - Final Burn Neo,Three Wonders,Compilação,Capcom,Capcom,wr,5,4911,2023-04-01 23:05:09,1991-01-01 00:00:00,3wonders.zip
37410,Arcade - Final Burn Neo,Super Gem Fighter: Mini Mix,Luta / Versus,Capcom,Capcom,us,1,608,2023-04-09 11:40:46,1997-01-01 00:00:00,sgemf.zip
37423,Arcade - Final Burn Neo,Street Fighter III 2nd Impact : Giant Attack,Luta / Versus,Capcom,Capcom,us,3,137,2023-04-23 15:20:44,1997-01-01 00:00:00,sfiii2.zip
42982,Arcade - Final Burn Neo,Street Fighter II : The World Warrior,Luta / Versus,Capcom,Capcom,wr,3,133,2023-04-23 15:08:15,1991-01-01 00:00:00,sf2.zip
37373,Arcade - Final Burn Neo,Pang! 3,Quebra-cabeças,Mitchell,Capcom,eu,1,108,2023-05-18 21:32:19,1995-01-01 00:00:00,pang3.zip
42583,Arcade - Final Burn Neo,Quiz & Dragons: Capcom Quiz Game,Quiz / Inglês,Capcom,Capcom,us,1,140,2023-05-18 21:34:48,1992-01-01 00:00:00,qad.zip
78892,Arcade - Final Burn Neo,Mega Man: The Power Battle,Luta / Versus Co-op,Capcom,Capcom,us,6,2447,2023-05-18 21:30:19,1995-01-01 00:00:00,megaman.zip
78893,Arcade - Final Burn Neo,Mega Man 2: The Power Fighters,Luta / Versus Co-op,Capcom,Capcom,us,2,1343,2023-05-20 07:03:47,1996-01-01 00:00:00,megaman2.zip
41446,Arcade - Final Burn Neo,Giga Wing,Shoot'em Up / Vertical,Takumi,Capcom,us,1,1715,2023-07-24 22:00:54,1999-01-01 00:00:00,gigawing.zip
41078,Arcade - Final Burn Neo,Dynasty Wars,Briga de rua,Capcom,Capcom,us,4,2575,2023-07-26 19:03:10,1989-01-01 00:00:00,dynwar.zip
37395,Arcade - Final Burn Neo,Eco Fighters,Shoot'em Up / Horizontal,Capcom,Capcom,wr,1,2079,2023-07-26 19:50:31,1993-01-01 00:00:00,ecofghtr.zip
37362,Arcade - Final Burn Neo,Final Fight,Briga de rua,Capcom,Capcom,wr,2,12,2023-08-30 19:52:16,1989-01-01 00:00:00,ffight.zip
37388,Arcade - Final Burn Neo,Aliens Versus Predator,Briga de rua,Capcom,Capcom,eu,7,3618,2023-08-30 19:51:22,1994-01-01 00:00:00,avsp.zip
37380,Arcade - Final Burn Neo,Strider,Plataforma / Combate com rolagem,Capcom,Capcom,us,2,2821,2023-10-06 16:19:00,1989-01-01 00:00:00,strider.zip
37378,Arcade - Final Burn Neo,Street Fighter II' : Hyper Fighting,Luta / Versus,Capcom,Capcom,wr,1,201,2023-11-28 20:25:17,1992-01-01 00:00:00,sf2hf.zip
42986,Arcade - Final Burn Neo,Street Fighter Zero,Luta / Versus,Capcom,Capcom,eu,1,1969,2023-11-28 19:43:20,1995-01-01 00:00:00,sfa.zip
37377,Arcade - Final Burn Neo,Street Fighter II' : Champion Edition,Luta / Versus,Capcom,Capcom,us,3,224,2023-11-28 19:10:16,1992-01-01 00:00:00,sf2koryu.zip
37420,Arcade - Final Burn Neo,X-Men vs. Street Fighter,Luta,Capcom,Capcom,eu,3,2121,2023-12-04 21:51:37,1996-01-01 00:00:00,xmvsf.zip
37419,Arcade - Final Burn Neo,X-Men: Children of the Atom,Luta / Versus,Capcom,Capcom,eu,9,3514,2023-12-09 09:39:39,1994-01-01 00:00:00,xmcota.zip
37392,Arcade - Final Burn Neo,Dungeons & Dragons: Shadow over Mystara,Briga de rua,Capcom,Capcom,eu,4,5511,2024-01-20 08:56:46,1996-01-01 00:00:00,ddsom.zip
37393,Arcade - Final Burn Neo,Dungeons & Dragons: Tower of Doom,Briga de rua,Capcom,Capcom,eu,3,3896,2024-01-20 07:27:10,1993-01-01 00:00:00,ddtod.zip
43304,Arcade - Final Burn Neo,Super Street Fighter II: The New Challengers,Luta / Versus,Capcom,Capcom,wr,2,232,2024-03-23 15:33:47,1993-01-01 00:00:00,ssf2.zip
37403,Arcade - Final Burn Neo,Marvel vs. Capcom : Clash of Super Heroes,Luta / Versus,Capcom,Capcom,eu,4,2988,2024-03-23 15:27:36,1998-01-01 00:00:00,mvsc.zip
37413,Arcade - Final Burn Neo,Super Street Fighter II Turbo,Luta / Versus,Capcom,Capcom,wr,1,2988,2024-03-23 15:31:20,1994-02-23 00:00:00,ssf2t.zip
37387,Arcade - Final Burn Neo,Armored Warriors,Briga de rua,Capcom,Capcom,eu,6,3663,2024-04-01 17:56:45,1994-01-01 00:00:00,armwar.zip
37389,Arcade - Final Burn Neo,Battle Circuit,Briga de rua,Capcom,Capcom,eu,6,5145,2024-04-11 11:47:59,1997-03-19 00:00:00,batcir.zip
37366,Arcade - Final Burn Neo,The King of Dragons,Luta / 2.5D,Capcom,Capcom,wr,3,3335,2024-04-11 17:23:57,1991-01-01 00:00:00,kod.zip
37358,Arcade - Final Burn Neo,Captain Commando,Briga de rua,Capcom,Capcom,wr,4,788,2024-04-11 17:15:47,1991-09-28 00:00:00,captcomm.zip
39873,Arcade - Final Burn Neo,1941: Counter Attack,Shoot'em Up / Vertical,Capcom,Capcom,wr,8,366,2024-04-11 17:14:16,1990-02-01 00:00:00,1941.zip
149430,Arcade - Final Burn Neo,Hyper Street Fighter II: The Anniversary Edition,Luta / Versus,Capcom,Capcom,us,2,180,2024-04-11 17:16:58,2004-01-01 00:00:00,hsf2.zip
37394,Arcade - Final Burn Neo,Dimahoo,Shoot'em Up / Vertical,Raizing,Capcom,eu,6,3734,2024-06-22 15:55:59,2000-01-01 00:00:00,dimahoo.zip
37360,Arcade - Final Burn Neo,Cadillacs and Dinosaurs,Briga de rua,Capcom,Capcom,wr,6,106,2024-07-28 14:12:46,1993-01-01 00:00:00,dino.zip
37391,Arcade - Final Burn Neo,Cyberbots : Fullmetal Madness,Luta / Versus,Capcom,Capcom,eu,4,1826,2024-09-14 07:38:34,1995-01-01 00:00:00,cybots.zip
37401,Arcade - Final Burn Neo,Marvel Super Heroes,Luta / Versus,Capcom,Capcom,eu,2,1958,2024-12-21 07:02:41,1995-01-01 00:00:00,msh.zip
37422,Arcade - Final Burn Neo,JoJo's Venture,Luta / Versus,Capcom,Capcom,eu,2,1871,2025-01-26 07:54:05,1998-01-01 00:00:00,jojo.zip
37426,Arcade - Final Burn Neo,Red Earth,Luta / Versus Co-op,Capcom,Capcom,eu,9,3195,2025-01-28 21:53:04,1996-01-01 00:00:00,redearth.zip
41049,Arcade - Final Burn Neo,Darkstalkers: The Night Warriors,Luta / Versus,Capcom,Capcom,eu,4,2008,2025-03-22 18:21:36,1994-01-01 00:00:00,dstlk.zip
,PC - Steam,Steam,,,,,5,235,2023-05-08 17:02:18,,Steam.flatpak
4752,GameCube,Super Mario Sunshine,Plataforma,Nintendo,Nintendo,eu,4,777,2004-12-31 22:14:53,2002-08-26 00:00:00,Super Mario Sunshine (Europe) (En Fr De Es It).iso
4746,GameCube,Super Smash Bros. Melee,Luta,HAL Laboratory,Nintendo,jp,4,777,2004-12-31 22:14:53,2001-11-21 00:00:00,Super Smash Bros. Melee (USA) (En Ja) (v1.02).iso
4779,GameCube,The Legend of Zelda : Four Swords Adventures,Jogos de RPG,Nintendo,Nintendo,us,4,777,2004-12-31 22:14:53,2005-01-07 00:00:00,Legend of Zelda  The - Four Swords Adventures (USA).iso
4827,GameCube,Wario World,Plataforma,Nintendo,Nintendo,us,4,777,2004-12-31 22:14:53,2003-06-24 00:00:00,Wario World (USA).iso
4821,GameCube,Mario Power Tennis,Esporte / Tênis,Camelot Software,Nintendo,us,4,777,2004-12-31 22:14:53,2004-11-08 00:00:00,Mario Power Tennis (USA) (v1.01).iso
4749,GameCube,The Legend of Zelda: Twilight Princess,Jogos de RPG,Nintendo EAD,Nintendo,eu,4,777,2004-12-31 22:14:53,2006-12-15 00:00:00,Legend of Zelda  The - Twilight Princess (Europe) (En Fr De Es It).iso
4751,GameCube,Luigi's Mansion,Aventura,Nintendo EAD,Nintendo,us,4,777,2004-12-31 22:14:53,2001-11-17 00:00:00,Luigi's Mansion (USA).iso
4745,GameCube,The Legend of Zelda: The Wind Waker,Jogos de RPG,Nintendo,Nintendo,us,4,777,2004-12-31 22:14:53,2003-03-24 00:00:00,Legend of Zelda  The - The Wind Waker (USA).iso
4901,GameCube,Dragon Ball Z : Sagas,Aventura,Avalanche Software,Atari,us,1,255,2022-07-16 19:17:54,2005-03-22 00:00:00,Dragon Ball Z - Sagas (USA).iso
4881,GameCube,Ultimate Spider-Man,Plataforma,Treyarch Corporation,Activision,us,1,96,2022-07-16 19:19:39,2005-09-22 00:00:00,Ultimate Spider-Man (USA).iso
4781,GameCube,Dragon Ball Z : Budokai 2,Luta,Bandai Namco,Atari,us,1,96,2022-07-16 19:19:39,2005-09-22 00:00:00,Dragon Ball Z - Budokai 2 (USA).iso
4830,GameCube,Shadow the Hedgehog,Plataforma,Sonic Team,SEGA,eu,1,96,2022-07-16 19:19:39,2005-11-18 00:00:00,Shadow The Hedgehog (Europe) (En Ja Fr De Es It).iso
4796,GameCube,StarFox : Assault,Tiro / Tiro em 3ª pessoa,Namco,Nintendo,us,1,96,2022-07-16 19:19:39,2005-11-18 00:00:00,Star Fox - Assault (USA).iso
4757,GameCube,Pokémon Colosseum,Jogos de RPG,Genius Sonority,Nintendo,us,1,96,2022-07-16 19:19:39,2004-03-22 00:00:00,Pokemon Colosseum (USA).iso
4767,GameCube,Metroid Prime,Tiro / Tiro em 1ª pessoa,Retro Studios  Inc.,Nintendo,us,1,96,2022-07-16 19:19:39,2002-11-19 00:00:00,Metroid Prime (USA) (v1.02).iso
4899,GameCube,Teenage Mutant Ninja Turtles,Briga de rua,Konami,Konami,us,1,133,2022-10-14 09:48:30,2003-10-21 00:00:00,Teenage Mutant Ninja Turtles (USA).iso
4754,GameCube,Mario Kart: Double Dash!!,Corrida / Pilotagem,Nintendo EAD,Nintendo,us,2,142,2023-10-01 14:35:55,2003-11-17 00:00:00,Mario Kart - Double Dash!! (USA).iso
4791,GameCube,Harry Potter and the Sorcerer's Stone,Aventura,Warthog,Electronic Arts,eu,2,142,2023-10-01 14:35:55,2003-12-12 00:00:00,Harry Potter and the Sorcerer's Stone (USA) (En Es).iso
12938,Game Gear,Samurai Shodown,Luta / 2D,Takara,Takara,us,,,,1994-01-01 00:00:00,Samurai Shodown (USA).zip
12902,Game Gear,Land of Illusion Starring Mickey Mouse,Plataforma,SEGA,SEGA,eu,,,,1993-01-01 00:00:00,Land of Illusion Starring Mickey Mouse (USA  Europe).zip
12944,Game Gear,Legend of Illusion Starring Mickey Mouse,Plataforma,Aspect Co.  Ltd.,SEGA,eu,,,,1995-02-01 00:00:00,Legend of Illusion Starring Mickey Mouse (USA  Europe).zip
65411,Game Gear,Mighty Morphin Power Rangers : The Movie,Briga de rua,Sims,SEGA,eu,,,,1995-01-01 00:00:00,Mighty Morphin Power Rangers - The Movie (USA  Europe).zip
12873,Game Gear,Sonic Chaos,Plataforma,Aspect Co.  Ltd.,SEGA,eu,,,,1993-11-01 00:00:00,Sonic Chaos (USA  Europe).zip
46305,Game Gear,Taz-Mania : The Search for the Lost Seabirds,Ação,NuFX  Inc.,SEGA,eu,,,,1992-12-01 00:00:00,Taz-Mania - The Search for the Lost Seabirds (USA  Europe).zip
12891,Game Gear,Tails Adventures,Plataforma,Aspect Co.  Ltd.,SEGA,jp,,,,1995-09-22 00:00:00,Tails Adventures (World) (En Ja).zip
12980,Game Gear,Spider-Man : Return of the Sinister Six,Plataforma,B.I.T.S.,Flying Edge,eu,,,,1993-06-01 00:00:00,Spider-Man - Return of the Sinister Six (USA  Europe).zip
12878,Game Gear,Sonic The Hedgehog : Triple Trouble,Plataforma,Aspect Co.  Ltd.,SEGA,eu,,,,1994-11-01 00:00:00,Sonic The Hedgehog - Triple Trouble (USA  Europe).zip
13002,Game Gear,Rastan Saga,Ação,Taito,Taito,jp,,,,1991-08-09 00:00:00,Rastan Saga (Japan).zip
12876,Game Gear,Earthworm Jim,Plataforma,Shiny Entertainment,Virgin,us,,,,1995-07-01 00:00:00,Earthworm Jim (USA).zip
46316,Game Gear,Eternal Legend : Eien no Densetsu,Jogos de RPG,JVM,SEGA,jp,,,,1991-08-09 00:00:00,Eternal Legend - Eien no Densetsu (Japan).zip
12999,Game Gear,Chuck Rock,Plataforma,Core Design,SEGA,wr,1,35,2022-11-21 12:11:34,1992-01-01 00:00:00,Chuck Rock (World).zip
12898,Game Gear,Batman Returns,Briga de rua,Aspect Co.  Ltd.,SEGA,wr,1,35,2022-11-20 22:03:33,1992-01-01 00:00:00,Batman Returns (World).zip
12928,Game Gear,Defenders of Oasis,Jogos de RPG,SEGA,SEGA,eu,1,35,2023-03-12 17:50:48,1992-01-01 00:00:00,Defenders of Oasis (USA  Europe).zip
71593,Game Gear,Star Trek : The Next Generation  The Advanced Holodeck Tutorial,Simulação,Imagineer,Absolute Entertainment,us,1,35,2023-03-12 17:50:48,1994-10-01 00:00:00,Star Trek - The Next Generation - The Advanced Holodeck Tutorial (USA).zip
12863,Game Gear,The Lion King,Plataforma,Syrox Developments  Ltd.,Virgin,us,1,35,2023-03-12 17:50:48,1994-11-01 00:00:00,Lion King  The (USA).zip
12888,Game Gear,Prince of Persia,Plataforma,Domark,Domark,eu,1,35,2023-03-12 17:50:48,1992-09-01 00:00:00,Prince of Persia (USA  Europe).zip
12901,Game Gear,Ecco : The Tides of Time,Aventura,Novotrade,SEGA,eu,1,35,2023-03-12 17:50:48,1994-11-01 00:00:00,Ecco - The Tides of Time (USA  Europe).zip
12970,Game Gear,Last Action Hero,Ação,Bits Studios,Sony Electronic Publishing,us,1,35,2023-03-12 17:50:48,1993-11-01 00:00:00,Last Action Hero (USA).zip
108001,Game Gear,The Lost World : Jurassic Park,Ação,Aspect Co.  Ltd.,SEGA,us,1,35,2023-03-12 17:50:48,1997-08-26 00:00:00,Lost World  The - Jurassic Park (USA).zip
12975,Game Gear,Phantasy Star Gaiden,Jogos de RPG,Japan System Supply,SEGA,jp,1,35,2023-03-12 17:50:48,1992-10-16 00:00:00,Phantasy Star Gaiden (Japan).zip
12873,Game Gear,Sonic & Tails,Plataforma,Aspect Co.  Ltd.,SEGA,jp,1,35,2023-03-12 17:50:48,1993-11-19 00:00:00,Sonic & Tails (Japan) (En).zip
12853,Game Gear,Sonic the Hedgehog 2,Plataforma,Aspect Co.  Ltd.,SEGA,wr,1,35,2023-03-12 17:50:48,1992-01-01 00:00:00,Sonic The Hedgehog 2 (World).zip
88428,Game Gear,Donald no Magical World,Plataforma,Treasure,SEGA,jp,1,35,2023-03-12 17:50:48,1994-03-04 00:00:00,Donald no Magical World (Japan) (En Ja).zip
12858,Game Gear,Mortal Kombat II,Luta / 2D,Probe Software,Acclaim,wr,1,35,2023-03-12 17:50:48,1994-01-01 00:00:00,Mortal Kombat II (World).zip
12925,Game Gear,Fatal Fury Special,Luta / 2D,Aspect,Takara,us,1,35,2023-03-12 17:50:48,1994-01-01 00:00:00,Fatal Fury Special (USA).zip
88430,Game Gear,Double Dragon: The Revenge of Billy Lee,Briga de rua,Virgin,Virgin,eu,1,35,2023-03-12 17:50:48,1993-05-26 00:00:00,Double Dragon (USA  Europe).zip
12966,Game Gear,Wonder Boy,Plataforma,Escape,SEGA,jp,1,35,2023-03-12 17:50:48,1990-12-08 00:00:00,Wonder Boy (Japan).zip
12860,Game Gear,Aladdin,Plataforma,Sims,SEGA,eu,4,50,2023-02-14 15:33:40,1994-06-19 00:00:00,Aladdin (USA  Europe).zip
65669,Game Gear,The Itchy & Scratchy Game,Plataforma,Bit Corp.,Acclaim,eu,4,50,2023-02-14 15:33:40,1995-01-01 00:00:00,Itchy & Scratchy Game  The (USA  Europe).zip
12852,Game Gear,Battletoads,Briga de rua,Arc System Works,SEGA,us,2,189,2022-11-20 22:05:31,1993-12-01 00:00:00,Battletoads (USA).zip
12927,Game Gear,Hook,Plataforma,Spidersoft Limited,Sony Electronic Publishing,us,2,189,2022-11-20 22:05:31,1993-07-01 00:00:00,Hook (USA).zip
12855,Game Gear,Mortal Kombat : Shinken Kourin Densetsu,Luta / 2D,Probe Software,Arena Entertainment,jp,2,189,2022-11-20 22:05:31,1993-12-17 00:00:00,Mortal Kombat - Shinken Kourin Densetsu (Japan).zip
12922,Game Gear,Road Rash,Corrida / Pilotagem,Probe Software,U.S. Gold,eu,2,189,2022-11-20 22:05:31,1994-02-01 00:00:00,Road Rash (Europe).zip
12869,Game Gear,The Simpsons : Bart vs. the Space Mutants,Plataforma,Probe Software,Flying Edge,eu,2,189,2022-11-20 22:05:31,1993-01-05 00:00:00,Simpsons  The - Bart vs. the Space Mutants (USA  Europe).zip
12950,Game Gear,Krusty's Fun House,Quebra-cabeças,Audiogenic Software Ltd.,Flying Edge,eu,2,189,2022-11-20 22:05:31,1993-01-01 00:00:00,Krusty's Fun House (USA  Europe).zip
12926,Game Gear,Shining Force Gaiden : Ensei  Jashin no Kuni e,Aventura,Sonic! Software Planning,SEGA,jp,2,189,2022-11-20 22:05:31,1992-12-15 00:00:00,Shining Force Gaiden - Ensei  Jashin no Kuni e (Japan).zip
46313,Game Gear,X-Men : Gamemaster's Legacy,Plataforma,SEGA,SEGA,eu,2,189,2022-11-20 22:05:31,1994-01-01 00:00:00,X-Men - Gamemaster's Legacy (USA  Europe).zip
12881,Game Gear,Desert Strike : Return to the Gulf,Ação,Tiertex,Domark,us,2,189,2022-11-20 22:05:31,1994-01-01 00:00:00,Desert Strike - Return to the Gulf (USA).zip
13007,Game Gear,Wolfchild,Plataforma,Core Design,Virgin,eu,2,189,2022-11-20 22:05:31,1993-01-01 00:00:00,Wolfchild (Europe).zip
12878,Game Gear,Sonic & Tails 2,Plataforma,Aspect Co.  Ltd.,SEGA,jp,2,189,2022-11-20 22:05:31,1994-11-11 00:00:00,Sonic & Tails 2 (Japan).zip
12893,Game Gear,Ninja Gaiden,Briga de rua,Japan System House Co.  Ltd.,SEGA,jp,2,189,2022-11-20 22:05:31,1991-11-01 00:00:00,Ninja Gaiden (Japan).zip
12879,Game Gear,Batman Forever,Briga de rua,Probe Entertainment,Acclaim,wr,2,189,2022-11-20 22:05:31,1995-01-01 00:00:00,Batman Forever (World).zip
12871,Game Gear,Shining Force II : The Sword of Hajya,Jogos de RPG,Sonic! Software Planning,SEGA,us,2,189,2022-11-20 22:05:31,1994-06-24 00:00:00,Shining Force II - The Sword of Hajya (USA).zip
13019,Game Gear,The Simpsons : Bart vs. the World,Plataforma,Sonic! Software Planning,Flying Edge,wr,2,189,2022-11-20 22:05:31,1993-01-01 00:00:00,Simpsons  The - Bart vs. the World (World).zip
12973,Game Gear,Choplifter III,Shoot'em Up,Beam Software,Extreme Entertainment,us,2,189,2022-11-20 22:05:31,1994-04-01 00:00:00,Choplifter III (USA).zip
65830,Game Gear,Phantom 2040,Plataforma,Unexpected Development,Viacom New Media,eu,2,189,2022-11-20 22:05:31,1995-01-01 00:00:00,Phantom 2040 (USA  Europe).zip
12875,Game Gear,Star Wars,Plataforma,Tiertex,U.S. Gold,eu,2,189,2022-11-20 22:05:31,1993-01-01 00:00:00,Star Wars (Europe).zip
13021,Game Gear,Tom and Jerry : The Movie,Plataforma,Sims,SEGA,eu,2,189,2022-11-20 22:05:31,1993-01-01 00:00:00,Tom and Jerry - The Movie (USA  Europe).zip
12882,Game Gear,Indiana Jones and the Last Crusade,Plataforma,Tiertex,U.S. Gold,eu,2,189,2022-11-20 22:05:31,1992-01-01 00:00:00,Indiana Jones and the Last Crusade (USA  Europe).zip
12979,Game Gear,RoboCop 3,Plataforma / Tiro com rolagem,Eden Entertainment Software Ltd.,Flying Edge,wr,2,189,2022-11-20 22:05:31,1993-01-01 00:00:00,RoboCop 3 (World).zip
12922,Game Gear,Road Rash,Corrida / Pilotagem,Probe Software,U.S. Gold,us,2,189,2022-11-20 22:05:31,1994-03-01 00:00:00,Road Rash (USA).zip
46304,Game Gear,Stargate,Estratégia,Probe Software,Acclaim,wr,2,189,2022-11-20 22:05:31,1994-01-01 00:00:00,Stargate (World).zip
12941,Game Gear,Phantasy Star Adventure,Aventura,SEGA,SEGA,jp,2,189,2022-11-20 22:05:31,1992-03-13 00:00:00,Phantasy Star Adventure (Japan).zip
12968,Game Gear,Arliel : Crystal Densetsu,Jogos de RPG,SEGA,SEGA,jp,2,189,2022-11-20 22:05:31,1991-12-13 00:00:00,Arliel - Crystal Densetsu (Japan).zip
12936,Game Gear,Astérix and the Secret Mission,Plataforma,SEGA,SEGA,eu,1,11,2004-12-31 22:04:35,1993-01-01 00:00:00,Asterix and the Secret Mission (Europe) (En Fr De).zip
12907,Game Gear,RoboCop Versus The Terminator,Plataforma / Tiro com rolagem,NMS Software Ltd.,Virgin,eu,1,11,2004-12-31 22:04:35,1993-12-01 00:00:00,RoboCop versus The Terminator (USA  Europe).zip
12881,Game Gear,Desert Strike,Ação,Tiertex,Domark,eu,1,11,2004-12-31 22:04:35,1993-01-01 00:00:00,Desert Strike (Europe) (En Fr De Es).zip
12976,Game Gear,Mappy,Quebra-cabeças,Namco,Namco,jp,1,11,2004-12-31 22:04:35,1991-05-24 00:00:00,Mappy (Japan).zip
12884,Game Gear,Mickey's Ultimate Challenge,Quebra-cabeças,Designer Software,HiTech Software,us,1,11,2004-12-31 22:04:35,1994-01-01 00:00:00,Mickey's Ultimate Challenge (USA).zip
13055,Game Gear,Side Pocket,Esporte / Sinuca,Opera House,Data East,us,1,11,2004-12-31 22:04:35,1994-01-01 00:00:00,Side Pocket (USA).zip
12993,Game Gear,Virtua Fighter Animation,Luta / 2D,Aspect Co.  Ltd.,SEGA,eu,1,11,2004-12-31 22:04:35,1996-01-01 00:00:00,Virtua Fighter Animation (USA  Europe).zip
12888,Game Gear,Prince of Persia,Plataforma,Domark,Domark,eu,1,11,2004-12-31 22:04:35,1992-09-01 00:00:00,Prince of Persia (USA  Europe) (Beta).zip
12956,Game Gear,Gunstar Heroes,Shoot'em Up / Horizontal,M2 Co.  Ltd.,SEGA,jp,1,11,2004-12-31 22:04:35,1995-03-24 00:00:00,Gunstar Heroes (Japan).zip
12909,Game Gear,Fantasy Zone,Shoot'em Up,Sanritsu Denki,SEGA,us,1,11,2004-12-31 22:04:35,1991-01-01 00:00:00,Fantasy Zone (USA).zip
13046,Game Gear,The Incredible Hulk,Ação,Probe Software,U.S. Gold,eu,1,11,2004-12-31 22:04:35,1994-06-01 00:00:00,Incredible Hulk  The (USA  Europe).zip
12933,Game Gear,Garfield : Caught in the Act,Plataforma,Novotrade,SEGA,eu,1,11,2004-12-31 22:04:35,1995-12-14 00:00:00,Garfield - Caught in the Act (USA  Europe).zip
12997,Game Gear,Spider-Man,Plataforma,B.I.T.S.,Flying Edge,eu,1,11,2004-12-31 22:04:35,1992-06-01 00:00:00,Spider-Man vs. The Kingpin (USA  Europe).zip
12929,Game Gear,Shining Force Gaiden : Final Conflict,Jogos de RPG,Sonic! Software Planning,SEGA,jp,1,11,2004-12-31 22:04:35,1995-06-30 00:00:00,Shining Force Gaiden - Final Conflict (Japan).zip
12959,Game Gear,Global Gladiators,Plataforma,Krisalis Software,Virgin,eu,1,11,2004-12-31 22:04:35,1993-05-26 00:00:00,Mick & Mack as the Global Gladiators (USA  Europe).zip
13001,Game Gear,Paperboy 2,Esporte / Ciclismo,Tengen,Tengen,eu,1,11,2004-12-31 22:04:35,1992-01-01 00:00:00,Paperboy 2 (USA  Europe).zip
12870,Game Gear,Wonder Boy : The Dragon's Trap,Plataforma,Westone Co.  Ltd.,SEGA,eu,1,11,2004-12-31 22:04:35,1992-01-01 00:00:00,Wonder Boy - The Dragon's Trap (Europe).zip
12935,Game Gear,Primal Rage,Luta,Probe Entertainment,Time Warner Interactive,eu,1,11,2004-12-31 22:04:35,1995-08-25 00:00:00,Primal Rage (USA  Europe).zip
13012,Game Gear,X-Men : Mojo World,Plataforma,SEGA,SEGA,eu,1,11,2004-12-31 22:04:35,1996-01-01 00:00:00,X-Men - Mojo World (USA  Europe).zip
12854,Game Gear,Mortal Kombat 3,Luta / 2D,Software Creations,Acclaim,eu,1,11,2004-12-31 22:04:35,1996-01-01 00:00:00,Mortal Kombat 3 (Europe).zip
12856,Game Gear,Sonic the Hedgehog,Plataforma,Ancient,SEGA,wr,1,11,2004-12-31 22:04:35,1991-12-01 00:00:00,Sonic The Hedgehog (World) (Rev 1).zip
71615,Game Gear,WWF Wrestlemania Steel Cage Challenge,Esporte / Combate,Teeny Weeny Games  Ltd.,Flying Edge,eu,1,11,2004-12-31 22:04:35,1993-06-01 00:00:00,WWF Wrestlemania Steel Cage Challenge (Europe).zip
12947,Game Gear,Chuck Rock II: Son of Chuck,Plataforma,Core Design,Core Design,us,1,11,2004-12-31 22:04:35,1993-01-01 00:00:00,Chuck Rock II - Son of Chuck (USA).zip
71607,Game Gear,Tarzan : Lord of the Jungle,Ação,Eurocom,GameTek,eu,1,11,2004-12-31 22:04:35,1994-11-10 00:00:00,Tarzan - Lord of the Jungle (Europe).zip
12917,Game Gear,Sonic Spinball,Pinball,SEGA,SEGA,eu,1,11,2004-12-31 22:04:35,1994-08-01 00:00:00,Sonic The Hedgehog Spinball (USA  Europe).zip
12940,Game Gear,Donald Duck no Lucky Dime,Plataforma,SEGA,SEGA,jp,1,11,2004-12-31 22:04:35,1991-12-20 00:00:00,Donald Duck no Lucky Dime (Japan).zip
13028,Game Gear,Star Trek Generations : Beyond the Nexus,Estratégia,Absolute Entertainment,Absolute Entertainment,eu,1,11,2004-12-31 22:04:35,1994-12-01 00:00:00,Star Trek Generations - Beyond the Nexus (USA  Europe).zip
12901,Game Gear,Ecco the Dolphin II,Aventura,Novotrade,SEGA,jp,1,11,2004-12-31 22:04:35,1995-02-03 00:00:00,Ecco the Dolphin II (Japan).zip
12875,Game Gear,Star Wars,Plataforma,Tiertex,U.S. Gold,us,1,11,2004-12-31 22:04:35,1993-10-01 00:00:00,Star Wars (USA).zip
12912,Game Gear,Paperboy,Esporte / Ciclismo,Tiertex,Tengen,eu,1,11,2004-12-31 22:04:35,1992-09-24 00:00:00,Paperboy (USA  Europe).zip
88421,Game Gear,Car Licence,Educacional,System Vision,Mitsubishi Chemical,jp,1,11,2004-12-31 22:04:35,1995-01-01 00:00:00,Car Licence (Japan).zip
12958,Game Gear,FIFA International Soccer,Esporte / Futebol,Tiertex,Electronic Arts,eu,1,11,2004-12-31 22:04:35,1994-01-01 00:00:00,FIFA International Soccer (USA  Europe).zip
13044,Game Gear,Greendog : The Beached Surfer Dude!,Plataforma,Interactive Designs,SEGA,eu,1,11,2004-12-31 22:04:35,1993-01-01 00:00:00,Greendog - The Beached Surfer Dude! (USA  Europe).zip
13016,Game Gear,Cutthroat Island,Briga de rua,Software Creations,Acclaim,eu,1,11,2004-12-31 22:04:35,1995-01-01 00:00:00,Cutthroat Island (USA  Europe).zip
13070,Game Gear,Zoop,Quebra-cabeças,Hookstone Ltd.,Viacom New Media,us,1,11,2004-12-31 22:04:35,1995-01-01 00:00:00,Zoop (USA).zip
13011,Game Gear,Taz in Escape from Mars,Plataforma,Al Baker & Associates,SEGA,eu,1,11,2004-12-31 22:04:35,1994-01-01 00:00:00,Taz in Escape from Mars (USA  Europe).zip
12993,Game Gear,Virtua Fighter Mini,Luta / 2D,Aspect Co.  Ltd.,SEGA,jp,1,11,2004-12-31 22:04:35,1996-03-29 00:00:00,Virtua Fighter Mini (Japan).zip
12915,Game Gear,Judge Dredd,Plataforma / Tiro com rolagem,Probe,Acclaim,eu,1,11,2004-12-31 22:04:35,1995-01-01 00:00:00,Judge Dredd (USA  Europe).zip
12896,Game Gear,Micro Machines,Corrida / Pilotagem,Codemasters,Codemasters,eu,1,11,2004-12-31 22:04:35,1993-11-01 00:00:00,Micro Machines (Europe).zip
46301,Game Gear,VR Troopers,Luta / 2D,Syrox Developments  Ltd.,SEGA,eu,1,11,2004-12-31 22:04:35,1995-01-01 00:00:00,VR Troopers (USA  Europe).zip
12871,Game Gear,Shining Force Gaiden II : Jashin no Kakusei,Jogos de RPG,Sonic! Software Planning,SEGA,jp,1,11,2004-12-31 22:04:35,1993-06-25 00:00:00,Shining Force Gaiden II - Jashin no Kakusei (Japan).zip
12943,Game Gear,Ariel the Little Mermaid,Ação,BlueSky Software  Inc.,SEGA,eu,1,259,2022-11-21 10:53:47,1992-12-26 00:00:00,Ariel the Little Mermaid (USA  Europe).zip
13008,Game Gear,Dynamite Headdy,Plataforma,Minato Giken,SEGA,eu,1,259,2022-11-21 10:53:47,1994-11-01 00:00:00,Dynamite Headdy (USA  Europe).zip
12938,Game Gear,Samurai Spirits,Luta / 2D,Takara,Takara,jp,1,259,2022-11-21 10:53:47,1994-12-16 00:00:00,Samurai Spirits (Japan).zip
12949,Game Gear,Spider-Man / X-Men: Arcade's Revenge,Briga de rua,Software Creations,Flying Edge,us,1,259,2022-11-21 10:53:47,1994-03-01 00:00:00,Spider-Man - X-Men - Arcade's Revenge (USA).zip
12890,Game Gear,Astérix and the Great Rescue,Plataforma,Core Design,SEGA,us,1,32,2024-04-10 22:18:35,1994-01-01 00:00:00,Asterix and the Great Rescue (USA).zip
13030,Game Gear,Captain America and The Avengers,Briga de rua,Realtime Associates,Mindscape,eu,5,86,2024-06-22 14:02:41,1993-01-01 00:00:00,Captain America and the Avengers (USA  Europe).zip
2970,Gameboy,Super Mario Land,Ação,Nintendo,Nintendo,wr,,,,1989-07-31 00:00:00,Super Mario Land (World).zip
3123,Gameboy,Double Dragon II,Briga de rua,Tecmo,Acclaim,eu,,,,1991-12-01 00:00:00,Double Dragon II (USA  Europe).zip
3028,Gameboy,Final Fantasy Legend II,Jogos de RPG,Square Enix,Square Enix,us,,,,1991-11-01 00:00:00,Final Fantasy Legend II (USA).zip
3125,Gameboy,Adventure Island,Ação,Hudson,Hudson,eu,,,,1992-02-01 00:00:00,Adventure Island (USA  Europe).zip
3082,Gameboy,Kid Icarus : Of Myths and Monsters,Plataforma,Nintendo,Nintendo,eu,,,,1992-02-01 00:00:00,Kid Icarus - Of Myths and Monsters (USA  Europe).zip
3338,Gameboy,Fist of the North Star,Luta,Shouei System,Taxan USA Corp.,us,,,,1989-01-01 00:00:00,Fist of the North Star (USA).zip
3183,Gameboy,Kid Dracula,Ação,Konami,Konami,eu,,,,1993-01-03 00:00:00,Kid Dracula (USA  Europe).zip
3071,Gameboy,Disney's DuckTales 2,Plataforma,Capcom,Capcom,us,,,,1991-01-01 00:00:00,DuckTales 2 (USA).zip
59624,Gameboy,The Adventures of Star Saver,Ação,A Wave Inc,Taito,eu,,,,1992-01-01 00:00:00,Adventures of Star Saver  The (USA  Europe).zip
70767,Gameboy,Teenage Mutant Ninja Turtles II : Back from the Sewers,Plataforma,Konami,Konami,us,,,,1992-05-21 00:00:00,Teenage Mutant Ninja Turtles II - Back from the Sewers (USA).zip
2964,Gameboy,Super Mario Land 2: 6 Golden Coins,Plataforma,Nintendo,Nintendo,eu,,,,1992-11-02 00:00:00,Super Mario Land 2 - 6 Golden Coins (USA  Europe).zip
3278,Gameboy,The Addams Family - Pugsley's Scavenger Hunt,Ação,Ocean,Ocean,eu,,,,1993-01-01 00:00:00,Addams Family  The - Pugsley's Scavenger Hunt (USA  Europe).zip
2991,Gameboy,Metroid II : Return of Samus,Plataforma,Nintendo,Nintendo,wr,,,,1991-08-26 00:00:00,Metroid II - Return of Samus (World).zip
3289,Gameboy,Tiny Toon Adventures 2 : Montana's Movie Madness,Plataforma,Konami,Konami,eu,,,,1993-11-02 00:00:00,Tiny Toon Adventures 2 - Montana's Movie Madness (USA  Europe).zip
3284,Gameboy,Mickey's Dangerous Chase,Plataforma,Now Production Co.  Ltd.,Capcom,us,,,,1991-01-01 00:00:00,Mickey's Dangerous Chase (USA).zip
3038,Gameboy,Yoshi's Cookie,Quebra-cabeças,Home Data,Nintendo,eu,,,,1993-01-01 00:00:00,Yoshi's Cookie (USA  Europe).zip
70850,Gameboy,The Little Mermaid,Ação,Capcom,Capcom,us,,,,1993-01-01 00:00:00,Little Mermaid  The (USA).zip
2988,Gameboy,Mortal Kombat,Luta,Midway,Acclaim,eu,,,,1993-09-13 00:00:00,Mortal Kombat (USA  Europe).zip
3072,Gameboy,Looney Tunes,Ação,Sunsoft,Sunsoft,eu,,,,1992-01-01 00:00:00,Looney Tunes (USA  Europe).zip
3618,Gameboy,Pinocchio,Quebra-cabeças,NMS Software Ltd.,Black Pearl Software,us,,,,1996-01-01 00:00:00,Pinocchio (USA).zip
3049,Gameboy,Final Fantasy Legend III,Shoot'em Up,Square Enix,Square Enix,us,,,,1993-09-29 00:00:00,Final Fantasy Legend III (USA).zip
69790,Gameboy,Pipe Dream,Estratégia,The Assembly Line,Bullet Proof Software,us,,,,1990-01-01 00:00:00,Pipe Dream (USA).zip
71242,Gameboy,Yoshi,Ação,Game Freak,Nintendo,us,,,,1991-12-02 00:00:00,Yoshi (USA).zip
3056,Gameboy,Dr. Mario,Quebra-cabeças,Nintendo,Nintendo,wr,,,,1990-01-01 00:00:00,Dr. Mario (World).zip
70769,Gameboy,Teenage Mutant Ninja Turtles III : Radical Rescue,Plataforma / Combate com rolagem,Konami,Konami,us,,,,1993-01-01 00:00:00,Teenage Mutant Ninja Turtles III - Radical Rescue (USA).zip
3103,Gameboy,Mega Man : Dr. Wily's Revenge,Ação,Capcom,Capcom,us,,,,1991-12-02 00:00:00,Mega Man - Dr. Wily's Revenge (USA).zip
3129,Gameboy,Pac-Man,Ação / Labirinto,Namco,Namco,us,,,,1991-04-02 00:00:00,Pac-Man (USA).zip
59723,Gameboy,Alfred Chicken,Plataforma / Corre e Pula com rolagem,Twilight,Mindscape,us,,,,1994-02-01 00:00:00,Alfred Chicken (USA).zip
3520,Gameboy,The Flintstones,Ação,Ocean,Twilight Games,eu,,,,1994-01-01 00:00:00,Flintstones  The (USA  Europe).zip
3553,Gameboy,The Real Ghostbusters,Ação,Kemco,Activision,us,,,,1994-01-01 00:00:00,Real Ghostbusters  The (USA).zip
3491,Gameboy,BurgerTime Deluxe,Variados,Namco,Namco,wr,,,,1992-02-25 00:00:00,BurgerTime Deluxe (World).zip
3014,Gameboy,Teenage Mutant Ninja Turtles : Fall of the Foot Clan,Plataforma,Ultra Games,Konami,us,,,,1990-04-03 00:00:00,Teenage Mutant Ninja Turtles - Fall of the Foot Clan (USA).zip
3002,Gameboy,Disney's DuckTales,Plataforma,Capcom,Capcom,us,,,,1990-10-02 00:00:00,DuckTales (USA).zip
3357,Gameboy,Joe & Mac : Caveman Ninja,Plataforma,Data East,Data East,us,,,,1990-10-02 00:00:00,Joe & Mac (USA).zip
3012,Gameboy,Mortal Kombat II,Esporte,Midway,Acclaim,eu,,,,1994-09-13 00:00:00,Mortal Kombat II (USA  Europe).zip
3187,Gameboy,The Addams Family,Ação,Ocean,Ocean,us,,,,1994-09-13 00:00:00,Addams Family  The (USA).zip
3523,Gameboy,Barbie : Game Girl,Plataforma,Imagineer,HiTech Software,eu,,,,1992-10-01 00:00:00,Barbie - Game Girl (USA  Europe).zip
70441,Gameboy,The Simpsons : Bart & the Beanstalk,Ação,Software Creations,Acclaim,eu,,,,1994-01-01 00:00:00,Simpsons  The - Bart & the Beanstalk (USA  Europe).zip
3449,Gameboy,RoboCop 2,Plataforma / Tiro com rolagem,Painting by Numbers,Ocean,eu,,,,1991-01-01 00:00:00,RoboCop 2 (USA  Europe).zip
3437,Gameboy,Frogger,Tiro,Konami,Majesco,us,,,,1991-01-01 00:00:00,Frogger (USA).zip
3530,Gameboy,Wayne's World,Ação,Robert Fiorini & Associates,Capstone Software,us,,,,1993-11-02 00:00:00,Wayne's World (USA).zip
3328,Gameboy,The Blues Brothers,Plataforma,Titus,Titus,eu,,,,1993-11-02 00:00:00,Blues Brothers  The (USA  Europe).zip
71139,Gameboy,Wave Race,Corrida / Pilotagem,Pax Softnica,Nintendo,eu,,,,1997-06-24 00:00:00,Wave Race (USA  Europe).zip
3385,Gameboy,Ms. Pac-Man,Ação / Labirinto,Midway,Namco,us,,,,1993-10-02 00:00:00,Ms. Pac-Man (USA).zip
3024,Gameboy,Jurassic Park,Ação,Ocean,Ocean,us,,,,1993-01-01 00:00:00,Jurassic Park (USA).zip
70737,Gameboy,TaleSpin,Shoot'em Up / Horizontal,Dual,Capcom,us,,,,1992-12-01 00:00:00,TaleSpin (USA).zip
3170,Gameboy,Bart Simpson's Escape from Camp Deadly,Ação,Imagineer,Acclaim,eu,1,133,2022-11-21 11:56:06,1993-01-01 00:00:00,Bart Simpson's Escape from Camp Deadly (USA  Europe).zip
66710,Gameboy,The Flintstones : King Rock Treasure Island,Ação,Taito,Taito,eu,1,133,2022-11-21 11:56:06,1993-01-01 00:00:00,Flintstones  The - King Rock Treasure Island (USA  Europe).zip
3156,Gameboy,Mega Man II,Ação,Capcom,Capcom,us,1,133,2022-11-21 11:56:06,1992-01-02 00:00:00,Mega Man II (USA).zip
3269,Gameboy,Mega Man IV,Shoot'em Up,Capcom,Capcom,us,1,133,2022-11-21 11:56:06,1993-01-01 00:00:00,Mega Man IV (USA).zip
3021,Gameboy,Castlevania : The Adventure,Plataforma,Konami,Konami,us,1,133,2022-11-21 11:56:06,1990-09-28 00:00:00,Castlevania - The Adventure (USA).zip
3398,Gameboy,Beavis and Butt-Head,Plataforma,Viacom New Media,GT Interactive,eu,1,133,2022-11-21 11:56:06,1996-01-01 00:00:00,Beavis and Butt-Head (USA  Europe).zip
70533,Gameboy,Speedy Gonzales,Ação,Citizen Software,Sunsoft,eu,1,133,2022-11-21 11:56:06,1993-01-01 00:00:00,Speedy Gonzales (USA  Europe).zip
3321,Gameboy,Balloon Kid,Ação,Nintendo,Nintendo,eu,1,133,2022-11-21 11:56:06,1990-10-02 00:00:00,Balloon Kid (USA  Europe).zip
3234,Gameboy,Mega Man III,Ação,Capcom,Capcom,us,1,133,2022-11-21 11:56:06,1992-01-01 00:00:00,Mega Man III (USA).zip
3176,Gameboy,Batman : Return of the Joker,Ação,Sunsoft,Sunsoft,eu,1,133,2022-11-21 11:56:06,1992-05-02 00:00:00,Batman - Return of the Joker (USA  Europe).zip
3331,Gameboy,Dragon's Lair : The Legend,Plataforma,MotiveTime  Ltd.,Ubisoft,us,1,133,2022-11-21 11:56:06,2001-01-30 00:00:00,Dragon's Lair - The Legend (USA).zip
3370,Gameboy,Home Alone,Ação,Manley & Associates  Inc.,Capstone Software,eu,1,133,2022-11-21 11:56:06,1991-01-01 00:00:00,Home Alone (USA  Europe).zip
3285,Gameboy,Ghostbusters II,Tiro / Corra e Atire,Kemco,Activision,eu,1,133,2022-11-21 11:56:06,1991-01-01 00:00:00,Ghostbusters II (USA  Europe).zip
3224,Gameboy,Judge Dredd,Plataforma / Tiro com rolagem,Probe Entertainment,Acclaim,eu,1,133,2022-11-21 11:56:06,1995-06-16 00:00:00,Judge Dredd (USA  Europe).zip
70098,Gameboy,The Punisher : The Ultimate Payback,Ação,Beam Software,LJN,us,1,133,2022-11-21 11:56:06,1995-06-16 00:00:00,Punisher  The - The Ultimate Payback (USA).zip
2956,Gameboy,Battletoads,Luta,Rareware,Tradewest,eu,1,133,2022-11-21 11:56:06,1991-01-01 00:00:00,Battletoads (USA  Europe).zip
3547,Gameboy,Felix the Cat,Ação,Hudson,Electro Brain Corp.,eu,1,133,2022-11-21 11:56:06,1993-01-01 00:00:00,Felix the Cat (USA  Europe).zip
3568,Gameboy,Bill & Ted's Excellent Game Boy Adventure,Aventura,LJN,LJN,eu,1,133,2022-11-21 11:56:06,1991-01-01 00:00:00,Bill & Ted's Excellent Game Boy Adventure (USA  Europe).zip
3017,Gameboy,The Final Fantasy Legend,Jogos de RPG,Square Enix,Square Enix,us,1,133,2022-11-21 11:56:06,1990-09-30 00:00:00,Final Fantasy Legend  The (USA).zip
3184,Gameboy,Jurassic Park Part 2 : The Chaos Continues,Plataforma / Tiro com rolagem,Ocean,Ocean,eu,1,133,2022-11-21 11:56:06,1990-09-30 00:00:00,Jurassic Park Part 2 - The Chaos Continues (USA  Europe) (En Fr De It).zip
3505,Gameboy,Skate or Die : Bad 'N Rad,Esporte / Skate,Palcom,Konami,us,1,133,2022-11-21 11:56:06,1990-09-01 00:00:00,Skate or Die - Bad 'N Rad (USA).zip
2969,Gameboy,Final Fantasy Adventure,Jogos de RPG / RPG de Ação,Square Enix,Square Enix,us,1,133,2022-11-21 11:56:06,1991-11-02 00:00:00,Final Fantasy Adventure (USA).zip
69564,Gameboy,Ninja Gaiden Shadow,Plataforma,Natsume,Tecmo,us,1,133,2022-11-21 11:56:06,1991-11-02 00:00:00,Ninja Gaiden Shadow (USA).zip
3044,Gameboy,Double Dragon,Esporte,Technos Japan Corp.,Tradewest,eu,1,133,2022-11-21 11:56:06,1990-07-20 00:00:00,Double Dragon (USA  Europe).zip
3295,Gameboy,Tiny Toon Adventures : Babs' Big Break,Plataforma,Konami,Konami,eu,1,133,2022-11-21 11:56:06,1990-07-20 00:00:00,Tiny Toon Adventures - Babs' Big Break (USA  Europe).zip
59724,Gameboy,Alien 3,Tiro / Corra e Atire,Bits Studios,LJN,eu,1,133,2022-11-21 11:56:06,1993-01-01 00:00:00,Alien 3 (USA  Europe).zip
3603,Gameboy,Star Trek : The Next Generation,Simulação,Spectrum Holobyte,Spectrum Holobyte,eu,1,133,2022-11-21 11:56:06,1993-01-01 00:00:00,Star Trek - The Next Generation (USA  Europe).zip
3404,Gameboy,Elevator Action,Plataforma / Tiro com rolagem,Taito,Taito,eu,1,133,2022-11-21 11:56:06,1991-01-01 00:00:00,Elevator Action (USA  Europe).zip
3512,Gameboy,WWF War Zone,Esporte / Luta Livre,Combat,Combat,eu,1,133,2022-11-21 11:56:06,1998-01-01 00:00:00,WWF War Zone (USA  Europe).zip
70030,Gameboy,Popeye 2,Plataforma,Copya System Ltd.,Activision,us,1,133,2022-11-21 11:56:06,1993-01-01 00:00:00,Popeye 2 (USA).zip
70191,Gameboy,The Ren & Stimpy Show : Space Cadet Adventures,Plataforma,Imagineer,THQ,us,1,133,2022-11-21 11:56:06,1992-01-01 00:00:00,Ren & Stimpy Show  The - Space Cadet Adventures (USA).zip
3261,Gameboy,Hook,Ação,Ukiyotei,Sony Electronic Publishing,us,1,133,2022-11-21 11:56:06,1992-04-02 00:00:00,Hook (USA).zip
3101,Gameboy,Ninja Boy,Luta,Culture Brain,Culture Brain,eu,1,133,2022-11-21 11:56:06,1990-01-01 00:00:00,Ninja Boy (USA  Europe).zip
3446,Gameboy,Blades of Steel,Esporte / Hóquei,Konami,Ultra Games,us,1,37,2022-11-20 22:56:24,1991-08-01 00:00:00,Blades of Steel (USA).zip
3569,Gameboy,Blaster Master Boy,Ação / Labirinto,Aicom,Sunsoft,us,1,48,2022-11-20 22:55:35,1991-01-01 00:00:00,Blaster Master Boy (USA).zip
3302,Gameboy,Road Rash,Jogos de RPG,Electronic Arts,Ocean,eu,1,48,2022-11-20 22:55:35,1991-01-01 00:00:00,Road Rash (USA  Europe).zip
2989,Gameboy,Mortal Kombat 3,Luta,Midway,Williams,us,1,48,2022-11-20 22:55:35,1995-01-01 00:00:00,Mortal Kombat 3 (USA).zip
70916,Gameboy,Tiny Toon Adventures : Wacky Sports,Esporte,Konami,Konami,us,1,48,2022-11-20 22:55:35,1994-01-01 00:00:00,Tiny Toon Adventures - Wacky Sports (USA).zip
70987,Gameboy,Toxic Crusaders,Plataforma,Realtime Associates,Bandai Namco,us,1,48,2022-11-20 22:55:35,1992-01-01 00:00:00,Toxic Crusaders (USA).zip
3583,Gameboy,Zool : Ninja of the 'Nth' Dimension,Plataforma / Tiro com rolagem,Gremlin Graphics Software,GameTek,us,1,48,2022-11-20 22:55:35,1993-01-01 00:00:00,Zool - Ninja of the 'Nth' Dimension (USA).zip
70945,Gameboy,Tom and Jerry : Frantic Antics!,Ação,Beam Software,HiTech Software,eu,1,48,2022-11-20 22:55:35,1993-01-01 00:00:00,Tom and Jerry - Frantic Antics! (USA  Europe).zip
3020,Gameboy,Tarzan,Quebra-cabeças,Eurocom,GameTek,eu,1,48,2022-11-20 22:55:35,1994-10-01 00:00:00,Tarzan (USA  Europe).zip
3664,Gameboy,Bubble Bobble Part 2,Plataforma,Taito,Taito,eu,1,48,2022-11-20 22:55:35,1993-01-01 00:00:00,Bubble Bobble Part 2 (USA  Europe).zip
70192,Gameboy,The Ren & Stimpy Show : Veediots!,Ação,THQ,THQ,eu,1,48,2022-11-20 22:55:35,1993-01-01 00:00:00,Ren & Stimpy Show  The - Veediots! (USA  Europe).zip
2967,Gameboy,Legend of Zelda : Link's Awakening  The,Jogos de RPG,Nintendo,Nintendo,eu,1,48,2022-11-20 22:55:35,1993-11-01 00:00:00,Legend of Zelda  The - Link's Awakening (USA  Europe).zip
70558,Gameboy,Spot,Estratégia,Software Creations,Arcadia Systems  Inc.,us,1,48,2022-11-20 22:55:35,1990-01-01 00:00:00,Spot (USA).zip
3207,Gameboy,RoboCop,Plataforma / Tiro com rolagem,Ocean,Ocean,us,1,48,2022-11-20 22:55:35,1990-12-01 00:00:00,RoboCop (USA).zip
142946,Gameboy,Snow Bros. Jr.,Plataforma,Toaplan,Capcom,us,1,48,2022-11-20 22:55:35,1992-01-01 00:00:00,Snow Bros. Jr. (USA).zip
70841,Gameboy,The Jungle Book,Ação,Eurocom,Virgin Interactive,eu,1,48,2022-11-20 22:55:35,1994-01-01 00:00:00,Jungle Book  The (USA  Europe).zip
3551,Gameboy,Skate or Die : Tour de Thrash,Esporte / Skate,Electronic Arts,Electronic Arts,us,1,48,2022-11-20 22:55:35,1991-06-01 00:00:00,Skate or Die - Tour de Thrash (USA).zip
69167,Gameboy,Maui Mallard,Plataforma,Bonsai Entertainment Corp,Sunsoft,us,1,48,2022-11-20 22:55:35,1998-08-01 00:00:00,Maui Mallard (USA).zip
3068,Gameboy,Prince of Persia,Ação,Broderbund Software,Virgin,us,1,48,2022-11-20 22:55:35,1992-01-01 00:00:00,Prince of Persia (USA).zip
3093,Gameboy,Batman Forever,Luta,Probe Entertainment,Acclaim,eu,2,128,2022-11-21 12:31:49,1992-01-01 00:00:00,Batman Forever (USA  Europe).zip
65221,Gameboy,Bo Jackson : Two Games in One,Esporte,Equilibrium,THQ,us,2,128,2022-11-21 12:31:49,1991-06-01 00:00:00,Bo Jackson - Two Games in One (USA).zip
66210,Gameboy,Centipede,Ação,Leaping Lizard Software  Inc.,Hasbro Interactive,us,2,128,2022-11-21 12:31:49,1992-12-01 00:00:00,Centipede (USA).zip
66416,Gameboy,Dig Dug,Ação,Namco,Namco,us,2,128,2022-11-21 12:31:49,1992-07-17 00:00:00,Dig Dug (USA).zip
3537,Gameboy,Captain America and the Avengers,Luta,Data East,Mindscape,us,2,128,2022-11-21 12:31:49,1994-01-01 00:00:00,Captain America and the Avengers (USA).zip
3351,Gameboy,Pit Fighter,Luta,THQ,THQ,eu,2,128,2022-11-21 12:31:49,1992-06-02 00:00:00,Pit Fighter (USA  Europe).zip
70438,Gameboy,The Simpsons Itchy & Scratchy : Miniature Golf Mad,Esporte / Golfe,Beam Software,Acclaim,eu,2,128,2022-11-21 12:31:49,1994-11-01 00:00:00,Simpsons Itchy & Scratchy  The - Miniature Golf Madness (USA  Europe).zip
3574,Gameboy,Star Trek : 25th Anniversary,Quebra-cabeças,Visual Concepts,Ultra Games,eu,2,128,2022-11-21 12:31:49,1992-01-01 00:00:00,Star Trek - 25th Anniversary (USA  Europe).zip
70976,Gameboy,Total Carnage,Shoot'em Up / Vertical,Midway,Malibu Games,eu,2,128,2022-11-21 12:31:49,1994-02-17 00:00:00,Total Carnage (USA  Europe).zip
3619,Gameboy,WWF Superstars,Esporte / Luta Livre,Rareware,LJN,eu,2,128,2022-11-21 12:31:49,1994-02-17 00:00:00,WWF Superstars (USA  Europe).zip
70539,Gameboy,Spider-Man 3 : Invasion of the Spider-Slayers,Ação,Bits Studios,LJN,eu,2,128,2022-11-21 12:31:49,1993-01-01 00:00:00,Spider-Man 3 - Invasion of the Spider-Slayers (USA  Europe).zip
3165,Gameboy,Alien vs Predator : The Last of His Clan,Ação,ASK Kodansha,Activision,us,2,128,2022-11-21 12:31:49,1993-11-02 00:00:00,Alien vs Predator - The Last of His Clan (USA).zip
66407,Gameboy,Dennis the Menace,Plataforma,Ocean,Ocean,us,2,128,2022-11-21 12:31:49,1994-02-01 00:00:00,Dennis the Menace (USA).zip
70970,Gameboy,Top Gun : Guts & Glory,Simulação,Distinctive Software,Konami,eu,2,128,2022-11-21 12:31:49,1993-01-01 00:00:00,Top Gun - Guts & Glory (USA  Europe).zip
3376,Gameboy,T2 : The Arcade Game,Tiro com Lightgun,LJN,Midway,eu,2,128,2022-11-21 12:31:49,1992-11-02 00:00:00,T2 - The Arcade Game (USA  Europe).zip
3008,Gameboy,Spider-Man 2,Plataforma,B.I.T.S.,LJN,eu,2,128,2022-11-21 12:31:49,1992-08-01 00:00:00,Spider-Man 2 (USA  Europe).zip
66351,Gameboy,CutThroat Island,Plataforma / Combate com rolagem,Software Creations Ltd.,Acclaim,eu,2,128,2022-11-21 12:31:49,1992-08-01 00:00:00,CutThroat Island (USA  Europe).zip
70940,Gameboy,Tom & Jerry,Plataforma,Beam Software,HiTech Software,eu,2,128,2022-11-21 12:31:49,1992-01-01 00:00:00,Tom & Jerry (USA  Europe).zip
3128,Gameboy,Earthworm Jim,Shoot'em Up,Shiny Entertainment,Playmates Interactive,us,2,128,2022-11-21 12:31:49,1995-09-02 00:00:00,Earthworm Jim (USA).zip
3636,Gameboy,The Adventures of Rocky and Bullwinkle and Friends,Shoot'em Up,Imagineer,THQ,us,2,128,2022-11-21 12:31:49,1992-01-01 00:00:00,Adventures of Rocky and Bullwinkle and Friends  The (USA).zip
3593,Gameboy,Home Alone 2 : Lost In New York,Plataforma,Imagineer,THQ,eu,2,128,2022-11-21 12:31:49,1992-10-01 00:00:00,Home Alone 2 - Lost In New York (USA  Europe).zip
3206,Gameboy,Darkwing Duck,Plataforma,Capcom,Capcom,eu,2,128,2022-11-21 12:31:49,1993-12-09 00:00:00,Darkwing Duck (Spain).zip
69563,Gameboy,Ninja Boy 2,Ação,Culture Brain,Culture Brain,eu,2,128,2022-11-21 12:31:49,1993-01-01 00:00:00,Ninja Boy 2 (USA  Europe).zip
66271,Gameboy,Cliffhanger,Ação,Malibu Games,Sony Electronic Publishing,eu,2,128,2022-11-21 12:31:49,1993-01-01 00:00:00,Cliffhanger (USA  Europe).zip
2982,Gameboy,Godzilla,Quebra-cabeças,Hudson,Toho Company,eu,2,128,2022-11-21 12:31:49,1993-01-01 00:00:00,Godzilla (USA  Europe).zip
3298,Gameboy,Double Dragon 3 : The Arcade Game,Briga de rua,Tecmo,Acclaim,eu,2,128,2022-11-21 12:31:49,1993-01-01 00:00:00,Double Dragon 3 - The Arcade Game (USA  Europe).zip
3476,Gameboy,Bonk's Adventure,Plataforma,Red Company,Hudson,us,2,128,2022-11-21 12:31:49,1992-01-01 00:00:00,Bonk's Adventure (USA).zip
3502,Gameboy,Chuck Rock,Ação,Core Design,Sony Electronic Publishing,eu,2,128,2022-11-21 12:31:49,1993-01-01 00:00:00,Chuck Rock (USA  Europe).zip
3279,Gameboy,The Bugs Bunny Crazy Castle 2,Quebra-cabeças,Kemco,Kemco,us,2,128,2022-11-21 12:31:49,1991-09-02 00:00:00,Bugs Bunny Crazy Castle 2  The (USA).zip
3603,Gameboy,Star Trek : The Next Generation,Simulação,Spectrum Holobyte,Spectrum Holobyte,eu,2,128,2022-11-21 12:31:49,1993-01-01 00:00:00,Star Trek - The Next Generation (Spain).zip
3322,Gameboy,Primal Rage,Luta,Probe Entertainment,Time Warner Interactive,eu,2,128,2022-11-21 12:31:49,1995-07-02 00:00:00,Primal Rage (USA  Europe).zip
69492,Gameboy,Gradius: The Interstellar Assault,Shoot'em Up / Horizontal,Konami,Konami,us,2,128,2022-11-21 12:31:49,1992-01-01 00:00:00,Gradius - The Interstellar Assault (USA).zip
3300,Gameboy,Tetris 2,Quebra-cabeças,Nintendo,Nintendo,us,2,128,2022-11-21 12:31:49,1993-12-02 00:00:00,Tetris 2 (USA).zip
70228,Gameboy,RoboCop vs. The Terminator,Plataforma / Tiro com rolagem,Unexpected Development,Interplay,us,2,128,2022-11-21 12:31:49,1994-01-01 00:00:00,RoboCop vs. The Terminator (USA).zip
2957,Gameboy,Battletoads-Double Dragon,Briga de rua,Rareware,Tradewest,us,2,128,2022-11-21 12:31:49,1993-01-01 00:00:00,Battletoads-Double Dragon (USA).zip
3323,Gameboy,Micro Machines,Corrida / Pilotagem,Codemasters,Codemasters,eu,2,128,2022-11-21 12:31:49,1993-01-01 00:00:00,Micro Machines (USA  Europe).zip
65228,Gameboy,Bubsy II,Ação,Images Software Ltd.,Accolade,us,2,128,2022-11-21 12:31:49,1994-01-01 00:00:00,Bubsy II (USA).zip
3672,Gameboy,Darkman,Luta,Ocean,Ocean,eu,2,128,2022-11-21 12:31:49,1992-01-01 00:00:00,Darkman (USA  Europe).zip
70444,Gameboy,The Simpsons : Bart vs. the Juggernauts,Ação,Imagineer,Acclaim,eu,2,128,2022-11-21 12:31:49,1992-01-01 00:00:00,Simpsons  The - Bart vs. the Juggernauts (USA  Europe).zip
3166,Gameboy,Stargate,Quebra-cabeças,Probe Entertainment,Acclaim,eu,2,128,2022-11-21 12:31:49,1994-12-01 00:00:00,Stargate (USA  Europe).zip
70542,Gameboy,Spider-Man - X-Men - Arcade's Revenge,Ação,Unexpected Development,LJN,eu,2,128,2022-11-21 12:31:49,1994-01-01 00:00:00,Spider-Man - X-Men (USA  Europe).zip
3490,Gameboy,Beetlejuice,Quebra-cabeças,Rareware,LJN,us,2,128,2022-11-21 12:31:49,1992-01-01 00:00:00,Beetlejuice (USA).zip
3311,Gameboy,Taz-Mania 2,Plataforma,Beam Software,THQ,us,2,128,2022-11-21 12:31:49,1997-01-01 00:00:00,Taz-Mania 2 (USA).zip
3185,Gameboy,Mickey's Ultimate Challenge,Corrida / Pilotagem,Designer Software,HiTech Software,eu,2,128,2022-11-21 12:31:49,1994-05-02 00:00:00,Mickey's Ultimate Challenge (USA  Europe).zip
3188,Gameboy,The Flash,Plataforma / Combate com rolagem,Equilibrium,THQ,eu,2,128,2022-11-21 12:31:49,1994-05-02 00:00:00,Flash  The (USA  Europe).zip
3550,Gameboy,Jungle Strike,Ação,Ocean,Malibu Games,eu,2,128,2022-11-21 12:31:49,1995-06-02 00:00:00,Jungle Strike (USA  Europe).zip
3137,Gameboy,Star Wars,Plataforma,NMS Software,Capcom,us,2,128,2022-11-21 12:31:49,1991-01-01 00:00:00,Star Wars (USA).zip
3365,Gameboy,Taz-Mania,Ação / Aventura,SEGA,SEGA,eu,2,128,2022-11-21 12:31:49,1992-01-01 00:00:00,Taz-Mania (USA  Europe).zip
70849,Gameboy,The Lion King,Ação,Dark Technologies,Virgin,us,2,128,2022-11-21 12:31:49,1995-01-01 00:00:00,Lion King  The (USA).zip
59748,Gameboy,Zen : Intergalactic Ninja,Plataforma,Konami,Konami,us,2,128,2022-11-21 12:31:49,1993-01-01 00:00:00,Zen - Intergalactic Ninja (USA).zip
3144,Gameboy,Gauntlet II,Ação / Labirinto,Atari,Mindscape,eu,2,128,2022-11-21 12:31:49,1993-01-01 00:00:00,Gauntlet II (USA  Europe).zip
2980,Gameboy,Wario Land : Super Mario Land 3,Plataforma / Corre e Pula,Nintendo,Nintendo,wr,2,128,2022-11-21 12:31:49,1994-02-02 00:00:00,Wario Land - Super Mario Land 3 (World).zip
70748,Gameboy,Tasmania Story,Plataforma / Corre e Pula,Pony Canyon,FCI,us,2,128,2022-11-21 12:31:49,1991-01-01 00:00:00,Tasmania Story (USA).zip
3557,Gameboy,Side Pocket,Esporte / Sinuca,Data East,Data East,wr,2,128,2022-11-21 12:31:49,1990-09-21 00:00:00,Side Pocket (World).zip
70560,Gameboy,Spot : The Cool Adventure,Plataforma,Virgin,Virgin,us,2,128,2022-11-21 12:31:49,1993-01-01 00:00:00,Spot - The Cool Adventure (USA).zip
68717,Gameboy,The Jetsons : Robot Panic,Ação / Aventura,Act Japan,Taito,eu,2,128,2022-11-21 12:31:49,1993-04-29 00:00:00,Jetsons  The - Robot Panic (USA  Europe).zip
3059,Gameboy,Bubble Bobble,Luta,Taito,Taito,eu,2,128,2022-11-21 12:31:49,1991-03-02 00:00:00,Bubble Bobble (USA  Europe).zip
66314,Gameboy,Cool World,Plataforma,Ocean,Ocean,eu,2,128,2022-11-21 12:31:49,1993-01-01 00:00:00,Cool World (USA  Europe).zip
3117,Gameboy,Star Wars : The Empire Strikes Back,Plataforma,Sculptured Software,Ubisoft,us,2,128,2022-11-21 12:31:49,1992-01-01 00:00:00,Star Wars - The Empire Strikes Back (USA).zip
3344,Gameboy,Mulan,Ação / Aventura,THQ,Tiertex,us,2,128,2022-11-21 12:31:49,1998-10-02 00:00:00,Disney's Mulan (USA).zip
69361,Gameboy,Mortal Kombat & Mortal Kombat II,Luta,Probe Software,Starfish,eu,2,128,2022-11-21 12:31:49,1998-09-10 00:00:00,Mortal Kombat & Mortal Kombat II (USA  Europe).zip
70219,Gameboy,Robin Hood : Prince of Thieves,Ação / Aventura,Bits Studios,Virgin,us,2,128,2022-11-21 12:31:49,1993-01-01 00:00:00,Robin Hood - Prince of Thieves (USA).zip
3876,Gameboy Advance,Sonic Battle,Ação,Sonic Team,THQ,eu,,,,2004-01-05 00:00:00,Sonic Battle (USA) (En Ja Fr De Es It).zip
4151,Gameboy Advance,Lunar Legend,Jogos de RPG,Game Arts,Ubisoft,us,,,,2002-04-12 00:00:00,Lunar Legend (USA).zip
84714,Gameboy Advance,Yoshi's Island: Super Mario Advance 3,Plataforma,Nintendo EAD,Nintendo,us,,,,2002-09-24 00:00:00,Super Mario Advance 3 - Yoshi's Island (USA).zip
4202,Gameboy Advance,Tony Hawk's Downhill Jam,Esporte / Skate,Activision,Activision,eu,,,,2006-11-07 00:00:00,Tony Hawk's Downhill Jam (Europe) (En Fr De Es It).zip
3780,Gameboy Advance,Castlevania : Circle of the Moon,Plataforma,Konami,Konami,us,,,,2001-06-11 00:00:00,Castlevania - Circle of the Moon (USA).zip
83304,Gameboy Advance,Car Battler Joe,Corrida / Pilotagem,Ancient,Natsume,us,,,,2002-10-21 00:00:00,Car Battler Joe (USA).zip
3948,Gameboy Advance,The King of Fighters EX 2 : Howling Blood,Luta / Versus,Marvelous Entertainment,Acclaim,us,,,,2003-12-10 00:00:00,King of Fighters EX2  The - Howling Blood (USA).zip
3967,Gameboy Advance,Spyro: Attack of the Rhynocs,Plataforma,Digital Eclipse,Universal Interactive,us,,,,2003-10-27 00:00:00,Spyro - Attack of the Rhynocs (USA).zip
84413,Gameboy Advance,Pokémon Sapphire Version,Jogos de RPG,Game Freak,Nintendo,us,,,,2003-03-19 00:00:00,Pokemon - Sapphire Version (USA).zip
3968,Gameboy Advance,Tony Hawk's Pro Skater 4,Esporte / Skate,Vicarious Vision,Activision,eu,,,,2002-10-23 00:00:00,Tony Hawk's Pro Skater 4 (USA  Europe).zip
4548,Gameboy Advance,Frogger's Adventures 2 : The Lost Wand,Plataforma,Konami,Konami,eu,,,,2002-11-05 00:00:00,Frogger's Adventures 2 - The Lost Wand (Europe) (En Fr De Es It).zip
4072,Gameboy Advance,The King of Fighters EX : Neo Blood,Luta / 2D,Artoon,Sammy Corporation,us,,,,2002-11-05 00:00:00,King of Fighters EX  The - NeoBlood (USA) (Rev 1).zip
84051,Gameboy Advance,LEGO Star Wars : The Video Game,Ação / Aventura,Griptonite Games,Eidos Interactive,eu,,,,2005-03-29 00:00:00,LEGO Star Wars - The Video Game (USA  Europe) (En Fr De Es It Nl Da).zip
4450,Gameboy Advance,Super Bust-A-Move,Quebra-cabeças / Lançar,Taito,Ubisoft,eu,,,,2001-11-27 00:00:00,Super Bust-A-Move (USA) (En Fr Es).zip
3796,Gameboy Advance,Tales of Phantasia,Jogos de RPG / RPG de Ação,Namco,Nintendo,us,,,,2006-03-06 00:00:00,Tales of Phantasia (USA  Australia).zip
84721,Gameboy Advance,Super Monkey Ball Jr.,Ação / Labirinto,Realism Entertainment,SEGA,us,,,,2002-11-19 00:00:00,Super Monkey Ball Jr. (USA).zip
84080,Gameboy Advance,The Lord of the Rings : The Two Towers,Jogos de RPG,Griptonite Games,EA Games,eu,,,,2002-11-11 00:00:00,Lord of the Rings  The - The Two Towers (USA  Europe) (En Fr De Es It Nl).zip
4165,Gameboy Advance,Konami Krazy Racers,Corrida / Pilotagem,Konami,Konami,eu,,,,2001-06-11 00:00:00,Konami Krazy Racers (Europe).zip
4005,Gameboy Advance,Mega Man Battle Network 6 : Cybeast Gregar,Estratégia,Capcom,Capcom,eu,,,,2006-06-13 00:00:00,Mega Man Battle Network 6 - Cybeast Gregar (Europe).zip
3809,Gameboy Advance,Wario Land 4,Plataforma,Nintendo,Nintendo,eu,,,,2001-11-18 00:00:00,Wario Land 4 (USA  Europe).zip
3791,Gameboy Advance,Dragon Ball Z : Supersonic Warriors,Luta,Cavia,Bandai,eu,,,,2004-06-22 00:00:00,Dragon Ball Z - Supersonic Warriors.zip
3843,Gameboy Advance,Sonic Advance 3,Plataforma,Sonic Team,THQ,eu,,,,2004-06-07 00:00:00,Sonic Advance 3 (USA) (En Ja Fr De Es It).zip
4231,Gameboy Advance,Mega Man Battle Network 3 : White Version,Jogos de RPG,Capcom,Capcom,us,,,,2003-06-24 00:00:00,Mega Man Battle Network 3 - White Version (USA).zip
3882,Gameboy Advance,Crash Bandicoot : The Huge Adventure,Plataforma,Vicarious Vision,Universal Interactive,us,,,,2002-02-25 00:00:00,Crash Bandicoot - The Huge Adventure (USA).zip
4045,Gameboy Advance,Mega Man Battle Network 4 : Blue Moon,Estratégia,Capcom,Capcom,us,,,,2004-06-17 00:00:00,Mega Man Battle Network 4 - Blue Moon (USA).zip
4173,Gameboy Advance,Drill Dozer,Plataforma,Game Freak,Nintendo,us,,,,2006-02-06 00:00:00,Drill Dozer (USA).zip
4569,Gameboy Advance,Super Puzzle Fighter II,Quebra-cabeças,Atomic Planet,Capcom,eu,,,,2003-04-04 00:00:00,Super Puzzle Fighter II Turbo (Europe).zip
192003,Gameboy Advance,4 Games on One Game Pak - GT Advance + GT Advance 2 + GT Advance 3 + MotoGP,Corrida / Pilotagem,Atomic Planet,THQ,eu,,,,2007-09-11 00:00:00,4 Games on One Game Pak (Racing) (USA) (En Fr De Es It).zip
3830,Gameboy Advance,Max Payne,Tiro,Mobius Entertainment,Rockstar Games,us,,,,2003-12-16 00:00:00,Max Payne (USA).zip
83783,Gameboy Advance,Gradius Galaxies,Shoot'em Up / Horizontal,Mobile 21,Konami,us,,,,2001-11-12 00:00:00,Gradius Galaxies (USA).zip
4290,Gameboy Advance,Summon Night : Swordcraft Story 2,Jogos de RPG,Flight Plan,Atlus,us,,,,2006-10-17 00:00:00,Summon Night - Swordcraft Story 2 (USA).zip
83422,Gameboy Advance,Densetsu no Stafy 3,Plataforma,TOSE,Nintendo,jp,,,,2004-07-05 00:00:00,Densetsu no Stafy 3 (Japan).zip
3770,Gameboy Advance,Dragon Ball Z : The Legacy of Goku 2,Jogos de RPG,Webfoot,Infogrames,eu,,,,2003-06-17 00:00:00,Dragon Ball Z - The Legacy of Goku II (Europe).zip
3879,Gameboy Advance,F-Zero : GP Legend,Corrida / Pilotagem,Nintendo,Nintendo,eu,,,,2004-09-02 00:00:00,F-Zero - GP Legend (Europe) (En Fr De Es It).zip
84408,Gameboy Advance,Pokémon FireRed Version,Jogos de RPG,Game Freak,Nintendo,us,,,,2004-09-09 00:00:00,Pokemon - FireRed Version (USA).zip
4423,Gameboy Advance,Kim Possible : Drakken's Demise,Plataforma,Artificial Mind & Movement,Buena Vista Games,eu,,,,2004-09-15 00:00:00,Kim Possible 2 - Drakken's Demise (USA) (En Fr).zip
84409,Gameboy Advance,Pokémon LeafGreen Version,Jogos de RPG,Game Freak,Nintendo,us,,,,2004-09-09 00:00:00,Pokemon - LeafGreen Version (USA).zip
3850,Gameboy Advance,Rayman 3,Plataforma,Ubisoft,Ubisoft,eu,,,,2003-03-02 00:00:00,Rayman 3 (Europe) (En Fr De Es It Nl Sv No Da Fi).zip
3898,Gameboy Advance,Donkey Kong Country 2,Plataforma,Rareware,Nintendo,us,,,,2004-11-15 00:00:00,Donkey Kong Country 2 (USA  Australia).zip
3822,Gameboy Advance,Kirby & the Amazing Mirror,Plataforma,Flagship,Nintendo,eu,,,,2004-07-02 00:00:00,Kirby & the Amazing Mirror (Europe) (En Fr De Es It).zip
3919,Gameboy Advance,Mortal Kombat : Deadly Alliance,Luta,Criterion Games,Midway,eu,,,,2003-02-14 00:00:00,Mortal Kombat - Deadly Alliance (USA) (En Fr De Es It).zip
3787,Gameboy Advance,Final Fantasy I & II : Dawn of Souls,Jogos de RPG,TOSE,Nintendo,us,,,,2004-11-29 00:00:00,Final Fantasy I & II - Dawn of Souls (USA  Australia).zip
3863,Gameboy Advance,Super Street Fighter II Turbo Revival,Luta,Capcom,Capcom,eu,,,,2001-10-31 00:00:00,Super Street Fighter II Turbo - Revival (Europe).zip
84146,Gameboy Advance,Medal of Honor : Infiltrator,Tiro / Run and Gun,Netherock,EA Games,eu,,,,2003-11-17 00:00:00,Medal of Honor - Infiltrator (USA  Europe) (En Fr De).zip
4415,Gameboy Advance,Lilo & Stitch,Plataforma,Digital Eclipse,Ubisoft,us,,,,2002-06-07 00:00:00,Lilo & Stitch (USA).zip
84036,Gameboy Advance,The Legend of Zelda : A Link to the Past & Four Swords,Jogos de RPG,Nintendo,Nintendo,us,,,,2002-12-02 00:00:00,Legend of Zelda  The - A Link to the Past & Four Swords (USA  Australia).zip
3838,Gameboy Advance,Grand Theft Auto Advance,Corrida / Pilotagem,Digital Eclipse,Rockstar Games,us,,,,2004-10-26 00:00:00,Grand Theft Auto Advance (USA).zip
83936,Gameboy Advance,Justice League Heroes : The Flash,Briga de rua,WayForward Technologies,Warner Bros. Interactive,us,,,,2006-10-17 00:00:00,Justice League Heroes - The Flash (U).zip
84396,Gameboy Advance,Pokémon Pinball : Ruby & Sapphire,Pinball,Jupiter,Nintendo,eu,,,,2003-11-14 00:00:00,Pokemon Pinball - Ruby & Sapphire (Europe) (En Fr De Es It).zip
3761,Gameboy Advance,Golden Sun : The Lost Age,Jogos de RPG,Camelot Software,Nintendo,eu,,,,2003-04-14 00:00:00,Golden Sun - The Lost Age (USA  Europe).zip
84292,Gameboy Advance,Ninja Cop,Plataforma,Hudson,Konami,eu,,,,2003-04-22 00:00:00,Ninja Cop (Europe).zip
4614,Gameboy Advance,Kururin Paradise,Ação / Labirinto,Eighting,Nintendo,jp,,,,2002-12-06 00:00:00,Kururin Paradise (Japan).zip
3860,Gameboy Advance,Kirby : Nightmare in Dream Land,Plataforma,HAL Laboratory,Nintendo,us,,,,2002-12-02 00:00:00,Kirby - Nightmare in Dream Land (USA).zip
3759,Gameboy Advance,Fire Emblem : The Sacred Stones,Jogos de RPG / RPG Táctico,Intelligent Systems,Nintendo,us,,,,2005-05-23 00:00:00,Fire Emblem - The Sacred Stones (USA  Australia).zip
4069,Gameboy Advance,Mega Man Battle Network 4 : Red Sun,Jogos de RPG,Capcom,Capcom,us,,,,2004-06-17 00:00:00,Mega Man Battle Network 4 - Red Sun (USA).zip
3930,Gameboy Advance,Tekken Advance,Luta,Eighting,Infogrames,us,,,,2002-01-28 00:00:00,Tekken Advance (USA).zip
84406,Gameboy Advance,Pokémon : Emerald Version,Jogos de RPG,Game Freak,Nintendo,eu,,,,2005-10-21 00:00:00,Pokemon - Emerald Version (USA  Europe).zip
4218,Gameboy Advance,Sonic Pinball Party,Pinball,Sonic Team,SEGA,eu,,,,2003-06-01 00:00:00,Sonic Pinball Party (USA) (En Ja Fr De Es It).zip
83699,Gameboy Advance,Game & Watch Gallery Advance,Compilação,TOSE,Nintendo,eu,,,,2002-10-28 00:00:00,Game & Watch Gallery Advance (Europe).zip
4268,Gameboy Advance,Summon Night : Swordcraft Story,Jogos de RPG,Flight Plan,Atlus,us,,,,2006-07-25 00:00:00,Summon Night - Swordcraft Story (USA).zip
3914,Gameboy Advance,Banjo-Kazooie : Grunty's Revenge,Plataforma,Rareware,THQ,eu,,,,2003-09-10 00:00:00,Banjo-Kazooie - Grunty's Revenge (Europe) (En Fr De).zip
4182,Gameboy Advance,Super Dodge Ball Advance,Esporte / Queimado,Million,Ubisoft,eu,,,,2001-06-10 00:00:00,Super Dodge Ball Advance (Europe).zip
3785,Gameboy Advance,Dragon Ball Z : Buu's Fury,Jogos de RPG,Webfoot,Atari SA,us,,,,2004-09-14 00:00:00,Dragon Ball Z - Buu's Fury (Usa).zip
3767,Gameboy Advance,Metroid Fusion,Plataforma,Nintendo,Nintendo,us,,,,2002-11-17 00:00:00,Metroid Fusion (USA  Australia).zip
3823,Gameboy Advance,Rayman Advance,Plataforma,Digital Eclipse,Ubisoft,eu,,,,2001-06-10 00:00:00,Rayman Advance (USA) (En Fr De Es It).zip
84712,Gameboy Advance,Super Mario World: Super Mario Advance 2,Plataforma,Nintendo EAD,Nintendo,us,,,,2002-02-11 00:00:00,Super Mario Advance 2 - Super Mario World (USA  Australia).zip
3941,Gameboy Advance,Gunstar Super Heroes,Tiro / Run and Gun,Treasure,SEGA,us,,,,2005-10-25 00:00:00,Gunstar Super Heroes (USA).zip
3960,Gameboy Advance,Spyro 2 : Season of Flame,Plataforma,Digital Eclipse,Universal Interactive,us,,,,2002-09-25 00:00:00,Spyro 2 - Season of Flame (USA).zip
3937,Gameboy Advance,Metal Slug Advance,Tiro / Run and Gun,Noise Factory,Ignition Entertainment,us,,,,2004-11-16 00:00:00,Metal Slug Advance (USA).zip
3763,Gameboy Advance,Final Fantasy IV Advance,Jogos de RPG,TOSE,Nintendo,us,,,,2005-12-12 00:00:00,Final Fantasy IV Advance (USA  Australia).zip
4232,Gameboy Advance,ChuChu Rocket!,Estratégia,Sonic Team,SEGA,eu,,,,2001-06-10 00:00:00,ChuChu Rocket! (USA) (En Ja Fr De Es).zip
3837,Gameboy Advance,Harvest Moon : Friends of Mineral Town,Estratégia,TOSE,Natsume,us,,,,2003-11-17 00:00:00,Harvest Moon - Friends of Mineral Town (USA).zip
84230,Gameboy Advance,Monster Rancher Advance,Simulação,Tecmo,Tecmo,us,,,,2001-12-28 00:00:00,Monster Rancher Advance (USA).zip
3773,Gameboy Advance,Advance Wars 2 : Black Hole Rising,Estratégia,Intelligent Systems,Nintendo,us,,,,2003-06-23 00:00:00,Advance Wars 2 - Black Hole Rising (USA  Australia).zip
3971,Gameboy Advance,Spyro Orange: The Cortex Conspiracy,Plataforma,Vicarious Visions,Coktel Vision,us,,,,2004-06-03 00:00:00,Spyro Orange - The Cortex Conspiracy (USA).zip
4000,Gameboy Advance,Klonoa : Empire of Dreams,Plataforma,Now,Infogrames,eu,,,,2001-09-11 00:00:00,Klonoa - Empire of Dreams (Europe).zip
3944,Gameboy Advance,Super Ghouls'n Ghosts,Plataforma / Combate com rolagem,Capcom,Capcom,eu,,,,2002-09-23 00:00:00,Super Ghouls'n Ghosts (USA  Europe).zip
3970,Gameboy Advance,Spyro : Season of Ice,Plataforma,Digital Eclipse,Universal Interactive,eu,,,,2001-11-01 00:00:00,Spyro - Season of Ice (Europe) (En Fr De Es It).zip
3758,Gameboy Advance,Kingdom Hearts : Chain of Memories,Jogos de RPG,Jupiter,Square Enix,us,,,,2004-12-07 00:00:00,Kingdom Hearts - Chain of Memories (USA).zip
3834,Gameboy Advance,Street Fighter Alpha 3,Luta,Crawfish Interactive,Capcom,eu,,,,2002-12-01 00:00:00,Street Fighter Alpha 3 (Europe).zip
84730,Gameboy Advance,Super Robot Taisen : Original Generation 2,Jogos de RPG / RPG Táctico,Banpresto,Atlus,us,,,,2006-11-21 00:00:00,Super Robot Taisen - Original Generation 2 (USA).zip
3987,Gameboy Advance,Mega Man Zero 3,Plataforma,Inti Creates,Capcom,eu,,,,2004-10-05 00:00:00,Mega Man Zero 3 (Europe).zip
83193,Gameboy Advance,Ecks V Sever,Tiro / Tiro em 1ª pessoa,369 Interactive,Bam Entertainment,eu,,,,2001-12-07 00:00:00,Ecks V Sever (Europe) (En Fr De Es It).zip
4094,Gameboy Advance,Mega Man Battle Network 3 : Blue Version,Jogos de RPG,Capcom,Capcom,us,,,,2003-06-24 00:00:00,Mega Man Battle Network 3 - Blue Version (USA).zip
83836,Gameboy Advance,Harvest Moon : More Friends of Mineral Town,Estratégia,TOSE,Natsume,us,,,,2005-07-26 00:00:00,Harvest Moon - More Friends of Mineral Town (USA).zip
4224,Gameboy Advance,Pac-Man Collection,Ação / Labirinto,Mass Media,Infogrames,eu,,,,2001-07-12 00:00:00,Pac-Man Collection (Europe).zip
3790,Gameboy Advance,Mario Kart : Super Circuit,Corrida / Pilotagem,Intelligent Systems,Nintendo,us,,,,2001-08-27 00:00:00,Mario Kart - Super Circuit (USA).zip
4257,Gameboy Advance,Atari Anniversary Advance,Compilação,Atari,Infogrames,us,,,,2002-03-26 00:00:00,Atari Anniversary Advance (USA).zip
4033,Gameboy Advance,Yggdra Union : We'll Never Fight Alone,Jogos de RPG,Sting Entertainment,505 Games,us,,,,2006-11-20 00:00:00,Yggdra Union - We'll Never Fight Alone (USA).zip
4027,Gameboy Advance,Mario Golf : Advance Tour,Esporte / Golfe,Camelot Software,Nintendo,us,,,,2004-06-22 00:00:00,Mario Golf - Advance Tour (USA).zip
3762,Gameboy Advance,Mario & Luigi : Superstar Saga,Jogos de RPG,Alpha Dream,Nintendo,eu,,,,2003-11-17 00:00:00,Mario & Luigi - Superstar Saga (Europe) (En Fr De Es It).zip
3797,Gameboy Advance,Dragon Ball Z : The Legacy of Goku,Jogos de RPG,Webfoot,Infogrames,us,,,,2002-05-14 00:00:00,Dragon Ball Z - The Legacy Of Goku (Usa).zip
3940,Gameboy Advance,Tony Hawk's Pro Skater 3,Esporte / Skate,Vicarious Vision,Activision,eu,,,,2002-03-04 00:00:00,Tony Hawk's Pro Skater 3 (USA  Europe).zip
4193,Gameboy Advance,Hamtaro : Ham-Ham Games,Esporte,AlphaDream,Nintendo,eu,,,,2004-07-27 00:00:00,Hamtaro - Ham-Ham Games (Europe) (En Fr De Es It).zip
3831,Gameboy Advance,Donkey Kong Country,Plataforma,Rareware,Nintendo,eu,,,,2003-06-09 00:00:00,Donkey Kong Country (Europe) (En Fr De Es It).zip
83421,Gameboy Advance,Densetsu no Stafy 2,Plataforma / Corre e Pula com rolagem,TOSE,Nintendo,jp,,,,2003-05-09 00:00:00,Densetsu no Stafy 2 (Japan).zip
3769,Gameboy Advance,Metroid : Zero Mission,Ação / Aventura,Nintendo,Nintendo,us,,,,2004-02-09 00:00:00,Metroid - Zero Mission (USA).zip
84411,Gameboy Advance,Pokémon Ruby Version,Jogos de RPG,Game Freak,Nintendo,us,,,,2003-03-19 00:00:00,Pokemon - Ruby Version (USA).zip
3895,Gameboy Advance,Mega Man Battle Network 5 : Team Colonel,Jogos de RPG,Capcom,Capcom,us,,,,2005-06-21 00:00:00,Mega Man Battle Network 5 - Team Colonel (USA).zip
4483,Gameboy Advance,Denki Blocks!,Estratégia,Doki Denki,Rage Software,eu,,,,2002-04-11 00:00:00,Denki Blocks! (USA) (En Es).zip
3798,Gameboy Advance,Castlevania : Harmony of Dissonance,Aventura,Konami,Konami,eu,,,,2002-10-11 00:00:00,Castlevania - Harmony of Dissonance (Europe).zip
3784,Gameboy Advance,Dragon Ball : Advance Adventure,Ação / Aventura,Dimps,Bandai,jp,,,,2004-11-18 00:00:00,Dragon Ball - Advance Adventure (Japan).zip
3776,Gameboy Advance,Castlevania : Aria of Sorrow,Ação / Aventura,Konami,Konami,us,,,,2003-05-06 00:00:00,Castlevania - Aria of Sorrow (USA).zip
3829,Gameboy Advance,Breath of Fire,Jogos de RPG,Capcom,Capcom,eu,,,,2001-12-12 00:00:00,Breath of Fire (Europe) (En Fr De).zip
4149,Gameboy Advance,Alien Hominid,Ação,Zoo Digital Publishing,Zoo Digital Publishing,eu,,,,2006-02-03 00:00:00,Alien Hominid (Europe) (En Fr De Es It).zip
3871,Gameboy Advance,Mario vs. Donkey Kong,Quebra-cabeças,Nintendo,Nintendo,us,,,,2004-05-24 00:00:00,Mario vs. Donkey Kong (USA  Australia).zip
3909,Gameboy Advance,Tactics Ogre : The Knight of Lodis,Jogos de RPG,Quest,Atlus,us,,,,2002-05-07 00:00:00,Tactics Ogre - The Knight of Lodis (USA).zip
4026,Gameboy Advance,Spider-Man : Mysterio's Menace,Plataforma,Vicarious Visions,Activision,eu,,,,2001-09-19 00:00:00,Spider-Man - Mysterio's Menace (USA  Europe).zip
3897,Gameboy Advance,Mega Man Battle Network 5 : Team ProtoMan,Estratégia,Capcom,Capcom,us,,,,2005-06-21 00:00:00,Mega Man Battle Network 5 - Team Proto Man (USA).zip
3988,Gameboy Advance,Mega Man & Bass,Plataforma,Capcom,Capcom,us,,,,2003-03-18 00:00:00,Mega Man & Bass (USA).zip
3991,Gameboy Advance,Duke Nukem Advance,Tiro / Tiro em 1ª pessoa,Torus Games,Take 2 Interactive,us,,,,2002-08-12 00:00:00,Duke Nukem Advance (USA).zip
84452,Gameboy Advance,Minna de Puyo Puyo,Quebra-cabeças / Queda,Sonic Team,SEGA,jp,,,,2001-10-18 00:00:00,Puyo Pop (Europe) (En Ja).zip
3950,Gameboy Advance,V-Rally 3,Corrida / Pilotagem,Velez & Dubail,Atari,eu,,,,2002-09-30 00:00:00,V-Rally 3 (USA) (En Fr Es).zip
3757,Gameboy Advance,Fire Emblem,Estratégia / RPG Táctico,Intelligent Systems,Nintendo,us,,,,2003-11-23 00:00:00,Fire Emblem (USA  Australia).zip
3751,Gameboy Advance,The Legend of Zelda : The Minish Cap,Jogos de RPG,Flagship,Nintendo,eu,,,,2005-01-10 00:00:00,Legend of Zelda  The - The Minish Cap (Europe) (En Fr De Es It).zip
3819,Gameboy Advance,Mario Power Tennis,Esporte / Tênis,Camelot Software,Nintendo,eu,,,,2005-11-18 00:00:00,Mario Tennis - Power Tour (USA  Australia) (En Fr De Es It).zip
3812,Gameboy Advance,Broken Sword: The Shadow of the Templars,Aventura / Point and Click,Revolution Software,Bam Entertainment,eu,,,,2002-03-17 00:00:00,Broken Sword - The Shadow of the Templars (USA) (En Fr De Es It).zip
84485,Gameboy Advance,Riviera : The Promised Land,Jogos de RPG,Sting Entertainment,Atlus,us,,,,2005-06-28 00:00:00,Riviera - The Promised Land (USA).zip
3768,Gameboy Advance,Sword of Mana,Jogos de RPG,Brownie Brown,Nintendo,us,,,,2003-12-01 00:00:00,Sword of Mana (USA  Australia).zip
3782,Gameboy Advance,Advance Wars,Estratégia,Intelligent Games,Nintendo,us,,,,2001-09-10 00:00:00,Advance Wars (USA).zip
4477,Gameboy Advance,Frogger's Adventures : Temple of the Frog,Corrida / Pilotagem,Konami,Konami,eu,,,,2001-11-24 00:00:00,Frogger's Adventures - Temple of the Frog (USA) (En Fr De Es It).zip
3983,Gameboy Advance,Rhythm Tengoku,Música e dança / Rítmico,J.P. Room,Nintendo,jp,,,,2006-08-03 00:00:00,Rhythm Tengoku (Japan).zip
3989,Gameboy Advance,DK : King of Swing,Plataforma,Nintendo,Nintendo,eu,,,,2005-09-19 00:00:00,DK - King of Swing (Europe) (En Fr De Es It).zip
3844,Gameboy Advance,Breath of Fire II,Jogos de RPG,Capcom,Capcom,us,,,,2002-04-15 00:00:00,Breath of Fire II (USA).zip
3907,Gameboy Advance,Mega Man Battle Network,Ação,Capcom,Ubisoft,us,,,,2001-10-30 00:00:00,Mega Man Battle Network (USA).zip
4024,Gameboy Advance,Final Fight One,Luta,Suntek,Ubisoft,us,,,,2001-09-26 00:00:00,Final Fight One (USA).zip
3935,Gameboy Advance,Astro Boy : Omega Factor,Plataforma,SEGA,THQ,eu,,,,2005-02-18 00:00:00,Astro Boy - Omega Factor (Europe) (En Ja Fr De Es It).zip
83947,Gameboy Advance,Karnaaj Rally,Corrida / Pilotagem,Paragon 5,Jaleco,eu,,,,2003-01-02 00:00:00,Karnaaj Rally (USA  Europe).zip
3856,Gameboy Advance,Mega Man Zero,Plataforma,Inti Creates,Capcom,eu,,,,2002-11-02 00:00:00,Mega Man Zero (USA  Europe).zip
84394,Gameboy Advance,Pokémon Mystery Dungeon : Red Rescue Team,Jogos de RPG,Chunsoft,Nintendo,eu,,,,2006-11-10 00:00:00,Pokemon Mystery Dungeon - Red Rescue Team (Europe) (En Fr De Es It).zip
3820,Gameboy Advance,Super Mario Advance,Plataforma,Nintendo,Nintendo,eu,,,,2001-06-10 00:00:00,Super Mario Advance (USA  Europe).zip
97400,Gameboy Advance,Space Twins,Quebra-cabeças,9wires,9wires,eu,,,,2009-04-27 00:00:00,SpaceTwins.gba
3760,Gameboy Advance,Final Fantasy Tactics Advance,Jogos de RPG,Square Enix,Square Enix,us,,,,2003-09-08 00:00:00,Final Fantasy Tactics Advance (USA  Australia).zip
3753,Gameboy Advance,Golden Sun,Jogos de RPG,Camelot Software,Nintendo,eu,,,,2002-02-22 00:00:00,Golden Sun (USA  Europe).zip
4086,Gameboy Advance,Virtua Tennis,Esporte / Tênis,Altron,SEGA,us,,,,2002-09-25 00:00:00,Virtua Tennis (USA).zip
3889,Gameboy Advance,F-Zero : Maximum Velocity,Corrida / Pilotagem,Nintendo,Nintendo,eu,,,,2001-06-12 00:00:00,F-Zero - Maximum Velocity (USA  Europe).zip
84231,Gameboy Advance,Monster Rancher Advance 2,Simulação,Tecmo,Tecmo,us,,,,2002-11-17 00:00:00,Monster Rancher Advance 2 (USA).zip
4112,Gameboy Advance,Mega Man Battle Network 2,Jogos de RPG,Capcom,Ubisoft,us,,,,2002-06-17 00:00:00,Mega Man Battle Network 2 (USA).zip
3765,Gameboy Advance,Final Fantasy VI Advance,Jogos de RPG,TOSE,Nintendo,us,,,,2007-02-05 00:00:00,Final Fantasy VI Advance (USA).zip
83969,Gameboy Advance,Pocky & Rocky with Becky,Ação,Altron,Natsume,us,,,,2002-10-18 00:00:00,Pocky & Rocky with Becky (USA).zip
3912,Gameboy Advance,Bomberman Tournament,Ação / Labirinto,Hudson,Activision,eu,,,,2001-10-08 00:00:00,Bomberman Tournament (USA  Europe).zip
84874,Gameboy Advance,Turbo Turtle Adventure,Quebra-cabeças,Iridon Interactive AB,Majesco,us,,,,2002-10-07 00:00:00,Turbo Turtle Adventure (USA).zip
3891,Gameboy Advance,Tony Hawk's Underground 2,Esporte / Skate,Vicarious Vision,Activision,eu,,,,2004-10-04 00:00:00,Tony Hawk's Underground 2 (USA  Europe).zip
84049,Gameboy Advance,LEGO Star Wars II - The Original Trilogy,Ação / Aventura,Amaze Entertainment,LucasArts,us,,,,2006-09-12 00:00:00,LEGO Star Wars II - The Original Trilogy (USA).zip
3778,Gameboy Advance,Final Fantasy V Advance,Jogos de RPG,Square Enix,Nintendo,us,,,,2006-11-06 00:00:00,Final Fantasy V Advance (USA).zip
3886,Gameboy Advance,Mega Man Zero 4,Plataforma,Inti Creates,Capcom,eu,,,,2005-10-04 00:00:00,Mega Man Zero 4 (Europe).zip
84078,Gameboy Advance,The Lord of the Rings: The Return of the King,Jogos de RPG,Griptonite Games,EA Games,eu,,,,2003-11-05 00:00:00,Lord of the Rings  The - The Return of the King (USA  Europe) (En Fr De Es It).zip
84895,Gameboy Advance,Ultimate Card Games,Jogo de cartas,Cosmigo,Telegames,eu,,,,2004-05-25 00:00:00,Ultimate Card Games (USA  Europe).zip
4441,Gameboy Advance,Aero the Acro-Bat: Rascal Rival Revenge,Plataforma,Atomic Planet,Metro3D,us,,,,2002-05-14 00:00:00,Aero the Acro-Bat - Rascal Rival Revenge (USA).zip
4642,Gameboy Advance,Wade Hixton's Counter Punch,Esporte / Boxe,Inferno-games,Zoo Digital Publishing,eu,,,,2004-03-15 00:00:00,Wade Hixton's Counter Punch (USA  Europe).zip
4097,Gameboy Advance,Mega Man Battle Network 6 : Cybeast Falzar,Jogos de RPG,Capcom,Capcom,eu,,,,2006-06-13 00:00:00,Mega Man Battle Network 6 - Cybeast Falzar (Europe).zip
83420,Gameboy Advance,Densetsu no Stafy,Plataforma / Corre e Pula,TOSE,Nintendo,jp,,,,2002-09-06 00:00:00,Densetsu no Stafy (Japan).zip
84844,Gameboy Advance,TMNT : Teenage Mutant Ninja Turtles,Briga de rua,Ubisoft,Ubisoft,eu,1,1336,2024-05-11 16:01:25,2007-03-20 00:00:00,TMNT (USA) (En Fr Es).zip
84894,Gameboy Advance,Ultimate Brain Games,Jogo de tabuleiro,Cosmigo,Telegames,eu,1,1336,2024-05-11 16:01:25,2003-03-28 00:00:00,Ultimate Brain Games (USA  Europe).zip
4582,Gameboy Advance,Racing Gears Advance,Corrida / Pilotagem,Orbital Media,Zoo Digital Publishing,us,1,1336,2024-05-11 16:01:25,2005-02-08 00:00:00,Racing Gears Advance (USA).zip
84931,Gameboy Advance,WarioWare  Inc. : Mega Microgame$!,Jogo casual,Nintendo,Nintendo,us,1,1336,2024-05-11 16:01:25,2003-05-26 00:00:00,WarioWare  Inc. - Mega Microgame$! (USA).zip
3852,Gameboy Advance,Sonic Advance 2,Plataforma,Dimps,SEGA,eu,1,1336,2024-05-11 16:01:25,2003-03-09 00:00:00,Sonic Advance 2 (Europe) (En Ja Fr De Es It).zip
3845,Gameboy Advance,Sonic Advance,Plataforma,Sonic Team,SEGA,jp,1,380,2024-06-16 18:08:22,2001-12-20 00:00:00,Sonic Advance (USA) (En Ja).zip
3947,Gameboy Advance,Crash Bandicoot 2 : N-Tranced,Plataforma,Vicarious Vision,Universal Interactive,eu,1,380,2024-06-16 18:08:22,2003-12-04 00:00:00,Crash Bandicoot 2 - N-Tranced (Europe) (En Fr De Es It Nl).zip
4064,Gameboy Advance,Mega Man Zero 2,Plataforma / Tiro com rolagem,Inti Creates,Capcom,us,1,380,2024-06-16 18:08:22,2003-10-14 00:00:00,Mega Man Zero 2 (USA).zip
3865,Gameboy Advance,Tony Hawk's Pro Skater 2,Esporte / Skate,Vicarious Visions,Activision,eu,1,380,2024-06-16 18:08:22,2001-05-30 00:00:00,Tony Hawk's Pro Skater 2 (USA  Europe).zip
83989,Gameboy Advance,Klonoa 2 : Dream Champ Tournament,Plataforma,Now Production,Namco,us,1,380,2024-06-16 18:08:22,2005-02-23 00:00:00,Klonoa 2 - Dream Champ Tournament (USA).zip
4100,Gameboy Advance,Banjo-Pilot,Corrida / Pilotagem,Rareware,THQ,eu,1,380,2024-06-16 18:08:22,2005-02-01 00:00:00,Banjo-Pilot (Europe) (En Fr De Es It).zip
4074,Gameboy Advance,Kurukuru Kururin,Ação / Labirinto,Eighting,Nintendo,eu,1,380,2024-06-16 18:08:22,2001-03-21 00:00:00,Kurukuru Kururin (Europe).zip
3946,Gameboy Advance,Crash Bandicoot Purple : Ripto's Rampage,Plataforma,Vicarious Vision,Vivendi Universal Games,us,1,380,2024-06-16 18:08:22,2004-06-01 00:00:00,Crash Bandicoot Purple - Ripto's Rampage (USA).zip
85016,Gameboy Advance,Yu-Gi-Oh! The Eternal Duelist Soul,Jogo de cartas,KCEJ,Konami,us,1,380,2024-06-16 18:08:22,2002-10-15 00:00:00,Yu-Gi-Oh! - The Eternal Duelist Soul (USA).zip
3857,Gameboy Advance,Donkey Kong Country 3,Plataforma,Rareware,Nintendo,eu,1,380,2024-06-16 18:08:22,2005-11-07 00:00:00,Donkey Kong Country 3 (Europe) (En Fr De Es It).zip
37229,Gameboy Color,Wario Land 3,Ação,Nintendo,Nintendo,jp,,,,2000-03-21 00:00:00,Wario Land 3 (World) (En Ja).zip
37109,Gameboy Color,LEGO Island 2 : The Brickster's Revenge,Corrida / Pilotagem,Crawfish Interactive Ltd.,Lego Media,eu,,,,2000-03-21 00:00:00,LEGO Island 2 - The Brickster's Revenge (USA) (En Fr Es).zip
37118,Gameboy Color,Lufia: The Legend Returns,Jogos de RPG,Neverland Co.  Ltd.,Natsume,us,,,,2000-03-21 00:00:00,Lufia - The Legend Returns (USA).zip
37116,Gameboy Color,Sylvester and Tweety : Breakfast on the Run,Ação,Bit Managers,Infogrames,eu,,,,2000-03-21 00:00:00,Looney Tunes - Twouble! (USA) (En Fr Es).zip
37131,Gameboy Color,Mickey's Racing Adventure,Corrida / Pilotagem,Rareware,Nintendo,eu,,,,1999-11-25 00:00:00,Mickey's Racing Adventure (USA  Europe) (En Fr De Es It).zip
36890,Gameboy Color,Croc,Ação,Virtucraft,THQ,eu,1,36,2022-11-20 23:32:01,1999-11-25 00:00:00,Croc (USA  Europe).zip
36954,Gameboy Color,Mario Tennis,Esporte / Tênis,Camelot Software,Nintendo,us,1,36,2022-11-20 23:32:01,2000-01-16 00:00:00,Mario Tennis (USA).zip
36929,Gameboy Color,Hamtaro: Ham-Hams Unite!,Quebra-cabeças,Nintendo,Nintendo,us,1,36,2022-11-20 23:32:01,2002-10-28 00:00:00,Hamtaro - Ham-Hams Unite! (USA).zip
36949,Gameboy Color,Lucky Luke,Tiro,Infogrames,Infogrames,eu,1,36,2022-11-20 23:32:01,1999-01-01 00:00:00,Lucky Luke (USA) (En Fr De Es).zip
37217,Gameboy Color,Tony Hawk's Pro Skater 2,Esporte / Skate,Natsume,Activision,eu,1,36,2022-11-20 23:32:01,1999-01-01 00:00:00,Tony Hawk's Pro Skater 2 (USA  Europe).zip
37001,Gameboy Color,Spider-Man,Ação,Vicarious Vision,Activision,eu,1,36,2022-11-20 23:32:01,1999-01-01 00:00:00,Spider-Man (USA  Europe).zip
37172,Gameboy Color,Resident Evil: Gaiden,Quebra-cabeças,M4 Ltd.,Capcom,us,1,36,2022-11-20 23:32:01,1999-01-01 00:00:00,Resident Evil Gaiden (USA).zip
37083,Gameboy Color,Gex 3 : Deep Pocket Gecko,Ação,David A. Palmer Productions,Eidos Interactive,us,1,36,2022-11-20 23:32:01,1999-11-15 00:00:00,Gex 3 - Deep Pocket Gecko (USA).zip
82134,Gameboy Color,Dragon Ball Z : Legendary Super Warriors,Jogos de RPG,Banpresto,Infogrames,us,1,36,2022-11-20 23:32:01,2002-11-08 00:00:00,Dragon Ball Z - Legendary Super Warriors (USA).zip
36892,Gameboy Color,Crystalis,Jogos de RPG,Nintendo,Nintendo,us,1,36,2022-11-20 23:32:01,2002-11-08 00:00:00,Crystalis (USA).zip
36958,Gameboy Color,Metal Gear Solid,Ação,Konami,Konami,us,1,36,2022-11-20 23:32:01,2000-01-01 00:00:00,Metal Gear Solid (USA).zip
37199,Gameboy Color,Star Wars: Episode I - Obi-Wan's Adventures,Ação,HotGen Ltd.,THQ,us,1,36,2022-11-20 23:32:01,2000-01-01 00:00:00,Star Wars Episode I - Obi-Wan's Adventures (USA).zip
36959,Gameboy Color,Mickey's Speedway USA,Corrida / Pilotagem,Rareware,Nintendo,eu,1,36,2022-11-20 23:32:01,2000-01-01 00:00:00,Mickey's Speedway USA (USA  Europe) (En Fr De Es).zip
37195,Gameboy Color,Spider-Man 2 : The Sinister Six,Ação,Torus Games,Activision,eu,1,36,2022-11-20 23:32:01,2000-01-01 00:00:00,Spider-Man 2 - The Sinister Six (USA  Europe).zip
36921,Gameboy Color,Ghosts'n Goblins,Luta,Capcom,Capcom,eu,1,36,2022-11-20 23:32:01,2001-08-24 00:00:00,Ghosts'n Goblins (USA  Europe).zip
36998,Gameboy Color,Shantae,Plataforma,Wayforward,Capcom,us,1,36,2022-11-20 23:32:01,2002-06-02 00:00:00,Shantae (USA).zip
36883,Gameboy Color,Centipede,Ação,Morning Star Multimedia,Majesco,us,1,21,2022-11-20 23:32:48,1998-01-01 00:00:00,Centipede (USA).zip
37124,Gameboy Color,Mary-Kate & Ashley : Get a Clue!,Quebra-cabeças,Crawfish Interactive Ltd.,Acclaim,eu,1,21,2022-11-20 23:32:48,2000-01-01 00:00:00,Mary-Kate & Ashley - Get a Clue! (USA  Europe).zip
82379,Gameboy Color,The Legend of Zelda : Oracle of Seasons,Ação / Aventura,Flagship Studios,Nintendo,us,1,21,2022-11-20 23:32:48,2001-05-14 00:00:00,Legend of Zelda  The - Oracle of Seasons (USA).zip
37123,Gameboy Color,Mario Golf,Esporte / Golfe,Camelot Software,Nintendo,us,1,21,2022-11-20 23:32:48,1999-06-30 00:00:00,Mario Golf (USA).zip
37211,Gameboy Color,Tiny Toon Adventures: Buster Saves the Day,Ação,Warthog Plc,Conspiracy Entertainment,us,1,21,2022-11-20 23:32:48,1999-06-30 00:00:00,Tiny Toon Adventures - Buster Saves the Day (USA).zip
37151,Gameboy Color,Nicktoons Racing,Corrida / Pilotagem,Pipedream Interactive  Inc.,Hasbro Interactive,us,1,21,2022-11-20 23:32:48,2000-12-07 00:00:00,Nicktoons Racing (USA).zip
82676,Gameboy Color,Rayman 2 : The Great Escape,Ação,Ubisoft,Ubisoft,eu,1,21,2022-11-20 23:32:48,2001-12-14 00:00:00,Rayman 2 - The Great Escape (USA) (En Fr De Es It).zip
37136,Gameboy Color,Monster Rancher Explorer,Ação,Graphic Research Co.  Ltd.,Tecmo,us,1,21,2022-11-20 23:32:48,2000-01-01 00:00:00,Monster Rancher Explorer (USA).zip
82631,Gameboy Color,Power Rangers : Lightspeed Rescue,Plataforma,Natsume,THQ,eu,1,21,2022-11-20 23:32:48,2000-01-01 00:00:00,Power Rangers - Lightspeed Rescue (USA  Europe).zip
37111,Gameboy Color,LEGO Stunt Rally,Corrida / Pilotagem,Graphic State Limited,Lego Media,us,1,21,2022-11-20 23:32:48,2000-12-29 00:00:00,LEGO Stunt Rally (USA).zip
36931,Gameboy Color,Harry Potter and the Chamber of Secrets,Jogos de RPG,Griptonite Games,Electronic Arts,eu,1,21,2022-11-20 23:32:48,2002-11-15 00:00:00,Harry Potter and the Chamber of Secrets (USA  Europe) (En Fr De Es It Nl Pt Sv Da).zip
82377,Gameboy Color,The Legend of Zelda : Oracle of Ages,Ação / Aventura,Flagship Studios,Nintendo,us,1,21,2022-11-20 23:32:48,2001-05-14 00:00:00,Legend of Zelda  The - Oracle of Ages (USA).zip
37216,Gameboy Color,Tony Hawk's Pro Skater,Esporte / Skate,Natsume,Activision,eu,1,21,2022-11-20 23:32:48,2000-03-30 00:00:00,Tony Hawk's Pro Skater (USA  Europe).zip
82952,Gameboy Color,Woody Woodpecker,Ação / Aventura,Dreamcatcher,Nintendo,us,1,21,2022-11-20 23:32:48,2001-01-01 00:00:00,Woody Woodpecker (USA).zip
36917,Gameboy Color,Frogger,Ação,Konami,Majesco,us,1,21,2022-11-20 23:32:48,1998-12-31 00:00:00,Frogger (USA).zip
37190,Gameboy Color,Shrek : Fairy Tale Freakdown,Luta,Silent Software,TDK,eu,1,21,2022-11-20 23:32:48,2001-06-01 00:00:00,Shrek - Fairy Tale Freakdown (USA  Europe) (En Fr De Es It).zip
82634,Gameboy Color,Power Rangers : Time Force,Ação,Natsume,THQ,eu,1,21,2022-11-20 23:32:48,2001-11-23 00:00:00,Power Rangers - Time Force (USA  Europe).zip
37202,Gameboy Color,Street Fighter Alpha: Warriors' Dreams,Luta,Capcom,Capcom,us,1,21,2022-11-20 23:32:48,2000-03-24 00:00:00,Street Fighter Alpha - Warriors' Dreams (USA).zip
82137,Gameboy Color,Dragon Warrior III,Jogos de RPG,Enix,Enix,us,1,21,2022-11-20 23:32:48,2001-07-18 00:00:00,Dragon Warrior III (USA).zip
82866,Gameboy Color,The Smurfs' Nightmare,Ação,Bit Managers,Infogrames,us,1,21,2022-11-20 23:32:48,1999-02-28 00:00:00,Smurfs Nightmare  The (USA).zip
36986,Gameboy Color,Rayman,Ação,Ubisoft,Ubisoft,eu,1,21,2022-11-20 23:32:48,2000-07-24 00:00:00,Rayman (USA) (En Fr De Es It Nl).zip
36894,Gameboy Color,Daffy Duck : Fowl Play,Ação,Sunsoft,Sunsoft,eu,1,21,2022-11-20 23:32:48,1999-01-01 00:00:00,Daffy Duck - Fowl Play (USA  Europe).zip
82600,Gameboy Color,Pokémon Puzzle Challenge,Quebra-cabeças,Intelligent Systems,Nintendo,us,1,21,2022-11-20 23:32:48,2000-09-01 00:00:00,Pokemon Puzzle Challenge (USA).zip
36878,Gameboy Color,Bugs Bunny : Crazy Castle 3,Quebra-cabeças,Kemco,Nintendo,eu,1,21,2022-11-20 23:32:48,1999-01-01 00:00:00,Bugs Bunny - Crazy Castle 3 (USA  Europe).zip
37022,Gameboy Color,Warlocked,Estratégia,Bits Studios,Nintendo,us,1,21,2022-11-20 23:32:48,2000-07-24 00:00:00,Warlocked (USA).zip
36905,Gameboy Color,Donkey Kong Country,Ação,Rareware,Nintendo,eu,1,21,2022-11-20 23:32:48,2000-11-04 00:00:00,Donkey Kong Country (USA  Europe) (En Fr De Es It).zip
36874,Gameboy Color,Bomberman Max : Blue Champion,Quebra-cabeças,Hudson,Vatical Entertainment,us,1,21,2022-11-20 23:32:48,2000-05-14 00:00:00,Bomberman Max - Blue Champion (USA).zip
36846,Gameboy Color,007 : The World Is Not Enough,Ação,2n Productions,Electronic Arts,eu,1,147,2022-11-21 10:15:31,2001-09-11 00:00:00,007 - The World Is Not Enough (USA  Europe).zip
37113,Gameboy Color,Looney Tunes Collector : Martian Alert!,Ação / Aventura,Infogrames,Infogrames,eu,1,147,2022-11-21 10:15:31,2000-01-01 00:00:00,Looney Tunes Collector - Alert! (USA) (En Fr Es).zip
82637,Gameboy Color,The Powerpuff Girls: Bad Mojo Jojo,Ação,Sennari Interactive,Bam Entertainment,us,1,147,2022-11-21 10:15:31,2000-11-14 00:00:00,Powerpuff Girls  The - Bad Mojo Jojo (USA).zip
81942,Gameboy Color,Arthur's Absolutely Fun Day!,Jogo casual,Ed Magnin and Associates,The Learning Company,us,1,147,2022-11-21 10:15:31,2000-09-07 00:00:00,Arthur's Absolutely Fun Day! (USA).zip
37042,Gameboy Color,Bomberman Max : Red Challenger,Quebra-cabeças,Hudson,Vatical Entertainment,us,1,147,2022-11-21 10:15:31,2000-05-14 00:00:00,Bomberman Max - Red Challenger (USA).zip
82776,Gameboy Color,Speedy Gonzales : Aztec Adventure,Plataforma,Natsume,Epoch,eu,1,147,2022-11-21 10:15:31,2000-05-14 00:00:00,Speedy Gonzales - Aztec Adventure (USA  Europe).zip
36899,Gameboy Color,Dexter's Laboratory : Robot Rampage,Ação,Altron,Bam Entertainment,eu,1,147,2022-11-21 10:15:31,2000-05-14 00:00:00,Dexter's Laboratory - Robot Rampage (USA  Europe).zip
82101,Gameboy Color,Donald Duck : Quack Attack,Plataforma,Ubisoft,Disney Interactive,eu,1,147,2022-11-21 10:15:31,2000-05-14 00:00:00,Donald Duck - Goin' Quackers (USA) (En Fr De Es It).zip
81969,Gameboy Color,Barbie - Ocean Discovery,Ação / Aventura,Realtime Associates,Mattel Electronics,us,1,147,2022-11-21 10:15:31,1999-05-01 00:00:00,Barbie - Ocean Discovery (USA).zip
37087,Gameboy Color,Harry Potter and the Sorcerer's Stone,Jogos de RPG,Griptonite Games,Electronic Arts,eu,1,147,2022-11-21 10:15:31,1999-05-01 00:00:00,Harry Potter and the Sorcerer's Stone (USA  Europe) (En Fr De Es It Nl Pt Sv No Da Fi).zip
37220,Gameboy Color,Top Gear Pocket 2,Esporte,Vision Works,Kemco,us,1,147,2022-11-21 10:15:31,2000-01-30 00:00:00,Top Gear Pocket 2 (USA).zip
82606,Gameboy Color,Pokémon : Crystal Version,Jogos de RPG,Game Freak,Nintendo,eu,1,147,2022-11-21 10:15:31,2001-11-02 00:00:00,Pokemon - Crystal Version (USA  Europe).zip
36932,Gameboy Color,Harvest Moon 3 GBC,Simulação,Victor Interactive,Natsume,us,1,147,2022-11-21 10:15:31,2001-11-14 00:00:00,Harvest Moon 3 GBC (USA).zip
82887,Gameboy Color,Tomb Raider : Curse of the Sword,Ação,Core Design,Activision,eu,1,147,2022-11-21 10:15:31,2001-08-17 00:00:00,Tomb Raider - Curse of the Sword (USA  Europe).zip
81973,Gameboy Color,Barbie : Magic Genie Adventure,Aventura,Vicarious Vision,Mattel Electronics,us,1,10,2023-03-12 17:52:54,2001-08-17 00:00:00,Barbie - Magic Genie Adventure (USA).zip
37183,Gameboy Color,Scooby-Doo! : Classic Creep Capers,Aventura,Digital Eclipse,THQ,eu,1,10,2023-03-12 17:52:54,2001-08-17 00:00:00,Scooby-Doo! - Classic Creep Capers (USA  Europe).zip
36967,Gameboy Color,Mr. Driller,Estratégia,Namco,Namco,us,1,10,2023-03-12 17:52:54,2000-08-02 00:00:00,Mr. Driller (USA).zip
81972,Gameboy Color,Barbie : Fashion Pack Games,Jogo casual,Hyperspace Cowgirls,Mattel Electronics,eu,1,10,2023-03-12 17:52:54,2000-09-01 00:00:00,Barbie - Fashion Pack Games (USA  Europe).zip
82757,Gameboy Color,The Simpsons : Night of the Living Treehouse of Ho,Plataforma,Software Creations,THQ,eu,1,10,2023-03-12 17:52:54,2001-04-20 00:00:00,Simpsons  The - Night of the Living Treehouse of Horror (USA  Europe).zip
37110,Gameboy Color,LEGO Racers,Corrida / Pilotagem,Climax Studios,Lego Media,eu,1,10,2023-03-12 17:52:54,2001-04-20 00:00:00,LEGO Racers (USA) (En Fr Es).zip
37169,Gameboy Color,Rampage 2 : Universal Tour,Ação,Digital Eclipse,Midway,eu,1,10,2023-03-12 17:52:54,1999-01-01 00:00:00,Rampage 2 - Universal Tour (USA  Europe).zip
37095,Gameboy Color,International Superstar Soccer 2000,Esporte / Futebol,Major A,Konami,us,1,10,2023-03-12 17:52:54,1999-01-01 00:00:00,International Superstar Soccer 2000 (USA).zip
82086,Gameboy Color,Deer Hunter,Caça e Pesca / Caça,Morning Star Multimedia,Vatical Entertainment,us,1,10,2023-03-12 17:52:54,1999-12-22 00:00:00,Deer Hunter (USA).zip
37214,Gameboy Color,Tomb Raider,Quebra-cabeças,Core Design,Eidos Interactive,eu,1,10,2023-03-12 17:52:54,2000-07-08 00:00:00,Tomb Raider (USA  Europe) (En Fr De Es It).zip
82958,Gameboy Color,Xena : Warrior Princess,Aventura,Titus,Titus,eu,1,10,2023-03-12 17:52:54,2001-09-14 00:00:00,Xena - Warrior Princess (USA  Europe) (En Fr De Es It Nl).zip
82384,Gameboy Color,Lion King : Simba's Mighty Adventure  The,Plataforma,Torus Games,Activision,eu,1,10,2023-03-12 17:52:54,2001-09-14 00:00:00,Lion King  The - Simba's Mighty Adventure (USA  Europe).zip
37104,Gameboy Color,The Land Before Time,Ação,Eclipse Entertainment Ltd.,Swing! Entertainment,us,1,10,2023-03-12 17:52:54,2001-09-14 00:00:00,Land Before Time  The (USA).zip
82827,Gameboy Color,Tazmanian Devil : Munching Madness,Ação,M4 Limited,Sunsoft,eu,1,10,2023-03-12 17:52:54,1999-01-01 00:00:00,Tazmanian Devil - Munching Madness (USA) (En Fr De Es It).zip
37204,Gameboy Color,Super Mario Bros. Deluxe,Ação,Nintendo,Nintendo,eu,1,10,2023-03-12 17:52:54,1999-07-01 00:00:00,Super Mario Bros. Deluxe (USA  Europe).zip
37177,Gameboy Color,Road Rash,Esporte,3d6 Games,Electronic Arts,eu,1,10,2023-03-12 17:52:54,1999-07-01 00:00:00,Road Rash (USA  Europe).zip
36904,Gameboy Color,Diva Starz : Mall Mania,Simulação,Dice,Universal,us,1,10,2023-03-12 17:52:54,2001-03-12 00:00:00,Diva Starz - Mall Mania (USA).zip
36948,Gameboy Color,Looney Tunes,Ação,Sunsoft,Sunsoft,us,1,10,2023-03-12 17:52:54,1998-01-01 00:00:00,Looney Tunes (USA).zip
36865,Gameboy Color,Barbie : Pet Rescue,Aventura,HotGen Studios,Mattel Electronics,us,1,10,2023-03-12 17:52:54,2001-08-15 00:00:00,Barbie - Pet Rescue (USA).zip
37021,Gameboy Color,Wacky Races,Corrida / Pilotagem,Velez & Dubail,Infogrames,eu,1,10,2023-03-12 17:52:54,2001-08-15 00:00:00,Wacky Races (USA) (En Fr Es).zip
37238,Gameboy Color,X-Men : Mutant Wars,Luta,HAL Laboratory,Activision,eu,1,10,2023-03-12 17:52:54,2001-08-15 00:00:00,X-Men - Mutant Wars (USA  Europe).zip
82824,Gameboy Color,Tarzan,Plataforma,Digital Eclipse,Activision,eu,1,10,2023-03-12 17:52:54,1999-01-01 00:00:00,Tarzan (USA  Europe).zip
37079,Gameboy Color,Galaga : Destination Earth,Shoot'em Up / Vertical,Pipedream Interactive  Inc.,Majesco,us,1,10,2023-03-12 17:52:54,2000-09-01 00:00:00,Galaga - Destination Earth (USA).zip
36937,Gameboy Color,Inspector Gadget: Operation Madkactus,Quebra-cabeças,RFX Interactive,Light & Shadow Productions (LSP),us,1,10,2023-03-12 17:52:54,2000-12-01 00:00:00,Inspector Gadget - Operation Madkactus (USA).zip
37115,Gameboy Color,Looney Tunes Racing,Corrida / Pilotagem,Xantera,Infogrames,eu,1,10,2023-03-12 17:52:54,2001-06-15 00:00:00,Looney Tunes Racing (USA) (En Fr De Es It Nl).zip
82883,Gameboy Color,Tom and Jerry in Mouse Attacks!,Plataforma,Warthog Plc,NewKidCo,us,1,10,2023-03-12 17:52:54,2000-01-01 00:00:00,Tom and Jerry in Mouse Attacks! (USA).zip
37000,Gameboy Color,Spawn,Plataforma / Tiro com rolagem,Konami,Konami,us,1,10,2023-03-12 17:52:54,2000-01-01 00:00:00,Spawn (USA).zip
37193,Gameboy Color,Snoopy Tennis,Esporte / Tênis,Mermaid Studios,Infogrames,eu,1,10,2023-03-12 17:52:54,2001-10-26 00:00:00,Snoopy Tennis (USA) (En Fr Es).zip
36896,Gameboy Color,Dave Mirra Freestyle BMX,Esporte / Ciclismo,NEON Software,Acclaim,eu,1,10,2023-03-12 17:52:54,2000-09-11 00:00:00,Dave Mirra Freestyle BMX (USA  Europe).zip
36955,Gameboy Color,Mary-Kate and Ashley : Winners Circle,Esporte,M4 Ltd.,Acclaim,eu,1,10,2023-03-12 17:52:54,2000-09-11 00:00:00,Mary-Kate and Ashley - Winners Circle (USA  Europe).zip
36910,Gameboy Color,Earthworm Jim : Menace 2 the Galaxy,Aventura,David A. Palmer Productions,Crave Entertainment,eu,1,10,2023-03-12 17:52:54,1999-11-10 00:00:00,Earthworm Jim - Menace 2 the Galaxy (USA  Europe).zip
37018,Gameboy Color,Uno,Variados,HotGen Ltd.,Mattel Electronics,us,1,10,2023-03-12 17:52:54,1999-11-10 00:00:00,Uno (USA).zip
82158,Gameboy Color,E.T. : The Extra-Terrestrial  Digital Companion,Variados,Powerhead Games,NewKidCo,us,1,10,2023-03-12 17:52:54,2001-10-18 00:00:00,E.T. - The Extra-Terrestrial - Digital Companion (USA).zip
37223,Gameboy Color,Turok : Rage Wars,Ação,Bit Managers,Acclaim,eu,1,10,2023-03-12 17:52:54,2001-10-18 00:00:00,Turok - Rage Wars (USA  Europe) (En Fr De Es).zip
37237,Gameboy Color,WWF WrestleMania 2000,Esporte / Luta Livre,Natsume,THQ,eu,1,10,2023-03-12 17:52:54,2001-10-18 00:00:00,WWF WrestleMania 2000 (USA  Europe).zip
37031,Gameboy Color,Alone in the Dark : The New Nightmare,Aventura,Pocket Studios,Infogrames,eu,1,10,2023-03-12 17:52:54,2001-06-27 00:00:00,Alone in the Dark - The New Nightmare (USA) (En Fr Es).zip
37084,Gameboy Color,Grand Theft Auto,Corrida / Pilotagem,Tarantula Studios,Take 2 Interactive,us,1,10,2023-03-12 17:52:54,1999-10-22 00:00:00,Grand Theft Auto (USA).zip
37180,Gameboy Color,Rugrats : Time Travelers,Ação / Aventura,Software Creations,THQ,eu,1,10,2023-03-12 17:52:54,2000-01-01 00:00:00,Rugrats - Time Travelers (USA  Europe).zip
81937,Gameboy Color,Armada : FX Racers,Corrida / Pilotagem,Metro3D,Metro3D,us,1,10,2023-03-12 17:52:54,2000-08-25 00:00:00,Armada - FX Racers (USA).zip
82854,Gameboy Color,Emperor's New Groove  The,Ação,Sandbox Studios,Ubisoft,us,1,10,2023-03-12 17:52:54,2000-01-01 00:00:00,Emperor's New Groove  The (USA).zip
82643,Gameboy Color,The Powerpuff Girls: Paint the Townsville Green,Briga de rua,Sennari Interactive,Bam Entertainment,us,1,10,2023-03-12 17:52:54,2000-01-01 00:00:00,Powerpuff Girls  The - Paint the Townsville Green (USA).zip
82882,Gameboy Color,Tom & Jerry,Plataforma,Morning Star Multimedia,Majesco,eu,1,10,2023-03-12 17:52:54,2000-07-06 00:00:00,Tom & Jerry (USA  Europe).zip
82640,Gameboy Color,The Powerpuff Girls: Battle Him,Ação,Sennari Interactive,Bam Entertainment,us,1,10,2023-03-12 17:52:54,2001-02-27 00:00:00,Powerpuff Girls  The - Battle Him (USA).zip
36857,Gameboy Color,Army Men,Estratégia,Digital Eclipse,3DO,eu,1,10,2023-03-12 17:52:54,2000-02-25 00:00:00,Army Men (USA  Europe) (En Fr De).zip
37239,Gameboy Color,X-Men: Wolverine's Rage,Luta,Digital Eclipse,Activision,us,1,10,2023-03-12 17:52:54,2000-02-25 00:00:00,X-Men - Wolverine's Rage (USA).zip
36906,Gameboy Color,Dragon's Lair,Ação,Digital Eclipse,Capcom,eu,1,10,2023-03-12 17:52:54,2000-02-25 00:00:00,Dragon's Lair (USA  Europe) (En Ja Fr De Es Zh).zip
82723,Gameboy Color,Sabrina : The Animated Series  Zapped!,Plataforma,Wayforward,Havas Interactive,eu,1,10,2023-03-12 17:52:54,2000-11-17 00:00:00,Sabrina - The Animated Series - Zapped! (USA  Europe).zip
36924,Gameboy Color,Gold and Glory: The Road to El Dorado,Ação,Planet Interactive Development,Ubisoft,us,1,10,2023-03-12 17:52:54,2000-11-17 00:00:00,Gold and Glory - The Road to El Dorado (USA).zip
37048,Gameboy Color,Croc 2,Ação,Natsume,THQ,eu,1,10,2023-03-12 17:52:54,2000-11-17 00:00:00,Croc 2 (USA  Europe).zip
37085,Gameboy Color,Grand Theft Auto 2,Corrida / Pilotagem,Tarantula Studios,Rockstar Games,us,1,10,2023-03-12 17:52:54,2000-12-01 00:00:00,Grand Theft Auto 2 (USA).zip
82424,Gameboy Color,Mary-Kate and Ashley : Crush Course,Plataforma,Crawfish Interactive,Acclaim,eu,1,10,2023-03-12 17:52:54,2000-12-01 00:00:00,Mary-Kate and Ashley - Crush Course (USA  Europe).zip
82225,Gameboy Color,Godzilla : The Series  Monster Wars,Briga de rua,Crawfish Interactive,Crave Entertainment,eu,1,10,2023-03-12 17:52:54,2000-01-01 00:00:00,Godzilla - The Series - Monster Wars (USA) (En Fr De).zip
36936,Gameboy Color,Indiana Jones and the Infernal Machine,Quebra-cabeças,LucasArts,THQ,eu,1,10,2023-03-12 17:52:54,2000-01-01 00:00:00,Indiana Jones and the Infernal Machine (USA  Europe) (En Fr De).zip
36868,Gameboy Color,Batman Beyond : Return of the Joker,Luta,Kemco,Ubisoft,us,1,38,2022-11-20 23:17:15,2000-11-01 00:00:00,Batman Beyond - Return of the Joker (USA).zip
36920,Gameboy Color,Gex : Enter the Gecko,Ação,David A. Palmer Productions,Crave Entertainment,eu,1,38,2022-11-20 23:17:15,2000-11-01 00:00:00,Gex - Enter the Gecko (USA  Europe).zip
36923,Gameboy Color,Godzilla : The Series,Ação,Crawfish Interactive Ltd.,Crave Entertainment,eu,1,38,2022-11-20 23:17:15,2000-11-01 00:00:00,Godzilla - The Series (USA) (En Fr De).zip
82901,Gameboy Color,Toy Story Racer,Corrida / Pilotagem,Tiertex,Activision,eu,1,38,2022-11-20 23:17:15,2001-03-09 00:00:00,Toy Story Racer (USA  Europe).zip
82562,Gameboy Color,Pitfall : Beyond the Jungle,Plataforma,David A. Palmer Productions,Crave Entertainment,eu,1,38,2022-11-20 23:17:15,1999-01-01 00:00:00,Pitfall - Beyond the Jungle (USA  Europe).zip
82426,Gameboy Color,Mary-Kate and Ashley : Pocket Planner,Variados,Powerhead Games,Acclaim,eu,1,38,2022-11-20 23:17:15,1999-01-01 00:00:00,Mary-Kate and Ashley - Pocket Planner (USA  Europe).zip
82563,Gameboy Color,Planet of the Apes,Ação,Torus Games,Ubisoft,eu,1,38,2022-11-20 23:17:15,2001-11-23 00:00:00,Planet of the Apes (USA) (En Fr De Es It Nl).zip
37078,Gameboy Color,Frogger 2,Ação,Game Titan,Majesco,us,1,38,2022-11-20 23:17:15,2000-09-23 00:00:00,Frogger 2 (USA).zip
82149,Gameboy Color,Driver,Corrida / Pilotagem,Crawfish Interactive,Infogrames,eu,1,38,2022-11-20 23:17:15,2000-01-01 00:00:00,Driver - You are the Wheelman (USA) (En Fr De Es It).zip
37218,Gameboy Color,Tony Hawk's Pro Skater 3,Esporte / Skate,HotGen Ltd.,Activision,eu,1,38,2022-11-20 23:17:15,2000-01-01 00:00:00,Tony Hawk's Pro Skater 3 (USA  Europe).zip
82106,Gameboy Color,Dogz : Your Virtual Petz Palz,Simulação,Mindscape,Saffire,us,1,38,2022-11-20 23:17:15,2000-01-01 00:00:00,Dogz - Your Virtual Petz Palz (USA).zip
37213,Gameboy Color,Tom and Jerry : Mousehunt,Ação,Conspiracy Entertainment,Conspiracy Entertainment,eu,1,38,2022-11-20 23:17:15,2000-01-01 00:00:00,Tom and Jerry - Mousehunt (USA) (En Fr Es).zip
82414,Gameboy Color,Magical Drop,Quebra-cabeças,Virgin,swing interactive,us,1,38,2022-11-20 23:17:15,2000-01-01 00:00:00,Magical Drop (USA).zip
82743,Gameboy Color,Sgt. Rock : On the Frontline,Tiro,Altron,Bam Entertainment,us,1,38,2022-11-20 23:17:15,2000-01-01 00:00:00,Sgt. Rock - On the Frontline (USA).zip
82044,Gameboy Color,Catz : Your Virtual Petz Palz,Simulação,Saffire,Mindscape,us,1,38,2022-11-20 23:17:15,1999-12-01 00:00:00,Catz - Your Virtual Petz Palz (USA).zip
82864,Gameboy Color,The New Adventures of Mary-Kate & Ashley,Plataforma,Crawfish Interactive,Acclaim,eu,1,38,2022-11-20 23:17:15,1999-12-01 00:00:00,New Adventures of Mary-Kate & Ashley  The (USA  Europe).zip
82722,Gameboy Color,Sabrina : The Animated Series  Spooked!,Ação,Wayforward,Simon & Schuster Interactive,eu,1,38,2022-11-20 23:17:15,1999-12-01 00:00:00,Sabrina - The Animated Series - Spooked! (USA  Europe).zip
36903,Gameboy Color,Aladdin,Ação,Virgin,Ubisoft,us,4,28,2022-11-20 19:28:46,2000-11-10 00:00:00,Aladdin (USA).zip
36970,Gameboy Color,Paperboy,Esporte / Ciclismo,Digital Eclipse,Midway,eu,4,28,2022-11-20 19:28:46,1999-01-01 00:00:00,Paperboy (USA  Europe).zip
81946,Gameboy Color,Atlantis : The Lost Empire,Plataforma,Eurocom,THQ,eu,4,28,2022-11-20 19:28:46,2001-11-09 00:00:00,Atlantis - The Lost Empire (USA  Europe).zip
36993,Gameboy Color,Rugrats in Paris : The Movie,Ação,Software Creations,THQ,eu,4,28,2022-11-20 19:28:46,2001-11-09 00:00:00,Rugrats in Paris - The Movie (USA  Europe).zip
36877,Gameboy Color,Buffy the Vampire Slayer,Luta,Game Brains,THQ,eu,4,28,2022-11-20 19:28:46,2001-11-09 00:00:00,Buffy the Vampire Slayer (USA  Europe).zip
36872,Gameboy Color,Blade,Luta,HAL Laboratory,Activision,eu,4,28,2022-11-20 19:28:46,2000-12-08 00:00:00,Blade (USA  Europe).zip
37181,Gameboy Color,Rugrats : Totally Angelica,Ação,Tiertex,THQ,eu,4,28,2022-11-20 19:28:46,2000-12-08 00:00:00,Rugrats - Totally Angelica (USA  Europe).zip
82511,Gameboy Color,NASCAR Racers,Corrida / Pilotagem,Digital Eclipse,Majesco,us,4,28,2022-11-20 19:28:46,2000-12-08 00:00:00,NASCAR Racers (USA).zip
36860,Gameboy Color,Austin Powers : Oh  Behave!,Ação,Tarantula Studios,Take 2 Interactive,us,4,28,2022-11-20 19:28:46,2000-11-03 00:00:00,Austin Powers - Oh  Behave! (USA).zip
37009,Gameboy Color,Toki Tori,Quebra-cabeças,Two Tribes B.V.,Capcom,eu,4,28,2022-11-20 19:28:46,2000-11-03 00:00:00,Toki Tori (USA  Europe) (En Ja Fr De Es).zip
81986,Gameboy Color,Battleship,Estratégia,Pack In Video,Majesco,eu,4,28,2022-11-20 19:28:46,1999-01-01 00:00:00,Battleship (USA  Europe).zip
82142,Gameboy Color,Dragon Tales : Dragon Adventures,Plataforma,Handheld Games,NewKidCo,us,4,28,2022-11-20 19:28:46,2001-11-15 00:00:00,Dragon Tales - Dragon Adventures (USA).zip
36945,Gameboy Color,LEGO Alpha Team,Quebra-cabeças,Climax Studios,Lego Media,us,4,28,2022-11-20 19:28:46,2001-11-15 00:00:00,LEGO Alpha Team (USA).zip
37231,Gameboy Color,Warriors of Might and Magic,Esporte,Game Boy World,3DO,eu,4,28,2022-11-20 19:28:46,2001-11-15 00:00:00,Warriors of Might and Magic (USA) (En Fr De).zip
82966,Gameboy Color,Yoda Stories,Aventura,Torus Games,THQ,eu,4,28,2022-11-20 19:28:46,2001-11-15 00:00:00,Yoda Stories (USA  Europe).zip
36891,Gameboy Color,Cruis'n Exotica,Corrida / Pilotagem,Crawfish Interactive Ltd.,Midway,us,4,28,2022-11-20 19:28:46,2001-11-15 00:00:00,Cruis'n Exotica (USA).zip
36882,Gameboy Color,Catwoman,Simulação,Kemco,Vatical Entertainment,us,4,28,2022-11-20 19:28:46,1999-01-01 00:00:00,Catwoman (USA).zip
37045,Gameboy Color,Bust-A-Move Millennium,Quebra-cabeças,Dreams Co.  Ltd.,Acclaim,eu,1,14,2023-03-14 22:07:33,2000-11-17 00:00:00,Bust-A-Move Millennium (USA  Europe).zip
82161,Gameboy Color,E.T. The Extra Terrestrial - Escape from Planet Ea,Ação,Saffire,NewKidCo,us,1,14,2023-03-14 22:07:33,2001-11-04 00:00:00,E.T. - The Extra-Terrestrial - Escape from Planet Earth (USA).zip
82157,Gameboy Color,E.T.: The Extra-Terrestrial and the Cosmic Garden,Estratégia,Zed Two,NewKidCo,us,1,14,2023-03-14 22:07:33,2002-03-15 00:00:00,E.T. - The Extra-Terrestrial and the Cosmic Garden (USA).zip
82943,Gameboy Color,Winnie the Pooh : Adventures in the 100 Acre Wood,Aventura,Ubisoft,Disney Interactive,us,1,14,2023-03-14 22:07:33,2000-01-01 00:00:00,Winnie the Pooh - Adventures in the 100 Acre Wood (USA).zip
82145,Gameboy Color,Dragon Tales : Dragon Wings,Ação,Zed Two,Ubisoft,us,1,14,2023-03-14 22:07:33,2000-12-16 00:00:00,Dragon Tales - Dragon Wings (USA).zip
37013,Gameboy Color,Top Gun : Fire Storm,Tiro,Fluid Studios,Titus,eu,1,14,2023-03-14 22:07:33,2000-12-16 00:00:00,Top Gun - Fire Storm (USA  Europe) (En Fr De Es It Nl).zip
36960,Gameboy Color,Micro Machines 1 and 2 : Twin Turbo,Corrida / Pilotagem,Codemasters,THQ,eu,1,14,2023-03-14 22:07:33,2000-12-16 00:00:00,Micro Machines 1 and 2 - Twin Turbo (USA  Europe).zip
37037,Gameboy Color,Austin Powers: Welcome to My Underground Lair,Ação,Tarantula Studios,Take 2 Interactive,us,1,14,2023-03-14 22:07:33,2000-09-18 00:00:00,Austin Powers - Welcome to my Underground Lair! (USA).zip
37197,Gameboy Color,SpongeBob SquarePants : Legend of the Lost Spatula,Quebra-cabeças,Vicarious Vision,THQ,eu,1,14,2023-03-14 22:07:33,2000-09-18 00:00:00,SpongeBob SquarePants - Legend of the Lost Spatula (USA  Europe).zip
36978,Gameboy Color,Prince of Persia,Quebra-cabeças,Red Orb Entertainment,Red Orb Entertainment,eu,1,14,2023-03-14 22:07:33,2000-09-18 00:00:00,Prince of Persia (USA  Europe) (En Fr De Es It).zip
82954,Gameboy Color,Woody Woodpecker Racing,Corrida / Pilotagem,Konami,Konami,us,1,14,2023-03-14 22:07:33,2000-09-18 00:00:00,Woody Woodpecker Racing (USA).zip
37132,Gameboy Color,Micro Machines V3,Corrida / Pilotagem,Novalicious,THQ,eu,1,14,2023-03-14 22:07:33,2000-09-18 00:00:00,Micro Machines V3 (USA  Europe).zip
82861,Gameboy Color,The Muppets,Ação,Tarantula Studios,Take 2 Interactive,us,1,14,2023-03-14 22:07:33,2000-04-14 00:00:00,Muppets  The (USA).zip
82523,Gameboy Color,Batman : Chaos in Gotham,Ação,Digital Eclipse,Ubisoft,us,1,14,2023-03-14 22:07:33,2001-01-01 00:00:00,New Batman Adventures  The - Chaos in Gotham (USA).zip
36909,Gameboy Color,Duke Nukem,Tiro,Torus Games,GT Interactive,eu,1,14,2023-03-14 22:07:33,2001-01-01 00:00:00,Duke Nukem (USA) (En Fr De Es It).zip
37170,Gameboy Color,Rampage : World Tour,Ação,Game Refuge Inc.,Midway,eu,1,14,2023-03-14 22:07:33,2001-01-01 00:00:00,Rampage - World Tour (USA  Europe).zip
37026,Gameboy Color,X-Men : Mutant Academy,Luta,Crawfish Interactive Ltd.,Activision,eu,1,14,2023-03-14 22:07:33,2000-08-18 00:00:00,X-Men - Mutant Academy (USA  Europe).zip
37226,Gameboy Color,Alice in Wonderland,Ação,Digital Eclipse,Nintendo,us,1,137,2023-04-09 11:59:20,2000-08-18 00:00:00,Alice in Wonderland (USA).zip
37057,Gameboy Color,102 Dalmatians : Puppies to the Rescue,Ação,Crystal Dynamics,Activision,eu,1,12,2023-08-30 19:56:12,2000-08-18 00:00:00,102 Dalmatians - Puppies to the Rescue (USA  Europe).zip
37112,Gameboy Color,Bugs Bunny & Lola Bunny : Operation Carrots,Ação,Infogrames,Infogrames,eu,1,14,2024-04-10 22:42:54,2000-08-18 00:00:00,Looney Tunes - Carrot Crazy (USA) (En Fr Es).zip
35174,Amstrad GX4000,Switchblade,Plataforma,Core Design,Gremlin Graphics Software,,,,,1991-01-01 00:00:00,Switchblade (1990)(Gremlin).cpr
35381,Amstrad GX4000,Great Courts,Esporte / Tênis,Blue Byte,Ubi Soft Entertainment Software,,,,,1989-01-01 00:00:00,Pro Tennis Tour (1990)(UBI Soft).cpr
34794,Amstrad GX4000,Batman - The Movie,Plataforma,Ocean,Ocean,,1,,2023-03-12 17:47:27,1989-01-01 00:00:00,Batman the Movie (1990)(Ocean).cpr
72705,Amstrad GX4000,ZZZ(notgame):#PROGRAMS,Demo,Public Domain,Public Domain,,1,,2023-03-12 17:47:27,1989-01-01 00:00:00,Burnin' Rubber (1990)(Ocean).cpr
35322,Amstrad GX4000,Operation Thunderbolt,Tiro / Tiro em 1ª pessoa,Ocean,Ocean,,1,,2023-03-12 17:47:27,1989-01-01 00:00:00,Operation Thunderbolt (1990)(Ocean).cpr
54070,Amstrad GX4000,Pang,Tiro / Tiro em 1ª pessoa,Arc Developments,Ocean,,1,,2023-03-12 17:47:27,1990-01-01 00:00:00,Pang (1990)(Ocean).cpr
54075,Amstrad GX4000,Skeet Shoot,Tiro com Lightgun,Trojan,Trojan,,1,,2023-03-12 17:47:27,1990-01-01 00:00:00,Skeet Shoot (1990)(Trojan).cpr
54081,Amstrad GX4000,World Of Sports,Esporte / Poliesportivo,U.S. Gold,Epyx,,1,,2023-03-12 17:47:27,1990-01-01 00:00:00,World of Sports (1990)(Epyx).cpr
54067,Amstrad GX4000,Navy Seals,Plataforma,Ocean,Ocean,,1,,2023-03-12 17:47:27,1991-01-01 00:00:00,Navy Seals (1990)(Ocean).cpr
35140,Amstrad GX4000,Klax,Estratégia,Teque,Domark,,1,,2023-03-12 17:47:27,1990-01-01 00:00:00,Klax (1990)(Domark).cpr
155047,Amstrad GX4000,Bears!,Ação / Labirinto,The S.O.H.D.E Team,The S.O.H.D.E Team,,1,,2023-03-12 17:47:27,2017-10-01 00:00:00,BEARS! (2017)(Sohde).cpr
54072,Amstrad GX4000,Plotting,Quebra-cabeças,Taito,Ocean,,1,,2023-03-12 17:47:27,1990-01-01 00:00:00,Plotting (1990)(Ocean).cpr
54078,Amstrad GX4000,Tennis Cup 2,Esporte / Tênis,Loriciels,Loriciels,,1,,2023-03-12 17:47:27,1990-01-01 00:00:00,Tennis Cup 2 (1990)(Loriciel).cpr
35636,Amstrad GX4000,Mystical,Shoot'em Up / Vertical,Infogrames,Infogrames,,1,58,2022-11-21 10:55:02,1990-01-01 00:00:00,Mystical (1990)(Infogrames).cpr
34755,Amstrad GX4000,Tintin on the Moon,Aventura,Infogrames,Infogrames,,1,58,2022-11-21 10:55:02,1990-01-01 00:00:00,Tin Tin on the Moon (1990)(Infogrames).cpr
58528,Amstrad GX4000,Barbarian 2 - The Dungeon Of Drax,Luta,Palace,Ocean,,1,58,2022-11-21 10:55:02,1990-01-01 00:00:00,Barbarian II (1990)(Ocean).cpr
35780,Amstrad GX4000,Fire And Forget 2,Corrida / Pilotagem,Titus,Titus,,1,15,2022-11-20 23:41:39,1990-01-01 00:00:00,Fire and Forget 2 (1990)(Titus).cpr
35466,Amstrad GX4000,Wild Streets,Ação,Titus,Titus,,1,15,2022-11-20 23:41:39,1990-01-01 00:00:00,Wild Streets (1990)(Titus).cpr
54062,Amstrad GX4000,Dick Tracy,Briga de rua,Titus,Titus,,1,15,2022-11-20 23:41:39,1991-01-01 00:00:00,Dick Tracy (1990)(Titus).cpr
35466,Amstrad GX4000,Wild Streets,Ação,Titus,Titus,,1,15,2022-11-20 23:41:39,1990-01-01 00:00:00,Wild Streets (1990)(Titus)[a].cpr
35644,Amstrad GX4000,No Exit,Luta,Coktel Vision,Tomahawk,,1,15,2022-11-20 23:41:39,1990-01-01 00:00:00,No Exit (1990)(Tomahawk).cpr
54063,Amstrad GX4000,Enforcer  The,Tiro com Lightgun,Trojan,Trojan,,1,15,2022-11-20 23:41:39,1990-01-01 00:00:00,Enforcer  The (1990)(Trojan).cpr
54074,Amstrad GX4000,Robocop 2,Plataforma,Ocean,Ocean,,1,15,2022-11-20 23:41:39,1991-01-01 00:00:00,Robocop 2 (1990)(Ocean).cpr
34762,Amstrad GX4000,Panza Kick Boxing,Esporte / Boxe,Futura,Futura,,1,15,2022-11-20 23:41:39,1990-01-01 00:00:00,Panza Kick Boxing (1991)(Loriciel).cpr
34754,Amstrad GX4000,Crazy Cars 2,Corrida / Pilotagem / Corrida em 3ª pessoa,Titus,Titus,,1,15,2022-11-20 23:41:39,1989-01-01 00:00:00,Crazy Cars 2 (1990)(Titus).cpr
35603,Amstrad GX4000,Pinball Magic,Pinball,Loriciels,Loriciels,,1,15,2022-11-20 23:41:39,1990-01-01 00:00:00,Super Pinball Magic (1991)(Loricel).cpr
14222,Atari Lynx,Chip's Challenge,Estratégia,Epyx,Atari,eu,,,,1989-01-01 00:00:00,Chip's Challenge (USA  Europe).zip
14276,Atari Lynx,Hydra,Corrida / Pilotagem,NuFX,Atari,eu,,,,1992-01-01 00:00:00,Hydra (USA  Europe).zip
14224,Atari Lynx,Ninja Gaiden,Briga de rua,BlueSky Software,Atari,eu,,,,1991-01-01 00:00:00,Ninja Gaiden (USA  Europe).zip
14250,Atari Lynx,Kung Food,Briga de rua,Lore Games,Atari,eu,,,,1992-01-01 00:00:00,Kung Food (USA  Europe).zip
14237,Atari Lynx,Viking Child,Aventura,Imagitec Design,Atari,eu,,,,1991-01-01 00:00:00,Viking Child (USA  Europe).zip
14262,Atari Lynx,Steel Talons,Shoot'em Up,NuFX,Atari,eu,,,,1992-01-01 00:00:00,Steel Talons (USA  Europe).zip
14254,Atari Lynx,Baseball Heroes,Esporte / Baseball,Atari,Atari,eu,,,,1992-01-01 00:00:00,Baseball Heroes (USA  Europe).zip
14220,Atari Lynx,Pac-Land,Plataforma,Atari,Atari,eu,,,,1991-01-01 00:00:00,Pac-Land (USA  Europe).zip
14249,Atari Lynx,Klax,Estratégia,Atari,Atari,eu,,,,1990-01-01 00:00:00,Klax (USA  Europe).zip
14223,Atari Lynx,Ms. Pac-man,Ação / Labirinto,Atari,Atari,eu,,,,1990-01-01 00:00:00,Ms. Pac-Man (USA  Europe).zip
14240,Atari Lynx,Joust,Plataforma / Corre e Pula,Williams,Shadowsoft,eu,,,,1992-01-01 00:00:00,Joust (USA  Europe).zip
14252,Atari Lynx,Power Factor,Plataforma,Hand Made Software,Atari,eu,,,,1992-01-01 00:00:00,Power Factor (USA  Europe).zip
14248,Atari Lynx,Bill & Ted's Excellent Adventure,Aventura,Atari,Atari,eu,,,,1991-01-01 00:00:00,Bill & Ted's Excellent Adventure (USA  Europe).zip
14245,Atari Lynx,Ishido: The Way of Stones,Quebra-cabeças,California Dreams,Atari,eu,,,,1991-01-01 00:00:00,Ishido - The Way of Stones (USA  Europe).zip
58774,Atari Lynx,Eye Of The Beholder,Jogos de RPG / RPG Medieval,NuFX,NuFX,us,,,,1993-01-01 00:00:00,Eye of the Beholder (USA) (Proto).zip
14256,Atari Lynx,The Fidelity Ultimate Chess Challenge,Jogo de tabuleiro,Telegames,Telegames,eu,,,,1991-01-01 00:00:00,Fidelity Ultimate Chess Challenge  The (USA  Europe).zip
58777,Atari Lynx,Loopz,Quebra-cabeças,Audiogenic Software,Songbird Productions,us,,,,2004-08-01 00:00:00,Loopz (USA) (Proto).zip
14208,Atari Lynx,Lemmings,Estratégia,DMA Design,Psygnosis,eu,,,,1993-01-01 00:00:00,Lemmings (USA  Europe).zip
14235,Atari Lynx,Rampage,Luta / 2D,Atari,Atari,eu,,,,1990-01-01 00:00:00,Rampage (USA  Europe).zip
14257,Atari Lynx,Gates Of Zendocon,Shoot'em Up / Horizontal,Epyx,Atari,eu,,,,1989-01-01 00:00:00,Gates of Zendocon  The (USA  Europe).zip
14213,Atari Lynx,Blue Lightning,Tiro / Avião em 3ª pessoa,Epyx,Atari,eu,,,,1989-01-01 00:00:00,Blue Lightning (USA  Europe).zip
14230,Atari Lynx,Krazy Ace Miniature Golf,Esporte / Golfe,Telegames,Telegames,eu,,,,1993-01-01 00:00:00,Krazy Ace - Miniature Golf (USA  Europe).zip
14244,Atari Lynx,Dracula The Undead,Aventura,Hand Made Software,Atari,eu,,,,1991-01-01 00:00:00,Dracula the Undead (USA  Europe).zip
14209,Atari Lynx,Toki,Plataforma,Atari,Atari,eu,,,,1992-01-01 00:00:00,Toki (USA  Europe).zip
58776,Atari Lynx,Lexis,Quebra-cabeças,Shadowsoft,Songbird Productions,eu,,,,1999-01-01 00:00:00,Lexis (USA  Europe).zip
14247,Atari Lynx,Robotron : 2084,Tiro,Shadowsoft,Shadowsoft,eu,,,,1991-01-01 00:00:00,Robotron 2084 (USA  Europe).zip
14258,Atari Lynx,Hockey,Esporte / Hóquei,Atari,Atari,eu,,,,1992-01-01 00:00:00,Hockey (USA  Europe).zip
14277,Atari Lynx,Pinball Jam,Pinball,Atari,Atari,eu,,,,1992-01-01 00:00:00,Pinball Jam (USA  Europe).zip
14279,Atari Lynx,Super Asteroids & Missile Command,Compilação,Atari,Atari,eu,,,,1992-01-01 00:00:00,Super Asteroids  Missile Command (USA  Europe).zip
14283,Atari Lynx,Xybots,Tiro / Tiro em 3ª pessoa,NuFX,Atari,eu,,,,1991-01-01 00:00:00,Xybots (USA  Europe).zip
14211,Atari Lynx,Desert Strike,Shoot'em Up,Teque,Telegames,eu,,,,1992-01-01 00:00:00,Desert Strike - Return to the Gulf (USA  Europe).zip
14273,Atari Lynx,Fat Bobby,Plataforma,Telegames,Telegames,eu,,,,1997-01-01 00:00:00,Fat Bobby (USA  Europe).zip
14242,Atari Lynx,Zarlor Mercenary,Shoot'em Up / Vertical,Epyx,Atari,eu,,,,1990-01-01 00:00:00,Zarlor Mercenary (USA  Europe).zip
14264,Atari Lynx,Warbirds,Simulação,Atari,Atari,eu,,,,1991-01-01 00:00:00,Warbirds (USA  Europe).zip
14218,Atari Lynx,California Games,Esporte / Poliesportivo,Epyx,Atari,eu,,,,1989-01-01 00:00:00,California Games (USA  Europe).zip
14219,Atari Lynx,Pit-fighter,Luta,Atari,Atari,eu,,,,1992-01-01 00:00:00,Pit Fighter - The Ultimate Competition (USA  Europe).zip
14234,Atari Lynx,Dirty Larry : Renegade Cop,Briga de rua,Atari,Atari,eu,,,,1992-01-01 00:00:00,Dirty Larry - Renegade Cop (USA  Europe).zip
14232,Atari Lynx,Block Out,Quebra-cabeças,P.Z.Karen,Atari,eu,,,,1991-01-01 00:00:00,Block Out (USA  Europe).zip
14212,Atari Lynx,Batman Returns,Briga de rua,Atari,Atari,eu,,,,1992-01-01 00:00:00,Batman Returns (USA  Europe).zip
14228,Atari Lynx,Scrapyard Dog,Aventura,CSD,Atari,eu,,,,1991-01-01 00:00:00,Scrapyard Dog (USA  Europe).zip
14280,Atari Lynx,Super Skweek,Quebra-cabeças,Loriciel,Atari,eu,,,,1991-01-01 00:00:00,Super Skweek (USA  Europe).zip
14213,Atari Lynx,Blue Lightning,Tiro / Avião em 3ª pessoa,Epyx,Atari,us,,,,1989-01-01 00:00:00,Blue Lightning (USA) (Demo).zip
14255,Atari Lynx,Battlezone 2000,Tiro,Hand Made Software,Atari,eu,,,,1994-01-01 00:00:00,Battlezone 2000 (USA  Europe).zip
58771,Atari Lynx,Centipede,Shoot'em Up / Vertical,Shadowsoft,Atari,us,,,,1987-01-01 00:00:00,Centipede (USA) (Proto).zip
14243,Atari Lynx,Awesome Golf,Esporte / Golfe,Hand Made Software,Atari,eu,,,,1991-01-01 00:00:00,Awesome Golf (USA  Europe).zip
14275,Atari Lynx,Hard Drivin',Corrida / Pilotagem,NuFX,Atari,eu,,,,1991-01-01 00:00:00,Hard Drivin' (USA  Europe).zip
14270,Atari Lynx,Dinolympics,Estratégia,Imagitec Design,Atari,eu,,,,1992-01-01 00:00:00,Dinolympics (USA  Europe).zip
14221,Atari Lynx,Ninja Gaiden III : The Ancient Ship of Doom,Briga de rua,Midnite Entertainment Group,Atari,eu,,,,1993-01-01 00:00:00,Ninja Gaiden III - The Ancient Ship of Doom (USA  Europe).zip
14269,Atari Lynx,Electrocop,Aventura,Epyx,Atari,eu,,,,1989-01-01 00:00:00,Electrocop (USA  Europe).zip
14265,Atari Lynx,World Class Fussball/Soccer,Esporte / Futebol,Atari,Atari,eu,,,,1992-01-01 00:00:00,World Class Soccer (USA  Europe).zip
14246,Atari Lynx,NFL Football,Esporte / Futebol americano,Atari,Atari,eu,,,,1992-01-01 00:00:00,NFL Football (USA  Europe).zip
14216,Atari Lynx,Xenophobe,Plataforma / Tiro com rolagem,Epyx,Atari,eu,,,,1990-01-01 00:00:00,Xenophobe (USA  Europe).zip
14231,Atari Lynx,Raiden,Shoot'em Up / Vertical,BlueSky Software,Telegames,us,,,,1997-01-01 00:00:00,Raiden (USA) (v3.0).zip
14259,Atari Lynx,Roadblasters,Corrida / Pilotagem,Atari,Atari,eu,,,,1990-01-01 00:00:00,RoadBlasters (USA  Europe).zip
14226,Atari Lynx,Shadow Of The Beast,Briga de rua,Digital Developments,Atari,eu,,,,1992-01-01 00:00:00,Shadow of the Beast (USA  Europe).zip
14214,Atari Lynx,Paperboy,Esporte / Ciclismo,Atari,Atari,eu,,,,1990-01-01 00:00:00,Paperboy (USA  Europe).zip
14281,Atari Lynx,Switchblade II,Plataforma,Gremlin Interactive,Atari,eu,,,,1992-01-01 00:00:00,Switchblade II (USA  Europe).zip
14268,Atari Lynx,BattleWheel,Corrida / Pilotagem,Beyond Games,Atari,eu,,,,1992-01-01 00:00:00,Battle Wheels (USA  Europe).zip
58773,Atari Lynx,Daemonsgate,Jogos de RPG,Imagitec Design,Prototype,us,,,,1991-01-01 00:00:00,Daemonsgate (USA) (Proto).zip
14238,Atari Lynx,Checkered Flag,Corrida / Pilotagem,Atari,Atari,eu,,,,1991-01-01 00:00:00,Checkered Flag (USA  Europe).zip
58780,Atari Lynx,Road Riot 4WD,Corrida / Pilotagem,Images Software,Atari,us,,,,1994-01-01 00:00:00,Road Riot 4WD (USA) (Proto).zip
14227,Atari Lynx,Gauntlet : The Third Encounter,Ação,Epyx,Atari,eu,,,,1990-01-01 00:00:00,Gauntlet - The Third Encounter (USA  Europe).zip
14263,Atari Lynx,Turbo Sub,Shoot'em Up,NuFX,Atari,eu,,,,1991-01-01 00:00:00,Turbo Sub (USA  Europe).zip
14274,Atari Lynx,Gordo 106,Aventura,Atari,Atari,eu,,,,1993-01-01 00:00:00,Gordo 106 - The Mutated Lab Monkey (USA  Europe).zip
14225,Atari Lynx,Rygar,Plataforma,NuFX,Atari,eu,,,,1990-01-01 00:00:00,Rygar - Legendary Warrior (USA  Europe).zip
14278,Atari Lynx,Robo-Squash,Esporte,Atari,Atari,eu,,,,1990-01-01 00:00:00,Robo-Squash (USA  Europe).zip
14217,Atari Lynx,Super Off Road,Corrida / Pilotagem / Corrida em 3ª pessoa,Telegames,Telegames,eu,,,,1993-01-01 00:00:00,Super Off-Road (USA  Europe).zip
14251,Atari Lynx,Lynx Casino,Jogo de tabuleiro,Atari,Atari,eu,,,,1992-01-01 00:00:00,Lynx Casino (USA  Europe).zip
14261,Atari Lynx,Shanghai,Jogo de tabuleiro Asiático / Mahjong,Atari,Atari,eu,,,,1990-01-01 00:00:00,Shanghai (USA  Europe).zip
14260,Atari Lynx,Qix,Quebra-cabeças,Knight Technologies,Telegames,eu,,,,1991-01-01 00:00:00,QIX (USA  Europe).zip
14236,Atari Lynx,S.T.U.N. Runner,Corrida / Pilotagem,Atari,Atari,eu,,,,1991-01-01 00:00:00,S.T.U.N. Runner (USA  Europe).zip
14229,Atari Lynx,Malibu Bikini Volleyball,Esporte / Voleibol,Hand Made Software,Atari,eu,,,,1993-01-01 00:00:00,Malibu Bikini Volleyball (USA  Europe).zip
14272,Atari Lynx,European Soccer Challenge,Esporte / Futebol,Krisalis Software,Telegames,eu,,,,1993-01-01 00:00:00,European Soccer Challenge (USA  Europe).zip
14266,Atari Lynx,Rampart,Estratégia,Atari,Atari,eu,,,,1991-01-01 00:00:00,Rampart (USA  Europe).zip
58775,Atari Lynx,Jimmy Connors' Tennis,Esporte / Tênis,Hand Made Software,Atari,eu,,,,1993-01-01 00:00:00,Jimmy Connors' Tennis (USA  Europe).zip
14233,Atari Lynx,Bubble Trouble,Tiro,Telegames,Telegames,eu,,,,1994-01-01 00:00:00,Bubble Trouble (USA  Europe).zip
14253,Atari Lynx,Basketbrawl,Esporte / Basquete,Hamilton and Associates,Atari,eu,,,,1992-01-01 00:00:00,Basketbrawl (USA  Europe).zip
14282,Atari Lynx,Tournament Cyberball 2072,Esporte / Futebol americano,BlueSky Software,Atari,eu,,,,1991-01-01 00:00:00,Tournament Cyberball (USA  Europe).zip
14241,Atari Lynx,Todd's Adventures In Slime World,Plataforma,Epyx,Atari,eu,,,,1992-01-01 00:00:00,Todd's Adventures in Slime World (USA  Europe).zip
14267,Atari Lynx,Crystal Mines II,Quebra-cabeças,Color Dreams,Atari,eu,,,,1990-01-01 00:00:00,Crystal Mines II (USA  Europe).zip
14210,Atari Lynx,Double Dragon,Briga de rua,Tecmo,Telegames,eu,,,,1993-01-01 00:00:00,Double Dragon (USA  Europe).zip
58770,Atari Lynx,Alien vs Predator,Tiro / Tiro em 1ª pessoa,Rebellion,Atari,us,,,,1994-01-01 00:00:00,Alien vs Predator (USA) (Proto).zip
141565,Atari Lynx,ZZZ(notgame):#DEMOS#,Tiro / Tiro em 1ª pessoa,Rebellion,Atari,us,,,,1994-01-01 00:00:00,Lynx II Production Test Program V0.02 (USA) (Proto).zip
39926,Arcade - MAME,A.B. Cop,Corrida / Pilotagem / Corrida de moto em 3ª pessoa,SEGA,SEGA,wr,,,,1990-01-01 00:00:00,abcop.zip
149455,Arcade - MAME,Line Of Fire / Bakudan Yarou,Tiro / Tiro em 1ª pessoa,SEGA,SEGA,wr,,,,1989-01-01 00:00:00,loffire.zip
57922,Arcade - MAME,Magical Crystals,Ação / Labirinto,SEGA,Kaneko,wr,,,,1991-01-01 00:00:00,mgcrystl.zip
145762,Arcade - MAME,Judge Dredd,Briga de rua,Midway,Acclaim,us,,,,1993-01-01 00:00:00,jdreddp.zip
41849,Arcade - MAME,Jackal,Tiro / Carro / Vertical,Konami,Konami,wr,,,,1986-01-01 00:00:00,jackal.zip
108966,Arcade - MAME,Columns,Quebra-cabeças / Queda,SEGA,SEGA,wr,,,,1990-01-01 00:00:00,columns.zip
43853,Arcade - MAME,Ultra Toukon Densetsu,Luta / 2.5D,Banpresto,Banpresto,jp,,,,1993-01-01 00:00:00,utoukond.zip
40734,Arcade - MAME,Cruis'n World,Corrida / Pilotagem / Corrida em 3ª pessoa,Midway,Midway,us,,,,1996-01-01 00:00:00,crusnwld.zip
41424,Arcade - MAME,Galaxy Force 2,Tiro / Avião em 3ª pessoa,SEGA,SEGA,us,,,,1988-01-01 00:00:00,gforce2.zip
40718,Arcade - MAME,Crime Fighters,Luta / 2.5D,Konami,Konami,wr,,,,1989-01-01 00:00:00,crimfght.zip
150575,Arcade - MAME,Dark Tower,Plataforma / Corre e Pula,Konami,Konami,us,,,,1992-01-01 00:00:00,darktowr.zip
78947,Arcade - MAME,Mortal Kombat,Luta / Versus,Midway,Midway,us,,,,1992-10-08 00:00:00,mk.zip
43774,Arcade - MAME,Tumble Pop,Plataforma / Corre e Pula,Data East,Data East,wr,,,,1991-01-01 00:00:00,tumblep.zip
41523,Arcade - MAME,Grind Stormer,Shoot'em Up / Vertical,Toaplan,Toaplan,us,,,,1992-01-01 00:00:00,grindstm.zip
37552,Arcade - MAME,Soukyugurentai / Terra Diver,Shoot'em Up / Vertical,Raizing,Raizing,us,,,,1996-01-01 00:00:00,sokyugrt.zip
40721,Arcade - MAME,Crack Down,Tiro / Tiro em 3ª pessoa,SEGA,SEGA,wr,,,,1990-01-01 00:00:00,crkdown.zip
43077,Arcade - MAME,Side By Side,Corrida / Pilotagem / Corrida em 3ª pessoa,Taito,Taito,jp,,,,1996-01-01 00:00:00,sidebs.zip
40085,Arcade - MAME,Asuka & Asuka,Shoot'em Up / Vertical,Visco,Taito,wr,,,,1988-01-01 00:00:00,asuka.zip
41838,Arcade - MAME,Iron Horse,Plataforma / Tiro com rolagem,Konami,Konami,kr,,,,1986-01-01 00:00:00,ironhors.zip
40409,Arcade - MAME,Burning Force,Tiro / Carro 3ª Pessoa,Namco,Namco,wr,,,,1989-01-01 00:00:00,burnforc.zip
39992,Arcade - MAME,Altered Beast,Briga de rua,Team Shinobi,SEGA,us,,,,1988-01-01 00:00:00,altbeast.zip
42668,Arcade - MAME,Racing Beat,Corrida / Pilotagem / Corrida em 3ª pessoa,Taito,Taito,wr,,,,1991-01-01 00:00:00,racingb.zip
79057,Arcade - MAME,Nba Hangtime,Esporte / Basquete,Midway,Midway,us,,,,1996-01-01 00:00:00,nbahangt.zip
79137,Arcade - MAME,The Ninja Warriors,Luta / 2D,Taito,Taito,wr,,,,1987-01-01 00:00:00,ninjaw.zip
41396,Arcade - MAME,Gauntlet Dark Legacy,Ação / Labirinto,Midway,Midway,us,,,,1999-01-01 00:00:00,gauntdl.zip
149846,Arcade - MAME,Knights of Valour,Luta / 2.5D,IGS,IGS,us,,,,1999-01-01 00:00:00,kov.zip
42722,Arcade - MAME,Raiden Fighters,Shoot'em Up / Vertical,Seibu Kaihatsu,Fabtek,us,,,,1996-01-01 00:00:00,rdftu.zip
43908,Arcade - MAME,Vandyke,Luta / Vertical,UPL,UPL,jp,,,,1990-01-01 00:00:00,vandyke.zip
145778,Arcade - MAME,Super Spacefortress Macross,Shoot'em Up / Vertical,Banpresto,Banpresto,us,,,,1992-01-01 00:00:00,macross.zip
42003,Arcade - MAME,Killer Instinct 2,Luta / Versus,Rareware,Midway,us,,,,1995-01-01 00:00:00,kinst2.zip
40912,Arcade - MAME,Devastators,Tiro / Tiro em 3ª pessoa,Konami,Konami,us,,,,1988-01-01 00:00:00,devstors.zip
43964,Arcade - MAME,Violence Fight,Luta / Versus,Taito,Taito,wr,,,,1989-01-01 00:00:00,viofight.zip
42839,Arcade - MAME,Rolling Thunder,Tiro / Run and Gun,Namco,Namco,us,,,,1986-01-01 00:00:00,rthunder.zip
41006,Arcade - MAME,Dream World,Plataforma / Corre e Pula,SemiCom,SemiCom,us,,,,2000-01-01 00:00:00,dreamwld.zip
79157,Arcade - MAME,Night Slashers,Luta / 2.5D,Data East,Data East,kr,,,,1994-01-01 00:00:00,nslasher.zip
37332,Arcade - MAME,ESP Ra.De.,Shoot'em Up / Vertical,Cave,Atlus,us,,,,1998-01-01 00:00:00,esprade.zip
107247,Arcade - MAME,Lightning Swords,Ação / Aventura,Irem,Irem,us,,,,1991-01-01 00:00:00,kengo.zip
41454,Arcade - MAME,Gladiator,Luta / 2D,Taito,Taito,us,,,,1986-01-01 00:00:00,gladiatr.zip
40689,Arcade - MAME,Cotton: Fantastic Night Dreams,Shoot'em Up / Horizontal,SEGA,SEGA,wr,,,,1991-01-01 00:00:00,cotton.zip
43089,Arcade - MAME,Simpsons Bowling,Esporte / Boliche,Konami,Konami,us,,,,2000-01-01 00:00:00,simpbowl.zip
78909,Arcade - MAME,Metamorphic Force,Briga de rua,Konami,Konami,us,,,,1993-01-01 00:00:00,metamrph.zip
43457,Arcade - MAME,Surprise Attack,Plataforma / Tiro com rolagem,Konami,Konami,kr,,,,1990-01-01 00:00:00,suratk.zip
37333,Arcade - MAME,Fever SOS,Shoot'em Up / Vertical,Cave,Nihon Systems,us,,,,1998-01-01 00:00:00,feversos.zip
78991,Arcade - MAME,Mr. Driller,Variados,Namco,Namco,us,,,,1999-01-01 00:00:00,mrdrillr.zip
43172,Arcade - MAME,Solitary Fighter,Luta / Versus,Taito,Taito,wr,,,,1991-01-01 00:00:00,solfigtr.zip
79240,Arcade - MAME,Power Drift,Corrida / Pilotagem / Corrida em 3ª pessoa,SEGA,SEGA,wr,,,,1988-01-01 00:00:00,pdrifta.zip
41766,Arcade - MAME,Hyperdrive,Corrida / Pilotagem / Corrida em 3ª pessoa,Midway,Midway,us,,,,1998-01-01 00:00:00,hyprdriv.zip
43762,Arcade - MAME,Battle Arena Toshinden 2,Luta / Versus,Tamsoft,Capcom,us,,,,1995-01-01 00:00:00,ts2.zip
40787,Arcade - MAME,Cyber Commando,Tiro / Tiro em 3ª pessoa,Namco,Namco,jp,,,,1994-01-01 00:00:00,cybrcomm.zip
41894,Arcade - MAME,Joe & Mac Returns,Plataforma / Corre e Pula,Data East,Data East,wr,,,,1994-01-01 00:00:00,joemacr.zip
43580,Arcade - MAME,Tetris The Absolute The Grand Master 2,Quebra-cabeças / Queda,Arika,Arika,us,,,,2000-01-01 00:00:00,tgm2.zip
41589,Arcade - MAME,Gunforce - Battle Fire Engulfed Terror Island,Plataforma / Tiro com rolagem,Irem,Irem,wr,,,,1991-01-01 00:00:00,gunforce.zip
145779,Arcade - MAME,Super Spacefortress Macross II,Shoot'em Up / Horizontal,NMK,Banpresto,us,,,,1993-12-01 00:00:00,macross2.zip
42792,Arcade - MAME,RoboCop 2,Luta / 2.5D,Data East,Data East,us,,,,1991-01-01 00:00:00,robocop2.zip
43007,Arcade - MAME,Street Fighter: The Movie,Luta / Versus,Incredible Technologies,Capcom,us,,,,1995-01-01 00:00:00,sftm.zip
40683,Arcade - MAME,Cosmic Cop,Shoot'em Up / Horizontal,Irem,Irem,wr,,,,1991-01-01 00:00:00,cosmccop.zip
41925,Arcade - MAME,Jump Kids,Plataforma / Corre e Pula,Comad,Comad,us,,,,1993-01-01 00:00:00,jumpkids.zip
44144,Arcade - MAME,WWF: Wrestlemania,Esporte / Luta Livre,Midway,Midway,us,,,,1995-01-01 00:00:00,wwfmania.zip
41671,Arcade - MAME,Hammerin' Harry,Plataforma / Combate com rolagem,Irem,Irem,wr,,,,1990-01-01 00:00:00,hharry.zip
40047,Arcade - MAME,Arabian Magic,Luta / 2.5D,Taito,Taito,us,,,,1992-01-01 00:00:00,arabianm.zip
43924,Arcade - MAME,Vicious Circle,Luta / Versus,Atari,Atari,us,,,,1996-01-01 00:00:00,vcircle.zip
145758,Arcade - MAME,Power Instinct Legends,Luta / Versus,Atlus,Atlus,us,,,,1995-01-01 00:00:00,plegends.zip
40071,Arcade - MAME,Ashura Blaster,Shoot'em Up / Vertical,Visco,Taito,wr,,,,1990-01-01 00:00:00,ashura.zip
43554,Arcade - MAME,Tekken Tag Tournament,Luta / Versus,Namco,Namco,wr,,,,1999-01-01 00:00:00,tektagt.zip
40171,Arcade - MAME,Battle Bakraid: Unlimited Version,Shoot'em Up / Vertical,Eighting,Eighting,us,,,,1999-01-01 00:00:00,bkraidu.zip
43038,Arcade - MAME,Space Harrier,Tiro / Tiro em 3ª pessoa,SEGA AM2,SEGA,us,,,,1985-01-01 00:00:00,sharrier.zip
41091,Arcade - MAME,Eight Forces,Shoot'em Up / Vertical,Tecmo,Tecmo,us,,,,1994-01-01 00:00:00,eightfrc.zip
42993,Arcade - MAME,Street Fighter EX2,Luta / Versus,Capcom,Capcom,eu,,,,1998-01-01 00:00:00,sfex2.zip
42808,Arcade - MAME,Rod Land,Plataforma / Corre e Pula,Jaleco,Jaleco,wr,,,,1990-01-01 00:00:00,rodland.zip
37318,Arcade - MAME,Air Gallet,Shoot'em Up / Vertical,Gazelle,Banpresto,us,,,,1996-01-01 00:00:00,agalletu.zip
150542,Arcade - MAME,China Gate,Luta,Technos Japan,Technos Japan,us,,,,1988-01-01 00:00:00,chinagat.zip
63190,Arcade - MAME,Michael Jackson's Moonwalker,Ação / Labirinto,SEGA,SEGA,wr,,,,1990-01-01 00:00:00,mwalk.zip
149917,Arcade - MAME,Dj Boy,Luta / 2.5D,Kaneko,SEGA,wr,,,,1989-01-01 00:00:00,djboy.zip
41574,Arcade - MAME,Gunbird 2,Shoot'em Up / Vertical,Psikyo,Psikyo,us,,,,1998-01-01 00:00:00,gunbird2.zip
40841,Arcade - MAME,Dragon Ball Z V.r.v.s.,Luta / Versus,Banpresto,SEGA,jp,,,,1994-01-01 00:00:00,dbzvrvs.zip
43557,Arcade - MAME,Tengai,Shoot'em Up / Horizontal,Psikyo,Psikyo,jp,,,,1996-01-01 00:00:00,tengaij.zip
42843,Arcade - MAME,R-Type Leo,Shoot'em Up / Horizontal,Irem,Irem,wr,,,,1992-01-01 00:00:00,rtypeleo.zip
37529,Arcade - MAME,Astra SuperStars,Luta / Versus,Sunsoft,Sunsoft,jp,,,,1998-01-01 00:00:00,astrass.zip
43175,Arcade - MAME,Segasonic The Hedgehog,Plataforma / Corre e Pula com rolagem,SEGA,SEGA,wr,,,,1992-01-01 00:00:00,sonic.zip
40435,Arcade - MAME,California Speed,Corrida / Pilotagem / Corrida em 3ª pessoa,Atari,Atari,us,,,,1998-01-01 00:00:00,calspeed.zip
42504,Arcade - MAME,Prime Goal Ex,Esporte / Futebol,Namco,Namco,jp,,,,1996-01-01 00:00:00,primglex.zip
79058,Arcade - MAME,NBA Jam,Esporte / Basquete,Midway,Midway,us,,,,1993-01-01 00:00:00,nbajam.zip
41624,Arcade - MAME,Hang-on,Corrida / Pilotagem / Corrida de moto em 3ª pessoa,SEGA,SEGA,us,,,,1985-01-01 00:00:00,hangon.zip
43823,Arcade - MAME,Ultraman,Luta / Versus,Banpresto,Banpresto,jp,,,,1991-01-01 00:00:00,ultraman.zip
43023,Arcade - MAME,Shadow Force,Luta / 2.5D,Technos Japan,Tecmo,wr,,,,1993-01-01 00:00:00,shadfrce.zip
60846,Arcade - MAME,P-47 Aces,Shoot'em Up / Horizontal,Jaleco,Jaleco,us,,,,1995-01-01 00:00:00,p47aces.zip
40202,Arcade - MAME,The Berlin Wall,Plataforma / Corre e Pula,Kaneko,Kaneko,us,,,,1991-01-01 00:00:00,berlwall.zip
39910,Arcade - MAME,64th. Street - A Detective Story,Luta / 2.5D,C.P. Brain,Jaleco,wr,,,,1991-01-01 00:00:00,64street.zip
42983,Arcade - MAME,San Francisco Rush 2049,Corrida / Pilotagem / Corrida em 3ª pessoa,Atari,Atari,us,,,,1998-01-01 00:00:00,sf2049.zip
41659,Arcade - MAME,Head Panic,Plataforma / Corre e Pula,ESD,Fuuki,us,,,,2000-01-01 00:00:00,hedpanic.zip
42699,Arcade - MAME,Rastan,Plataforma / Combate com rolagem,Taito,Taito,wr,,,,1987-01-01 00:00:00,rastan.zip
40165,Arcade - MAME,Battlecry,Luta / 2D,Home Data,Home Data,eu,,,,1991-01-01 00:00:00,battlcry.zip
40953,Arcade - MAME,Dead Or Alive ++,Luta / Versus,Tecmo,Tecmo,jp,,,,1998-01-01 00:00:00,doapp.zip
60809,Arcade - MAME,Nastar,Plataforma / Combate com rolagem,Taito,Taito,jp,,,,1988-01-01 00:00:00,rastsag2.zip
43935,Arcade - MAME,Virtua Fighter,Luta / Versus,SEGA,SEGA,us,,,,1993-01-01 00:00:00,vf.zip
39947,Arcade - MAME,Aero Fighters,Shoot'em Up / Vertical,Video System,Video System,cn,,,,1992-01-01 00:00:00,aerofgt.zip
40793,Arcade - MAME,Cyvern - The Dragon Weapons,Shoot'em Up / Vertical,Kaneko,Kaneko,us,,,,1998-01-01 00:00:00,cyvern.zip
39933,Arcade - MAME,Ace Driver : Racing Evolution,Corrida / Pilotagem,Namco,Namco,wr,,,,1994-01-01 00:00:00,acedrvrw.zip
44097,Arcade - MAME,Wizard Fire,Luta / 2.5D,Data East,Data East,jp,,,,1992-01-01 00:00:00,darkseal2.zip
43532,Arcade - MAME,Twin Cobra II,Shoot'em Up / Vertical,Taito,Taito,us,,,,1995-01-01 00:00:00,tcobra2.zip
40928,Arcade - MAME,Dino Rex,Luta / Versus,Taito,Taito,wr,,,,1992-01-01 00:00:00,dinorex.zip
41591,Arcade - MAME,Gunlock,Shoot'em Up / Vertical,Taito,Taito,us,,,,1993-01-01 00:00:00,rayforce.zip
41137,Arcade - MAME,Exerion,Tiro / Estilo Space Invader,Kawa Denshi Giken,Jaleco,us,,,,1983-01-01 00:00:00,exerion.zip
41707,Arcade - MAME,Hook,Briga de rua,Irem,Irem,wr,,,,1992-01-01 00:00:00,hook.zip
40903,Arcade - MAME,Desert Breaker,Tiro / Run and Gun,SEGA,SEGA,wr,,,,1992-01-01 00:00:00,desertbr.zip
41305,Arcade - MAME,Funky Jet,Plataforma / Corre e Pula,Data East,Data East,wr,,,,1992-01-01 00:00:00,funkyjet.zip
42873,Arcade - MAME,Salamander 2,Shoot'em Up / Horizontal,Konami,Konami,us,,,,1996-01-01 00:00:00,salmndr2.zip
40975,Arcade - MAME,Don Doko Don,Plataforma / Corre e Pula,Taito,Taito,wr,,,,1989-01-01 00:00:00,dondokod.zip
43549,Arcade - MAME,Tekken,Luta / Versus,Namco,Namco,wr,,,,1994-01-01 00:00:00,tekken.zip
42860,Arcade - MAME,Strikers 1945 III,Shoot'em Up / Vertical,Psikyo,Psikyo,jp,,,,1999-01-01 00:00:00,s1945iii.zip
40878,Arcade - MAME,Dead Connection,Tiro,Taito,Taito,wr,,,,1992-01-01 00:00:00,deadconx.zip
149468,Arcade - MAME,Traverse Usa / Zippy Race,Corrida / Pilotagem / Moto,Irem,Irem,us,,,,1983-01-01 00:00:00,travrusa.zip
42992,Arcade - MAME,Street Fighter EX,Luta / Versus,Capcom,Capcom,eu,,,,1996-01-01 00:00:00,sfex.zip
42785,Arcade - MAME,Road Riot 4wd,Cassino / Caça-níqueis,Atari,Atari,us,,,,1991-01-01 00:00:00,roadriot.zip
149954,Arcade - MAME,The Simpsons,Luta / 2.5D,Konami,Konami,wr,,,,1991-04-03 00:00:00,simpsons2p2.zip
41070,Arcade - MAME,Dynamite Bomber,Plataforma / Corre e Pula,Limenko,Limenko,kr,,,,2000-01-01 00:00:00,dynabomb.zip
43455,Arcade - MAME,Super Trio,Plataforma / Corre e Pula com rolagem,Gameace,Gameace,us,,,,1994-01-01 00:00:00,suprtrio.zip
42002,Arcade - MAME,Killer Instinct,Luta / Versus,Rareware,Midway,us,,,,1994-01-01 00:00:00,kinst.zip
37540,Arcade - MAME,Golden Axe - The Duel,Luta / Versus,SEGA,SEGA,us,,,,1994-01-01 00:00:00,gaxeduel.zip
43804,Arcade - MAME,Twin Hawk,Shoot'em Up / Vertical,Taito,Taito,wr,,,,1989-01-01 00:00:00,twinhawk.zip
40087,Arcade - MAME,Asura Buster - Eternal Warriors,Luta / Versus,Fuuki,Fuuki,jp,,,,2000-12-26 00:00:00,asurabus.zip
78948,Arcade - MAME,Mortal Kombat 2,Luta / Versus,Midway,Midway,us,,,,1993-06-25 00:00:00,mk2.zip
37337,Arcade - MAME,Guwange,Shoot'em Up,Cave,Atlus,jp,,,,1999-01-01 00:00:00,guwange.zip
43598,Arcade - MAME,Thunder Cross II,Shoot'em Up / Horizontal,Konami,Konami,wr,,,,1991-01-01 00:00:00,thndrx2.zip
40205,Arcade - MAME,Best of Best,Luta / Versus,SunA,SunA,us,,,,1994-01-01 00:00:00,bestbest.zip
44124,Arcade - MAME,Wrestle War,Esporte / Luta Livre,SEGA,SEGA,wr,,,,1989-01-01 00:00:00,wrestwar.zip
40430,Arcade - MAME,Change Air Blade,Shoot'em Up / Vertical,Aisystem Tokyo,Sammy Corporation,jp,,,,1999-01-01 00:00:00,cairblad.zip
41397,Arcade - MAME,Gauntlet Legends,Ação / Labirinto,Atari,Atari,us,,,,1998-01-01 00:00:00,gauntleg.zip
42809,Arcade - MAME,Rohga Armor Force,Plataforma / Tiro com rolagem,Data East,Data East,jp,,,,1991-01-01 00:00:00,wolffang.zip
37336,Arcade - MAME,Gaia Crusaders,Luta / 2.5D,Noise Factory,Noise Factory,us,,,,1999-01-01 00:00:00,gaia.zip
43804,Arcade - MAME,Twin Hawk,Shoot'em Up / Vertical,Taito,Taito,jp,,,,1989-01-01 00:00:00,daisenpu.zip
41554,Arcade - MAME,1000 Miglia: Great 1000 Miles Rally,Corrida / Pilotagem / Corrida,Kaneko,Kaneko,us,,,,1994-01-01 00:00:00,gtmr.zip
41211,Arcade - MAME,Capcom Fighting Jam,Luta / Versus,Capcom,Capcom,us,,,,2004-01-01 00:00:00,fghtjam.zip
79052,Arcade - MAME,Mystic Riders,Shoot'em Up / Horizontal,Irem,Irem,wr,,,,1992-01-01 00:00:00,mysticri.zip
42964,Arcade - MAME,Sengeki Striker,Shoot'em Up / Vertical,Warashi,Kaneko,us,,,,1997-01-01 00:00:00,sengekis.zip
150086,Arcade - MAME,Mach Breakers,Esporte,Namco,Kaneko,wr,,,,1995-01-01 00:00:00,machbrkr.zip
172110,Arcade - MAME,Q*bert,Plataforma / Corre e Pula,D. Gottlieb & Co.,D. Gottlieb & Co.,us,,,,1982-01-01 00:00:00,qbert.zip
40737,Arcade - MAME,The Crystal of Kings,Luta / 2.5D,BrezzaSoft,BrezzaSoft,us,,,,2001-01-01 00:00:00,crysking.zip
43005,Arcade - MAME,San Francisco Rush,Corrida / Pilotagem / Corrida em 3ª pessoa,Atari,Atari,us,,,,1996-01-01 00:00:00,sfrush.zip
37352,Arcade - MAME,Pretty Soldier Sailor Moon,Luta / 2.5D,Gazelle,Banpresto,eu,,,,1995-03-22 00:00:00,sailormn.zip
40839,Arcade - MAME,DragonBall Z,Luta / Versus,Banpresto,Banpresto,us,,,,1993-01-01 00:00:00,dbz.zip
43542,Arcade - MAME,Tech Romancer,Luta / Versus,Capcom,Capcom,us,,,,1998-01-01 00:00:00,techromnu.zip
41630,Arcade - MAME,Hard Dunk,Esporte / Basquete,SEGA,SEGA,wr,,,,1994-01-01 00:00:00,harddunk.zip
41139,Arcade - MAME,Explosive Breaker,Shoot'em Up / Vertical,Kaneko,Kaneko,wr,,,,1992-01-01 00:00:00,explbrkr.zip
40252,Arcade - MAME,Blandia,Luta / Versus,Taito,Allumer,us,,,,1992-01-01 00:00:00,blandia.zip
42780,Arcade - MAME,Rampage: World Tour,Luta,Game Refuge,Midway,us,,,,1997-01-01 00:00:00,rmpgwt.zip
41214,Arcade - MAME,Fighting Layer,Luta / Versus,Arika,Namco,jp,,,,1998-01-01 00:00:00,fgtlayer.zip
43235,Arcade - MAME,Speed Racer,Corrida / Pilotagem / Corrida em 3ª pessoa,Namco,Namco,us,,,,1995-01-01 00:00:00,speedrcr.zip
44154,Arcade - MAME,Xevious,Shoot'em Up / Vertical,Namco,Namco,us,,,,1982-01-01 00:00:00,xevios.zip
37531,Arcade - MAME,Batman Forever,Briga de rua,Acclaim,Acclaim,us,,,,1996-01-01 00:00:00,batmanfr.zip
42666,Arcade - MAME,Racing Hero,Corrida / Pilotagem / Corrida de moto em 3ª pessoa,SEGA,SEGA,us,,,,1989-01-01 00:00:00,rachero.zip
40321,Arcade - MAME,Body Slam,Esporte / Luta Livre,SEGA,SEGA,us,,,,1986-01-01 00:00:00,bodyslam.zip
41072,Arcade - MAME,Dyna Gear,Plataforma / Combate com rolagem,Sekarabe,Sammy USA Corporation,us,,,,1993-01-01 00:00:00,dynagear.zip
37353,Arcade - MAME,Thunder Heroes,Luta / 2.5D,Primetek Investments,Primetek Investments,us,,,,2001-01-01 00:00:00,theroes.zip
79133,Arcade - MAME,The Ninja Kids,Luta / 2.5D,Taito,Taito,wr,,,,1990-01-01 00:00:00,ninjak.zip
43681,Arcade - MAME,Top Speed,Corrida / Pilotagem / Corrida em 3ª pessoa,Taito,Taito,wr,,,,1987-01-01 00:00:00,topspeed.zip
40282,Arcade - MAME,Blood Warrior,Luta / Versus,Kaneko,Kaneko,us,,,,1993-01-01 00:00:00,bloodwar.zip
40373,Arcade - MAME,Brave Blade,Shoot'em Up / Vertical,Eighting,Eighting,wr,,,,2000-01-01 00:00:00,brvblade.zip
37549,Arcade - MAME,Radiant Silvergun,Shoot'em Up / Vertical,Treasure,SEGA,us,,,,1998-01-01 00:00:00,rsgun.zip
44153,Arcade - MAME,Xevious 3d/g,Shoot'em Up / Vertical,Namco,Namco,wr,,,,1995-01-01 00:00:00,xevi3dg.zip
43162,Arcade - MAME,Snow Bros. - Nick & Tom,Plataforma / Corre e Pula,Toaplan,Toaplan,us,,,,1990-01-01 00:00:00,snowbros.zip
42430,Arcade - MAME,Pocket Racer,Corrida / Pilotagem / Corrida em 3ª pessoa,Namco,Namco,jp,,,,1996-01-01 00:00:00,pocketrc.zip
43551,Arcade - MAME,Tekken 3,Luta / Versus,Namco,Namco,us,,,,1996-01-01 00:00:00,tekken3c.zip
43418,Arcade - MAME,Super Burger Time,Plataforma / Corre e Pula,Data East,Data East,wr,,,,1990-01-01 00:00:00,supbtime.zip
40517,Arcade - MAME,Champion Wrestler,Esporte / Luta Livre,Taito,Taito,wr,,,,1989-01-01 00:00:00,champwr.zip
43380,Arcade - MAME,Storm Blade,Shoot'em Up / Vertical,Visco,Visco,us,,,,1996-01-01 00:00:00,stmblade.zip
40175,Arcade - MAME,New Atomic Punk - Global Quest,Ação / Labirinto,Hudson,Irem,us,,,,1992-01-01 00:00:00,bbmanw.zip
40163,Arcade - MAME,Batsugun,Shoot'em Up / Vertical,Toaplan,Toaplan,us,,,,1993-01-01 00:00:00,batsugun.zip
43967,Arcade - MAME,Viper Phase 1,Shoot'em Up / Vertical,Seibu Kaihatsu,Seibu Kaihatsu,wr,,,,1995-01-01 00:00:00,viprp1.zip
41757,Arcade - MAME,Hydra,Tiro / Carro 3ª Pessoa,Atari,Atari,us,,,,1990-01-01 00:00:00,hydra.zip
42017,Arcade - MAME,Knuckle Heads,Luta / Versus,Namco,Namco,wr,,,,1992-01-01 00:00:00,knckhead.zip
43078,Arcade - MAME,Side By Side 2,Corrida / Pilotagem / Corrida em 3ª pessoa,Taito,Taito,jp,,,,1997-01-01 00:00:00,sidebs2j.zip
37380,Arcade - MAME,Strider,Plataforma / Combate com rolagem,Capcom,Capcom,us,,,,1989-01-01 00:00:00,strider.zip
42757,Arcade - MAME,Raiden Fighters Jet,Shoot'em Up / Vertical,Seibu Kaihatsu,Seibu Kaihatsu,us,,,,1998-01-01 00:00:00,rfjetu.zip
41555,Arcade - MAME,Mille Miglia 2: Great 1000 Miles Rally,Corrida / Pilotagem / Corrida,Kaneko,Kaneko,us,,,,1995-01-01 00:00:00,gtmr2.zip
42761,Arcade - MAME,Ridge Racer,Corrida / Pilotagem / Corrida em 1ª pessoa,Namco,Namco,wr,,,,1993-01-01 00:00:00,ridgerac.zip
43917,Arcade - MAME,Vasara 2,Shoot'em Up / Vertical,Visco,Visco,us,,,,2001-01-01 00:00:00,vasara2.zip
43722,Arcade - MAME,Trio The Punch - Never Forget Me...,Plataforma / Combate com rolagem,Data East,Data East,wr,,,,1989-01-01 00:00:00,triothep.zip
41324,Arcade - MAME,Gaiapolis,Luta / Vertical,Konami,Konami,us,,,,1993-01-01 00:00:00,gaiapols.zip
43771,Arcade - MAME,Tough Turf,Luta / 2.5D,SEGA,SEGA,us,,,,1989-01-01 00:00:00,tturfu.zip
39980,Arcade - MAME,Alligator Hunt,Shoot'em Up / Vertical,Gaelco,Gaelco,wr,,,,1994-04-01 00:00:00,aligator.zip
150935,Arcade - MAME,After Burner,Tiro / Avião em 3ª pessoa,SEGA,SEGA,us,,,,1987-01-01 00:00:00,aburner.zip
150378,Arcade - MAME,Raiden Fighters 2 - Operation Hell Dive,Shoot'em Up / Vertical,Seibu Kaihatsu,Seibu Kaihatsu,eu,,,,1997-01-01 00:00:00,rdft2.zip
79064,Arcade - MAME,Ninja Baseball Bat Man,Luta / 2.5D,Irem,Irem,wr,,,,1993-01-01 00:00:00,nbbatman.zip
43608,Arcade - MAME,Thunder Fox,Plataforma / Combate com rolagem,Taito,Taito,wr,,,,1990-01-01 00:00:00,thundfox.zip
41090,Arcade - MAME,Ehrgeiz,Luta / Versus,Dreamfactory,Square,wr,,,,1998-01-01 00:00:00,ehrgeiz.zip
43245,Arcade - MAME,Spider-Man: The Videogame,Plataforma / Combate com rolagem,SEGA,SEGA,wr,,,,1991-01-01 00:00:00,spidman.zip
39948,Arcade - MAME,Aero Fighters Special,Shoot'em Up / Vertical,Video System,Video System,jp,,,,1996-01-01 00:00:00,sncwgltd.zip
42702,Arcade - MAME,Ray Storm,Shoot'em Up / Vertical,Taito,Taito,us,,,,1996-01-01 00:00:00,raystorm.zip
42858,Arcade - MAME,Strikers 1945,Shoot'em Up / Vertical,Psikyo,Psikyo,wr,,,,1995-01-01 00:00:00,s1945.zip
41588,Arcade - MAME,GunForce II,Plataforma / Tiro com rolagem,Irem,Irem,us,,,,1994-01-01 00:00:00,gunforc2.zip
41447,Arcade - MAME,G.I. Joe,Tiro / Tiro em 3ª pessoa,Konami,Konami,wr,,,,1992-01-01 00:00:00,gijoe.zip
79092,Arcade - MAME,Operation Wolf,Tiro / Tiro em 1ª pessoa,Taito,Taito,wr,,,,1987-01-01 00:00:00,opwolf.zip
79054,Arcade - MAME,Mystic Warriors,Luta / 2D,Konami,Konami,us,,,,1993-01-01 00:00:00,mystwarr.zip
43688,Arcade - MAME,Total Carnage,Tiro / Run and Gun,Midway,Midway,us,,,,1992-01-01 00:00:00,totcarn.zip
37344,Arcade - MAME,Metamoqester,Luta / Versus Co-op,Banpresto,Banpresto,us,,,,1995-01-01 00:00:00,metmqstr.zip
40170,Arcade - MAME,Bay Route,Plataforma / Tiro com rolagem,Sunsoft,SEGA,us,,,,1989-01-01 00:00:00,bayroute1.zip
39957,Arcade - MAME,Air Duel,Shoot'em Up / Vertical,Irem,Irem,wr,,,,1990-07-04 00:00:00,airduel.zip
43385,Arcade - MAME,Koutetsu Yousai Strahl,Shoot'em Up / Horizontal,UPL,UPL,wr,,,,1992-01-01 00:00:00,strahl.zip
42552,Arcade - MAME,Punk Shot,Esporte / Basquete,Konami,Konami,us,,,,1990-01-01 00:00:00,punkshot.zip
41750,Arcade - MAME,Heaven's Gate,Luta / Versus,Racdym,Atlus,us,,,,1996-01-01 00:00:00,hvnsgate.zip
42921,Arcade - MAME,Special Criminal Investigation,Tiro / Carro 3ª Pessoa,Taito,Taito,wr,,,,1988-01-01 00:00:00,sci.zip
42862,Arcade - MAME,Saboten Bombers,Plataforma / Corre e Pula,Taito,Taito,us,,,,1992-01-01 00:00:00,sabotenb.zip
42782,Arcade - MAME,Road Burners,Corrida / Pilotagem / Corrida de moto em 3ª pessoa,Atari,Atari,us,,,,1999-01-01 00:00:00,roadburn.zip
78969,Arcade - MAME,Wild West C.O.W.-Boys of Moo Mesa,Plataforma / Tiro com rolagem,Konami,Konami,wr,,,,1992-01-01 00:00:00,moo.zip
78919,Arcade - MAME,Midnight Resistance,Plataforma / Tiro com rolagem,Data East,Data East,wr,,,,1989-01-01 00:00:00,midres.zip
40524,Arcade - MAME,Chase H.Q.,Corrida / Pilotagem / Corrida em 3ª pessoa,Taito,Taito,wr,,,,1988-01-01 00:00:00,chasehq.zip
150936,Arcade - MAME,Penguin Brothers,Plataforma,Ago,Subsino,jp,,,,2000-10-01 00:00:00,penbros.zip
43079,Arcade - MAME,Side Pocket,Esporte / Sinuca,Data East,Data East,wr,,,,1986-01-01 00:00:00,sidepckt.zip
149891,Arcade - MAME,Pound For Pound,Esporte / Boxe,Irem,Irem,wr,,,,1990-01-01 00:00:00,poundfor.zip
37558,Arcade - MAME,Virtua Fighter Remix,Luta / 3D,SEGA,SEGA,us,,,,1995-01-01 00:00:00,vfremix.zip
42842,Arcade - MAME,R-Type II,Shoot'em Up / Horizontal,Irem,Irem,wr,,,,1989-01-01 00:00:00,rtype2.zip
43321,Arcade - MAME,Superior Soldiers,Luta / Versus,Irem,Irem,us,,,,1993-01-01 00:00:00,ssoldier.zip
40028,Arcade - MAME,Aqua Jack,Tiro / Carro 3ª Pessoa,Romstar,Taito,wr,,,,1990-01-01 00:00:00,aquajack.zip
41113,Arcade - MAME,Escape From The Planet Of The Robot Monsters,Ação / Labirinto,Atari,Atari,us,,,,1989-01-01 00:00:00,eprom.zip
40262,Arcade - MAME,Bloody Roar 2: Bringer of the New Age,Luta / Versus,Eighting,Eighting,wr,,,,1998-01-01 00:00:00,bldyror2.zip
40939,Arcade - MAME,Donkey Kong 3,Plataforma / Corre e Pula,Nintendo,Nintendo,us,,,,1983-01-01 00:00:00,dkong3.zip
41322,Arcade - MAME,Golden Axe: The Revenge of Death Adder,Luta / 2.5D,SEGA,SEGA,wr,,,,1992-01-01 00:00:00,ga2.zip
41715,Arcade - MAME,Hot Chase,Corrida / Pilotagem / Corrida em 3ª pessoa,Konami,Konami,us,,,,1988-01-01 00:00:00,hotchase.zip
43357,Arcade - MAME,Star Soldier: Vanishing Earth,Shoot'em Up / Vertical,Hudson,SETA,us,,,,1998-01-01 00:00:00,starsldr.zip
42852,Arcade - MAME,Rival Schools: United By Fate,Luta / Versus,Capcom,Capcom,jp,,,,1997-01-01 00:00:00,jgakuen.zip
40474,Arcade - MAME,Chase Bombers,Corrida / Pilotagem / Corrida em 3ª pessoa,Taito,Taito,wr,,,,1994-01-01 00:00:00,cbombers.zip
79103,Arcade - MAME,Osman,Plataforma / Combate com rolagem,Mitchell,Mitchell,wr,,,,1996-01-01 00:00:00,osman.zip
41149,Arcade - MAME,F1 Exhaust Note,Corrida / Pilotagem / Corrida em 3ª pessoa,SEGA,SEGA,wr,,,,1991-01-01 00:00:00,f1en.zip
42760,Arcade - MAME,Ridge Racer 2,Corrida / Pilotagem / Corrida em 1ª pessoa,Namco,Namco,wr,,,,1994-01-01 00:00:00,ridgera2.zip
41569,Arcade - MAME,Guardians of the 'Hood,Luta / 2.5D,Atari,Atari,us,,,,1992-01-01 00:00:00,guardian.zip
149459,Arcade - MAME,Snow Bros. 2 : With New Elves,Plataforma / Corre e Pula,Toaplan,Hanafram,us,,,,1994-01-01 00:00:00,snowbro2.zip
150682,Arcade - MAME,Guardians: Denjin Makai II,Luta / 2.5D,Winky Soft,Banpresto,us,,,,1995-01-01 00:00:00,grdians.zip
43327,Arcade - MAME,Scramble Spirits,Shoot'em Up / Vertical,SEGA,SEGA,wr,,,,1988-01-01 00:00:00,sspirits.zip
43396,Arcade - MAME,Strider 2,Plataforma / Combate com rolagem,Capcom,Capcom,eu,,,,1999-01-01 00:00:00,strider2.zip
149950,Arcade - MAME,Bucky O'Hare,Tiro / Run and Gun,Konami,Tatsumi,us,,,,1992-09-01 00:00:00,bucky.zip
43948,Arcade - MAME,Ace Driver : Victory Lap,Corrida / Pilotagem,Namco,Namco,wr,,,,1996-01-01 00:00:00,victlapw.zip
43965,Arcade - MAME,Violent Storm,Briga de rua,Konami,Konami,us,,,,1993-01-01 00:00:00,viostorm.zip
42491,Arcade - MAME,Power Instinct,Luta / Versus,Atlus,Atlus,us,,,,1993-01-01 00:00:00,powerins.zip
41129,Arcade - MAME,Evolution Soccer,Esporte / Futebol,Evoga,Evoga,us,,,,2001-01-01 00:00:00,evosocc.zip
78840,Arcade - MAME,The Main Event,Esporte / Luta Livre,Konami,Konami,us,,,,1988-01-01 00:00:00,mainevt.zip
41484,Arcade - MAME,Golden Axe,Luta / 2.5D,Team Shinobi,SEGA,us,,,,1989-01-01 00:00:00,goldnaxe.zip
150513,Arcade - MAME,Superman,Luta / 2D,Taito,Taito,wr,,,,1988-01-01 00:00:00,superman.zip
42663,Arcade - MAME,Raccoon World,Plataforma / Corre e Pula,Eolith,Eolith,us,,,,1998-01-01 00:00:00,raccoon.zip
43464,Arcade - MAME,Suzuka 8 Hours,Corrida / Pilotagem / Corrida de moto em 3ª pessoa,Namco,Namco,wr,,,,1992-01-01 00:00:00,suzuka8h.zip
39930,Arcade - MAME,After Burner II,Tiro / Avião em 3ª pessoa,SEGA,SEGA,us,,,,1987-01-01 00:00:00,aburner2.zip
42612,Arcade - MAME,Quartet,Ação / Labirinto,SEGA,SEGA,us,,,,1986-01-01 00:00:00,quartet.zip
40116,Arcade - MAME,Avengers In Galactic Storm,Luta / Versus,Data East,Data East,us,,,,1995-01-01 00:00:00,avengrgs.zip
41887,Arcade - MAME,J. J. Squawkers,Plataforma / Tiro com rolagem,Able,Athena,us,,,,1993-01-01 00:00:00,jjsquawk.zip
40670,Arcade - MAME,Contra,Tiro / Run and Gun,Konami,Konami,us,,,,1987-01-01 00:00:00,contra.zip
150248,Arcade - MAME,Elan Doree - Legend of Dragoon,Luta / Versus,Sai-Mate,Sai-Mate,us,,,,1998-01-01 00:00:00,elandore.zip
79100,Arcade - MAME,Oriental Legend / Xi You Shi E Zhuan,Luta / 2.5D,IGS,IGS,us,,,,1997-01-01 00:00:00,orlegend.zip
41708,Arcade - MAME,Hoops,Esporte / Basquete,IGS,Data East,jp,,,,1996-01-01 00:00:00,ddream95.zip
79093,Arcade - MAME,Operation Wolf 3,Tiro / Tiro em 1ª pessoa,Taito,Taito,wr,,,,1994-01-01 00:00:00,opwolf3.zip
42809,Arcade - MAME,Rohga Armor Force,Plataforma / Tiro com rolagem,Data East,Data East,us,,,,1991-01-01 00:00:00,rohga.zip
42920,Arcade - MAME,Schmeiser Robo,Luta / Versus,Hot Lava Games,Hot-B,jp,,,,1993-01-01 00:00:00,schmeisr.zip
40946,Arcade - MAME,Demon Front,Tiro / Run and Gun,IGS,IGS,us,,,,2002-01-01 00:00:00,dmnfrnt.zip
60845,Arcade - MAME,P-47 - The Phantom Fighter,Shoot'em Up / Horizontal,Jaleco,Jaleco,wr,,,,1988-01-01 00:00:00,p47.zip
43471,Arcade - MAME,Star Wars Arcade,Tiro / Avião em 1ª pessoa,SEGA,SEGA,us,,,,1993-01-01 00:00:00,swa.zip
42149,Arcade - MAME,Dungeon Magic,Ação / Labirinto,Taito,Taito,us,,,,1993-01-01 00:00:00,lightbr.zip
43107,Arcade - MAME,Skull Fang,Shoot'em Up / Vertical,Data East,Data East,eu,,,,1996-01-01 00:00:00,skullfng.zip
41941,Arcade - MAME,Global Champion,Luta / Versus,Taito,Taito,us,,,,1994-01-01 00:00:00,kaiserkn.zip
40388,Arcade - MAME,Bubble Memories: The Story of Bubble Bobble III,Plataforma / Corre e Pula,Taito,Taito,us,,,,1995-01-01 00:00:00,bubblem.zip
40715,Arcade - MAME,Crime City,Plataforma / Tiro com rolagem,Taito,Taito,wr,,,,1989-01-01 00:00:00,crimec.zip
42546,Arcade - MAME,Pu·Li·Ru·La,Luta / 2.5D,Taito,Taito,wr,,,,1991-01-01 00:00:00,pulirula.zip
41875,Arcade - MAME,Judge Dredd,Luta / 3D,Midway,Acclaim,wr,,,,1997-11-26 00:00:00,jdredd.zip
78952,Arcade - MAME,Monster Maulers,Luta / Versus Co-op,Konami,Konami,us,,,,1993-01-01 00:00:00,mmaulers.zip
41222,Arcade - MAME,Final Lap 2,Corrida / Pilotagem / Corrida em 3ª pessoa,Namco,Namco,us,,,,1990-01-01 00:00:00,finalap2.zip
42139,Arcade - MAME,Lightning Fighters,Shoot'em Up / Vertical,Konami,Konami,wr,,,,1990-01-01 00:00:00,lgtnfght.zip
42995,Arcade - MAME,Street Fighter EX Plus,Luta / Versus,Capcom,Capcom,us,,,,1997-01-01 00:00:00,sfexp.zip
42763,Arcade - MAME,Riding Fight,Luta / Vertical,Taito,Taito,us,,,,1992-01-01 00:00:00,ridingf.zip
41529,Arcade - MAME,Growl,Luta / 2.5D,Taito,Taito,wr,,,,1990-01-01 00:00:00,growl.zip
41001,Arcade - MAME,Dragoon Might,Luta / Versus,Konami,Konami,us,,,,1995-01-01 00:00:00,dragoona.zip
79042,Arcade - MAME,Mutant Fighter,Luta / Versus,Data East,Data East,wr,,,,1992-01-01 00:00:00,mutantf.zip
44160,Arcade - MAME,X-Men,Luta / 2.5D,Konami,Konami,us,,,,1992-01-01 00:00:00,xmen.zip
43550,Arcade - MAME,Tekken 2,Luta / Versus,Namco,Namco,us,,,,1996-01-01 00:00:00,tekken2.zip
43562,Arcade - MAME,Tenth Degree,Luta / Versus,Atari,Atari,us,,,,1998-01-01 00:00:00,tenthdeg.zip
44161,Arcade - MAME,X Multiply,Shoot'em Up / Horizontal,Irem,Irem,wr,,,,1989-01-01 00:00:00,xmultipl.zip
40618,Arcade - MAME,Columns II: The Voyage Through Time,Quebra-cabeças / Queda,SEGA,SEGA,wr,,,,1990-01-01 00:00:00,columns2.zip
43336,Arcade - MAME,Sorcer Striker,Shoot'em Up / Vertical,Raizing,Raizing,us,,,,1993-01-01 00:00:00,sstriker.zip
41573,Arcade - MAME,Gunbird,Shoot'em Up / Vertical,Psikyo,Psikyo,wr,,,,1994-09-01 00:00:00,gunbird.zip
40367,Arcade - MAME,Burning Rival,Luta / Versus,SEGA,SEGA,wr,,,,1992-01-01 00:00:00,brival.zip
42834,Arcade - MAME,Road Riot's Revenge,Corrida / Pilotagem / Corrida em 3ª pessoa,SEGA,Atari,us,,,,1993-01-01 00:00:00,rrreveng.zip
41590,Arcade - MAME,Gun & Frontier,Shoot'em Up / Vertical,Taito,Taito,wr,,,,1990-01-01 00:00:00,gunfront.zip
40333,Arcade - MAME,Boogie Wings,Shoot'em Up / Horizontal,Data East,Data East,eu,,,,1992-01-01 00:00:00,boogwing.zip
40234,Arcade - MAME,Biofreaks,Luta / Versus,Midway,Midway,us,,,,1997-01-01 00:00:00,biofreak.zip
43581,Arcade - MAME,Tetris The Grand Master,Quebra-cabeças / Queda,Arika,Capcom,jp,,,,1998-01-01 00:00:00,tgmj.zip
40824,Arcade - MAME,Dark Seal,Ação / Labirinto,Data East,Data East,wr,,,,1990-01-01 00:00:00,darkseal.zip
43286,Arcade - MAME,Rough Ranger,Plataforma / Tiro com rolagem,SunA,SunA,us,,,,1988-01-01 00:00:00,rranger.zip
40820,Arcade - MAME,Dark Edge,Luta / Versus,SEGA,SEGA,wr,,,,1992-01-01 00:00:00,darkedge.zip
40940,Arcade - MAME,Donkey Kong Junior,Plataforma / Corre e Pula,Nintendo,Nintendo,us,,,,1982-01-01 00:00:00,dkongjr.zip
43744,Arcade - MAME,Top Ranking Stars,Esporte / Boxe,Taito,Taito,us,,,,1993-01-01 00:00:00,prmtmfgt.zip
79158,Arcade - MAME,Ninja Spirit,Luta / 2D,Irem,Irem,wr,,,,1988-01-01 00:00:00,nspirit.zip
40045,Arcade - MAME,Arabian Fight,Luta / 2.5D,SEGA,SEGA,wr,,,,1991-01-01 00:00:00,arabfgt.zip
41085,Arcade - MAME,The Cliffhanger: Edward Randy,Luta / 2D,Data East,Data East,wr,,,,1990-01-01 00:00:00,edrandy.zip
42569,Arcade - MAME,Puzz Loop,Quebra-cabeças / Lançar,Mitchell,Mitchell,eu,,,,1998-01-01 00:00:00,puzzloop.zip
40556,Arcade - MAME,Chuka Taisen,Shoot'em Up / Horizontal,Taito,Taito,wr,,,,1988-01-01 00:00:00,chukatai.zip
41333,Arcade - MAME,Galactic Storm,Tiro / Carro 3ª Pessoa,Taito,Taito,jp,,,,1992-01-01 00:00:00,galastrm.zip
41952,Arcade - MAME,Karate Blazers,Luta / 2.5D,Video System,Video System,wr,,,,1991-01-01 00:00:00,karatblz.zip
40283,Arcade - MAME,Bloxeed,Quebra-cabeças / Queda,SEGA,SEGA,wr,,,,1989-01-01 00:00:00,bloxeedc.zip
42395,Arcade - MAME,Pitfall II,Plataforma / Corre e Pula com rolagem,SEGA,SEGA,us,,,,1985-01-01 00:00:00,pitfall2.zip
41225,Arcade - MAME,Final Blow,Esporte / Boxe,Taito,Taito,wr,,,,1988-01-01 00:00:00,finalb.zip
40523,Arcade - MAME,Charlie Ninja,Plataforma / Tiro com rolagem,Mitchell,Mitchell,us,,,,1995-01-01 00:00:00,charlien.zip
149843,Arcade - MAME,The Gladiator / Road Of The Sword / Shen Jian,Luta / 2.5D,IGS,IGS,us,,,,2003-01-01 00:00:00,theglad.zip
46726,Arcade - MAME,Chaos Field,Shoot'em Up / Vertical,Able,Milestone,jp,,,,2004-01-01 00:00:00,cfield.zip
42118,Arcade - MAME,Lode Runner,Plataforma / Corre e Pula,Irem,Irem,us,,,,1984-01-01 00:00:00,ldrun.zip
37534,Arcade - MAME,Cotton Boomerang,Shoot'em Up / Horizontal,Success,Success,us,,,,1998-01-01 00:00:00,cottonbm.zip
42128,Arcade - MAME,Legionnaire,Luta / 2.5D,Tad,Fabtek,wr,,,,1992-01-01 00:00:00,legionna.zip
37327,Arcade - MAME,DonPachi,Shoot'em Up / Vertical,Cave,Atlus,us,,,,1995-01-01 00:00:00,donpachi.zip
42534,Arcade - MAME,Psychic Force,Luta / Versus,Taito,Taito,us,,,,1995-01-01 00:00:00,psyforce.zip
43607,Arcade - MAME,Thunder Cross,Shoot'em Up / Horizontal,Konami,Konami,us,,,,1988-01-01 00:00:00,thunderx.zip
41080,Arcade - MAME,U.N. Defense Force: Earth Joker,Shoot'em Up / Vertical,Visco,Visco,jp,,,,1993-01-01 00:00:00,earthjkr.zip
42167,Arcade - MAME,Legend of Hero Tonma,Luta / 2D,Irem,Irem,wr,,,,1989-01-01 00:00:00,loht.zip
40838,Arcade - MAME,Dragon Breed,Shoot'em Up / Horizontal,Irem,Irem,wr,,,,1989-01-01 00:00:00,dbreed.zip
44155,Arcade - MAME,Xexex,Shoot'em Up / Horizontal,Konami,Konami,us,,,,1991-01-01 00:00:00,xexex.zip
78890,Arcade - MAME,Mega Blast,Shoot'em Up / Horizontal,Taito,Taito,wr,,,,1989-01-01 00:00:00,megablst.zip
40607,Arcade - MAME,Caveman Ninja,Plataforma / Tiro com rolagem,Data East,Data East,wr,,,,1991-01-01 00:00:00,cninja.zip
40086,Arcade - MAME,Asura Blade - Sword Of Dynasty,Luta / Versus,Fuuki,Fuuki,jp,,,,1998-01-01 00:00:00,asurabld.zip
57794,Arcade - MAME,2 On 2 Open Ice Challenge,Esporte / Hóquei,Midway,Midway,us,,,,1995-01-01 00:00:00,openice.zip
37914,Arcade - MAME,Matrimelee,Luta / Versus,Noise Factory,SNK,us,,,,2002-01-01 00:00:00,matrim.zip
41228,Arcade - MAME,Final Lap,Corrida / Pilotagem / Corrida em 3ª pessoa,Namco,Namco,eu,,,,1987-01-01 00:00:00,finallap.zip
41103,Arcade - MAME,Elevator Action Returns,Plataforma / Tiro com rolagem,Taito,Taito,us,,,,1994-01-01 00:00:00,elvactr.zip
43646,Arcade - MAME,Teenage Mutant Ninja Turtles: Turtles in Time,Briga de rua,Konami,Konami,us,,,,1991-09-18 00:00:00,tmnt2.zip
42732,Arcade - MAME,Recalhorn,Plataforma / Corre e Pula com rolagem,Taito,Taito,us,,,,1994-01-01 00:00:00,recalh.zip
41332,Arcade - MAME,Galaga '88,Tiro / Estilo Space Invader,Namco,Namco,us,,,,1987-01-01 00:00:00,galaga88.zip
42506,Arcade - MAME,Primal Rage,Luta / Versus,Atari,Atari,us,,,,1994-01-01 00:00:00,primrage.zip
41224,Arcade - MAME,Final Lap R,Corrida / Pilotagem / Corrida em 3ª pessoa,Namco,Namco,us,,,,1995-01-01 00:00:00,finalapr.zip
43818,Arcade - MAME,Undercover Cops,Briga de rua,Irem,Irem,wr,,,,1992-01-01 00:00:00,uccops.zip
40281,Arcade - MAME,Blood Storm,Luta / Versus,Irem,Strata,us,,,,1994-01-01 00:00:00,bloodstm.zip
40676,Arcade - MAME,Cool Riders,Corrida / Pilotagem / Corrida de moto em 3ª pessoa,SEGA,SEGA,us,,,,1995-01-01 00:00:00,coolridr.zip
43633,Arcade - MAME,Toukidenshou - Angel Eyes,Luta / Versus,Tecmo,Tecmo,us,,,,1996-01-01 00:00:00,tkdensho.zip
41581,Arcade - MAME,Gundhara,Tiro / Run and Gun,Banpresto,Banpresto,us,,,,1995-01-01 00:00:00,gundhara.zip
42770,Arcade - MAME,Riot City,Luta / 2.5D,SEGA,SEGA,jp,,,,1991-01-01 00:00:00,riotcity.zip
42419,Arcade - MAME,Star Gladiator 2: Nightmare of Bilstein,Luta / Versus,Capcom,Capcom,us,,,,1998-01-01 00:00:00,plsmaswd.zip
42841,Arcade - MAME,R-Type,Shoot'em Up / Horizontal,Irem,Irem,wr,,,,1987-01-01 00:00:00,rtype.zip
41551,Arcade - MAME,Gti Club,Corrida / Pilotagem / Corrida em 3ª pessoa,Konami,Konami,us,,,,1996-01-01 00:00:00,gticlub.zip
40392,Arcade - MAME,Bubble Symphony,Plataforma / Corre e Pula,Taito,Taito,us,,,,1994-01-01 00:00:00,bubsymphu.zip
63306,Arcade - MAME,Out Run,Corrida / Pilotagem / Corrida em 3ª pessoa,SEGA,SEGA,us,,,,1986-01-01 00:00:00,outrun.zip
40105,Arcade - MAME,Aurail,Tiro / Carro / Vertical,SEGA,SEGA,us,,,,1990-01-01 00:00:00,aurail.zip
43618,Arcade - MAME,Time Killers,Luta / Versus,Strata,SEGA,us,,,,1992-01-01 00:00:00,timekill.zip
43597,Arcade - MAME,Thunder Blade,Tiro / Avião,SEGA,SEGA,us,,,,1987-01-01 00:00:00,thndrbld.zip
42700,Arcade - MAME,Rave Racer,Corrida / Pilotagem / Corrida em 1ª pessoa,Namco,Namco,wr,,,,1995-01-01 00:00:00,raveracw.zip
37554,Arcade - MAME,Suiko Enbu / Outlaws of the Lost Dynasty,Luta,Data East,Data East,us,,,,1995-01-01 00:00:00,suikoenb.zip
42791,Arcade - MAME,RoboCop,Tiro / Run and Gun,Data East,Data East,wr,,,,1988-01-01 00:00:00,robocop.zip
40766,Arcade - MAME,The Combatribes,Luta / 2.5D,Technos Japan,Tecmo,us,,,,1990-01-01 00:00:00,ctribe.zip
78915,Arcade - MAME,Monster Farm Jump,Plataforma / Corre e Pula,Tecmo,Tecmo,jp,,,,2001-01-01 00:00:00,mfjump.zip
149850,Arcade - MAME,Knights of Valour 2,Luta / 2.5D,IGS,IGS,us,,,,2000-01-01 00:00:00,kov2.zip
37551,Arcade - MAME,Shienryu,Shoot'em Up / Vertical,Warashi,Warashi,us,,,,1997-01-01 00:00:00,shienryu.zip
43289,Arcade - MAME,Sunset Riders,Plataforma / Tiro com rolagem,Konami,Konami,us,,,,1991-01-01 00:00:00,ssridersubc.zip
43829,Arcade - MAME,Ultimate Mortal Kombat 3,Luta / Versus,Midway,Midway,us,,,,1995-11-06 00:00:00,umk3.zip
42994,Arcade - MAME,Street Fighter EX2 Plus,Luta / Versus,Arika,Capcom,eu,,,,1999-01-01 00:00:00,sfex2p.zip
37536,Arcade - MAME,Die Hard Arcade,Briga de rua,SEGA,SEGA,us,,,,1996-01-01 00:00:00,diehard.zip
40667,Arcade - MAME,Congo Bongo,Plataforma / Corre e Pula,SEGA,SEGA,wr,,,,1983-01-01 00:00:00,congo.zip
42933,Arcade - MAME,Stadium Cross,Corrida / Pilotagem / Corrida de moto em 3ª pessoa,SEGA,SEGA,wr,,,,1992-01-01 00:00:00,scross.zip
40791,Arcade - MAME,Cycle Shooting,Tiro com Lightgun,Taito,Taito,us,,,,1986-01-01 00:00:00,cyclshtg.zip
43171,Arcade - MAME,Sol Divide: Sword of Darkness,Shoot'em Up / Horizontal,Psikyo,Psikyo,us,,,,1997-05-01 00:00:00,soldivid.zip
40077,Arcade - MAME,Alien Storm,Plataforma / Tiro com rolagem,SEGA,SEGA,wr,,,,1990-04-25 00:00:00,astorm.zip
43187,Arcade - MAME,Soul Edge Ver. II,Luta / Versus,SEGA,Namco,us,,,,1996-01-01 00:00:00,souledge.zip
42747,Arcade - MAME,Renegade,Luta / 2.5D,Technos Japan,Technos Japan,us,,,,1986-01-01 00:00:00,renegade.zip
43463,Arcade - MAME,Suzuka 8 Hours 2,Corrida / Pilotagem / Corrida de moto em 3ª pessoa,Namco,Namco,wr,,,,1993-01-01 00:00:00,suzuk8h2.zip
40445,Arcade - MAME,Captain America And The Avengers,Luta / 2.5D,Data East,Data East,us,,,,1991-01-01 00:00:00,captaven.zip
43959,Arcade - MAME,Vigilante,Plataforma / Combate com rolagem,Irem,Irem,eu,,,,1988-01-01 00:00:00,vigilant.zip
79107,Arcade - MAME,Operation Thunderbolt,Tiro com Lightgun,Taito,Taito,wr,,,,1988-01-01 00:00:00,othunder.zip
40207,Arcade - MAME,Battle Garegga,Shoot'em Up / Vertical,Raizing,Raizing,jp,,,,1996-01-01 00:00:00,bgaregga.zip
37338,Arcade - MAME,Hotdog Storm,Shoot'em Up / Vertical,Marble,ACE International,kr,,,,1996-01-01 00:00:00,hotdogst.zip
79132,Arcade - MAME,Ninja Clowns,Luta / 2.5D,Incredible Technologies,Strata,us,,,,1991-01-01 00:00:00,ninclown.zip
78860,Arcade - MAME,Martial Masters,Luta / Versus,IGS,IGS,us,,,,2001-01-01 00:00:00,martmast.zip
149955,Arcade - MAME,Teenage Mutant Ninja Turtles,Briga de rua,Konami,Konami,wr,,,,1989-01-01 00:00:00,tmnt.zip
78949,Arcade - MAME,Mortal Kombat 4,Luta / Versus,Midway,Midway,us,,,,1997-01-01 00:00:00,mk4.zip
79017,Arcade - MAME,Martial Champion,Luta / Versus,Konami,Konami,us,,,,1993-01-01 00:00:00,mtlchamp.zip
78976,Arcade - MAME,Moto Frenzy,Corrida / Pilotagem / Corrida de moto em 3ª pessoa,Atari,Atari,us,,,,1992-01-01 00:00:00,motofren.zip
40961,Arcade - MAME,Dogyuun,Shoot'em Up / Vertical,Toaplan,Toaplan,us,,,,1992-01-01 00:00:00,dogyuun.zip
40422,Arcade - MAME,Cabal,Tiro / Tiro em 3ª pessoa,Tad,Tad,wr,,,,1988-01-01 00:00:00,cabal.zip
42135,Arcade - MAME,Lethal Thunder,Shoot'em Up / Vertical,Irem,Irem,wr,,,,1991-01-01 00:00:00,lethalth.zip
41656,Arcade - MAME,Heated Barrel,Tiro / Run and Gun,Tad,Tad,wr,,,,1992-01-01 00:00:00,heatbrl.zip
39979,Arcade - MAME,Alien Syndrome,Tiro / Run and Gun,SEGA,SEGA,us,,,,1987-01-01 00:00:00,aliensyn.zip
43524,Arcade - MAME,Tattoo Assassins,Luta / Versus,Pesina,Data East,us,,,,1994-01-01 00:00:00,tattass.zip
44122,Arcade - MAME,World Rally 2: Twin Racing,Corrida / Pilotagem / Corrida,Gaelco,Gaelco,us,,,,1995-01-01 00:00:00,wrally2.zip
79166,Arcade - MAME,Numan Athletics,Esporte / Pista de Corrida,Namco,Namco,wr,,,,1993-01-01 00:00:00,numanath.zip
79036,Arcade - MAME,Mug Smashers,Luta / 2.5D,Electronic Devices Italy / 3D Games England,Electronic Devices Italy / 3D Games England,us,,,,1990-01-01 00:00:00,mugsmash.zip
43914,Arcade - MAME,Vapor Trx,Corrida / Pilotagem / Corrida em 3ª pessoa,Atari,Atari,us,,,,1998-01-01 00:00:00,vaportrx.zip
43599,Arcade - MAME,Thunder Zone,Tiro / Run and Gun,Data East,Data East,wr,,,,1991-01-01 00:00:00,thndzone.zip
44037,Arcade - MAME,Warrior Blade - Rastan Saga Episode III,Luta / 2.5D,Taito,Taito,jp,,,,1991-01-01 00:00:00,warriorb.zip
150548,Arcade - MAME,Tecmo Knight,Plataforma / Combate com rolagem,Tecmo,Tecmo,us,,,,1989-01-01 00:00:00,tknight.zip
41871,Arcade - MAME,Jackie Chan - The Kung-fu Master,Luta / Versus,Tecmo,Kaneko,us,,,,1995-01-01 00:00:00,jchan.zip
41467,Arcade - MAME,Gunbarich,Ação / Jogos de Breakout,Psikyo,Psikyo,us,,,,2001-01-01 00:00:00,gnbarich.zip
37542,Arcade - MAME,Groove on Fight - Gouketsuji Ichizoku 3,Luta / Versus,Atlus,Atlus,jp,,,,1998-01-01 00:00:00,groovef.zip
78918,Arcade - MAME,Midnight Run: Road Fighters 2,Corrida / Pilotagem / Corrida em 1ª pessoa,Konami,Konami,eu,,,,1995-01-01 00:00:00,midnrun.zip
40863,Arcade - MAME,Double Dragon II - The Revenge,Luta / 2.5D,Technos Japan,Technos Japan,wr,,,,1988-01-01 00:00:00,ddragon2.zip
40840,Arcade - MAME,Dragonball Z 2 - Super Battle,Luta / Versus,Banpresto,Banpresto,us,,,,1994-01-01 00:00:00,dbz2.zip
40848,Arcade - MAME,D. D. Crew,Luta / 2.5D,SEGA,SEGA,wr,,,,1991-01-01 00:00:00,ddcrew.zip
43085,Arcade - MAME,The Legend of Silkroad,Luta / 2.5D,Unicorn Group,Unico,us,,,,1999-01-01 00:00:00,silkroad.zip
41401,Arcade - MAME,Gang Busters,Tiro / Run and Gun,Konami,Konami,jp,,,,1988-01-01 00:00:00,crazycop.zip
40031,Arcade - MAME,Aqua Rush,Variados,Namco,Namco,jp,,,,1999-01-01 00:00:00,aquarush.zip
40816,Arcade - MAME,The Fallen Angels,Luta / Versus,Steel Hearts,Psikyo,us,,,,1998-01-01 00:00:00,daraku.zip
41955,Arcade - MAME,Karnov,Plataforma / Tiro com rolagem,Data East,Data East,us,,,,1987-01-01 00:00:00,karnov.zip
43801,Arcade - MAME,Twin Eagle II - The Rescue Mission,Shoot'em Up / Vertical,Data East,SETA,us,,,,1994-01-01 00:00:00,twineag2.zip
40299,Arcade - MAME,Blade Master,Briga de rua,Irem,Irem,wr,,,,1991-01-01 00:00:00,bmaster.zip
44080,Arcade - MAME,Wing War,Tiro / Avião em 1ª pessoa,SEGA,SEGA,wr,,,,1994-01-01 00:00:00,wingwar.zip
149801,Arcade - MAME,Donkey Kong,Plataforma / Corre e Pula,Nintendo,Nintendo,us,,,,1981-07-13 00:00:00,dkong.zip
37557,Arcade - MAME,Virtua Fighter Kids,Luta / Versus,SEGA,SEGA,us,,,,1996-01-01 00:00:00,vfkids.zip
42396,Arcade - MAME,Pit Fighter,Luta / Versus,Atari,Atari,us,,,,1990-01-01 00:00:00,pitfight.zip
42938,Arcade - MAME,Sd Fighters,Luta / Versus,SemiCom,SemiCom,kr,,,,1996-01-01 00:00:00,sdfight.zip
41812,Arcade - MAME,Insector X,Shoot'em Up / Horizontal,Taito,Taito,wr,,,,1989-01-01 00:00:00,insectx.zip
42465,Arcade - MAME,Popeye,Plataforma / Corre e Pula,Nintendo,Nintendo,eu,,,,1982-01-01 00:00:00,popeye.zip
79041,Arcade - MAME,USAAF Mustang,Shoot'em Up / Horizontal,UPL,UPL,us,,,,1990-01-01 00:00:00,mustang.zip
37532,Arcade - MAME,Columns '97,Quebra-cabeças / Queda,SEGA,SEGA,us,,,,1996-01-01 00:00:00,colmns97.zip
43051,Arcade - MAME,Shogun Warriors,Luta / Versus,Kaneko,Kaneko,wr,,,,1992-01-01 00:00:00,shogwarr.zip
60823,Arcade - MAME,Off Road Challenge,Corrida / Pilotagem / Corrida em 3ª pessoa,Midway,Midway,us,,,,1997-01-01 00:00:00,offroadc.zip
79110,Arcade - MAME,The Outfoxies,Luta,Namco,Namco,wr,,,,1994-01-01 00:00:00,outfxies.zip
40130,Arcade - MAME,Bad Dudes vs. Dragonninja,Plataforma / Combate com rolagem,Data East,Data East,us,,,,1988-01-01 00:00:00,baddudes.zip
40426,Arcade - MAME,Cadash,Plataforma / Combate com rolagem,Taito,Taito,wr,,,,1989-01-01 00:00:00,cadash.zip
43039,Arcade - MAME,Shadow Dancer,Plataforma / Combate com rolagem,SEGA,SEGA,wr,,,,1990-01-01 00:00:00,shdancer.zip
42342,Arcade - MAME,Mace: The Dark Age,Luta / Versus,Atari,Atari,us,,,,1996-01-01 00:00:00,mace.zip
43460,Arcade - MAME,Survival Arts,Luta / Versus,Sekarabe,Sammy USA Corporation,wr,,,,1993-01-01 00:00:00,survarts.zip
44079,Arcade - MAME,Winding Heat,Corrida / Pilotagem / Corrida em 3ª pessoa,Konami,Konami,eu,,,,1996-01-01 00:00:00,windheat.zip
42859,Arcade - MAME,Strikers 1945 II,Shoot'em Up / Vertical,Psikyo,Psikyo,us,,,,1997-01-01 00:00:00,s1945ii.zip
41578,Arcade - MAME,Mobile Suit Gundam: EX Revue,Luta / 2D,Allumer,Banpresto,us,,,,1994-01-01 00:00:00,gundamex.zip
58787,Arcade - MAME,Final Fight Revenge,Luta / Versus,Capcom,Capcom,us,,,,1999-01-01 00:00:00,ffreveng.zip
43351,Arcade - MAME,Star Gladiator Episode I: Final Crusade,Luta / Versus,Capcom,Capcom,us,,,,1996-01-01 00:00:00,starglad.zip
41294,Arcade - MAME,Fighters' Impact A,Luta / Versus,Capcom,Taito,us,,,,1997-01-01 00:00:00,ftimpcta.zip
41223,Arcade - MAME,Final Lap 3,Corrida / Pilotagem / Corrida em 3ª pessoa,Namco,Namco,wr,,,,1992-01-01 00:00:00,finalap3.zip
40562,Arcade - MAME,Cisco Heat,Corrida / Pilotagem / Corrida em 3ª pessoa,Jaleco,Jaleco,us,,,,1990-01-01 00:00:00,cischeat.zip
40285,Arcade - MAME,Bells & Whistles,Shoot'em Up / Vertical,Konami,Konami,jp,,,,1991-01-01 00:00:00,detatwin.zip
79101,Arcade - MAME,OutRunners,Corrida / Pilotagem / Corrida em 3ª pessoa,SEGA,SEGA,wr,,,,1992-01-01 00:00:00,orunners.zip
63073,Arcade - MAME,Mortal Kombat 3,Luta / Versus,Midway,Midway,us,,,,1995-04-01 00:00:00,mk3.zip
42784,Arcade - MAME,Road Fighter,Corrida / Pilotagem / Corrida,Konami,Konami,us,,,,1984-01-01 00:00:00,roadf.zip
43469,Arcade - MAME,S.v.g. - Spectral Vs Generation,Luta / Versus,Idea Factory,IGS,us,,,,2005-01-01 00:00:00,svg.zip
79004,Arcade - MAME,Mobile Suit Gundam,Luta / 2D,Banpresto,Banpresto,us,,,,1993-01-01 00:00:00,msgundam.zip
41960,Arcade - MAME,Knuckle Bash,Luta / Versus Co-op,Toaplan,Toaplan,us,,,,1993-01-01 00:00:00,kbash.zip
37547,Arcade - MAME,Princess Clara Daisakusen,Ação / Labirinto,Atlus,Atlus,jp,,,,1996-01-01 00:00:00,prikura.zip
37320,Arcade - MAME,DoDonPachi,Shoot'em Up / Vertical,Cave,Atlus,us,,,,1997-02-05 00:00:00,ddonpach.zip
149735,Arcade - MAME,Go Go! Mile Smile,Ação / Labirinto,Fuuki,Fuuki,us,,,,1995-01-01 00:00:00,gogomile.zip
37541,Arcade - MAME,Guardian Force,Shoot'em Up / Vertical,Success,Success,us,,,,1998-01-01 00:00:00,grdforce.zip
44121,Arcade - MAME,World Rally,Corrida / Pilotagem / Corrida,Gaelco,Gaelco,us,,,,1993-01-01 00:00:00,wrally.zip
64299,Arcade - MAME,Snow Brothers 3 - Magical Adventure,Plataforma / Corre e Pula,Syrmex,Syrmex,us,,,,2002-01-01 00:00:00,snowbros3.zip
43046,Arcade - MAME,Shinobi,Plataforma / Combate com rolagem,SEGA,SEGA,us,,,,1987-01-01 00:00:00,shinobi.zip
41533,Arcade - MAME,Grid Seeker: Project Storm Hammer,Shoot'em Up / Vertical,Taito,Taito,us,,,,1992-01-01 00:00:00,gseeker.zip
42513,Arcade - MAME,Prop Cycle,Corrida / Pilotagem / Asa-Delta,Namco,Namco,wr,,,,1996-01-01 00:00:00,propcycl.zip
37533,Arcade - MAME,Cotton 2,Shoot'em Up / Horizontal,Success,Success,us,,,,1997-01-01 00:00:00,cotton2.zip
43359,Arcade - MAME,Star Sweep,Variados,Axela,Axela,wr,,,,1997-01-01 00:00:00,starswep.zip
40181,Arcade - MAME,Battle Chopper,Tiro / Avião,Irem,Irem,wr,,,,1987-01-01 00:00:00,bchopper.zip
43982,Arcade - MAME,Virtua Racing,Corrida / Pilotagem / Corrida em 1ª pessoa,SEGA,SEGA,us,,,,1992-01-01 00:00:00,vr.zip
40864,Arcade - MAME,Double Dragon 3 - The Rosetta Stone,Luta / 2.5D,Technos Japan,Technos Japan,us,,,,1990-01-01 00:00:00,ddragon3.zip
40214,Arcade - MAME,Big Fight - Big Trouble In The Atlantic Ocean,Luta / 2.5D,Tatsumi,Tatsumi,us,,,,1992-01-01 00:00:00,bigfight.zip
44032,Arcade - MAME,War Gods,Luta / Versus,Midway,Midway,us,,,,1995-01-01 00:00:00,wargods.zip
40356,Arcade - MAME,B.Rap Boys,Luta / 2.5D,Kaneko,Kaneko,wr,,,,1992-01-01 00:00:00,brapboys.zip
42838,Arcade - MAME,Rolling Thunder 2,Tiro / Run and Gun,Namco,Namco,us,,,,1990-01-01 00:00:00,rthun2.zip
43932,Arcade - MAME,Vendetta,Briga de rua,Konami,Konami,wr,,,,1991-01-01 00:00:00,vendetta2p.zip
41179,Arcade - MAME,Fatal Fury : Wild Ambition,Luta / Versus,SNK,SNK,us,,,,1998-01-01 00:00:00,fatfurwa.zip
43605,Arcade - MAME,ThunderJaws,Tiro / Horizontal,Atari,Atari,jp,,,,1990-01-01 00:00:00,thunderj.zip
41122,Arcade - MAME,E-swat - Cyber Police,Plataforma / Tiro com rolagem,SEGA,SEGA,wr,,,,1989-01-01 00:00:00,eswat.zip
37351,Arcade - MAME,Power Instinct 2,Luta / Versus,Atlus,Atlus,us,,,,1994-01-01 00:00:00,pwrinst2.zip
40801,Arcade - MAME,Daioh,Shoot'em Up / Vertical,Athena,Athena,us,,,,1993-01-01 00:00:00,daioh.zip
149461,Arcade - MAME,Bloody Roar,Luta,SCE,Raizing,us,1,278,2024-06-08 18:49:52,1997-01-01 00:00:00,beastrzr.zip
40075,Arcade - MAME,Asterix,Briga de rua,Konami,Konami,us,1,116,2024-06-08 18:37:18,1992-01-01 00:00:00,asterix.zip
40385,Arcade - MAME,Battle K-Road,Luta / Versus,Psikyo,Psikyo,us,1,909,2024-06-11 20:53:29,1994-01-01 00:00:00,btlkroad.zip
40999,Arcade - MAME,Dragon Blaze,Shoot'em Up / Vertical,Psikyo,Psikyo,us,1,134,2024-07-28 15:34:57,2000-05-01 00:00:00,dragnblz.zip
41814,Arcade - MAME,In the Hunt,Shoot'em Up / Horizontal,Irem,Irem,wr,2,801,2024-07-28 15:30:36,1993-01-01 00:00:00,inthunt.zip
41793,Arcade - MAME,Image Fight,Shoot'em Up / Vertical,Irem,Irem,wr,1,69,2024-07-28 15:32:13,1988-01-01 00:00:00,imgfight.zip
41536,Arcade - MAME,G-Stream G2020,Shoot'em Up / Vertical,Oriental Soft,Oriental Soft,us,1,2142,2024-08-14 09:00:58,2002-01-01 00:00:00,gstream.zip
39968,Arcade - MAME,Alex Kidd: The Lost Stars,Plataforma / Corre e Pula com rolagem,SEGA,SEGA,us,1,28,2024-09-13 21:37:42,1986-01-01 00:00:00,alexkidd.zip
44202,Arcade - MAME,Zero Team Usa,Luta / 2.5D,Seibu Kaihatsu,Fabtek,us,1,2543,2024-09-13 22:25:44,1993-01-01 00:00:00,zeroteam.zip
41000,Arcade - MAME,Dragon Gun,Tiro com Lightgun,Data East,Data East,us,1,2125,2024-10-13 09:15:56,1993-01-01 00:00:00,dragngun.zip
149432,Arcade - MAME,Double Dragon,Luta / 2.5D,Technos Japan,Taito,wr,1,201,2024-10-13 08:40:10,1987-01-01 00:00:00,ddragonw.zip
41995,Arcade - MAME,Kingdom Grandprix,Shoot'em Up / Vertical,Raizing,Raizing,us,1,286,2024-10-13 09:55:13,1994-01-01 00:00:00,kingdmgp.zip
41210,Arcade - MAME,Fighter's History,Luta / Versus,Data East,Data East,wr,9,506,2025-01-12 11:42:18,1993-01-01 00:00:00,fghthist.zip
40733,Arcade - MAME,Cruis'n USA,Corrida / Pilotagem / Corrida em 3ª pessoa,Midway,Midway,us,17,1061,2025-01-12 11:48:32,1994-01-01 00:00:00,crusnusa.zip
41176,Arcade - MAME,Fast Lane,Ação / Labirinto,Konami,Konami,us,5,208,2025-01-12 11:27:18,1987-01-01 00:00:00,fastlane.zip
40387,Arcade - MAME,Battletoads,Luta / 2.5D,Rareware,Electronic Arts,us,1,22,2025-01-19 11:34:30,1994-01-01 00:00:00,btoads.zip
43135,Arcade - MAME,Slip Stream,Corrida / Pilotagem / Corrida em 3ª pessoa,Capcom,Capcom,br,1,88,2025-01-31 06:43:22,1995-01-01 00:00:00,slipstrm.zip
43084,Arcade - MAME,Silent Dragon,Luta / 2.5D,Taito,Taito,wr,1,648,2025-01-31 06:54:46,1992-01-01 00:00:00,silentd.zip
42888,Arcade - MAME,Samurai Aces,Shoot'em Up / Vertical,Psikyo,Psikyo,jp,1,608,2025-01-31 06:41:06,1993-04-01 00:00:00,sngkace.zip
39939,Arcade - MAME,ZZZ(notgame):Acclaim Psx,Variados,Psikyo,Acclaim,us,1,608,2025-01-31 06:41:06,1995-01-01 00:00:00,acpsx.zip
43552,Arcade - MAME,Tekken 4,Luta / Versus,Namco,Namco,wr,1,608,2025-01-31 06:41:06,2001-07-01 00:00:00,tekken4.zip
40732,Arcade - MAME,Cruis'n Exotica,Corrida / Pilotagem / Corrida em 3ª pessoa,Namco,Midway,us,1,608,2025-01-31 06:41:06,1999-01-01 00:00:00,crusnexo.zip
40386,Arcade - MAME,Battle Tryst,Luta / Versus,Namco,Konami,us,1,608,2025-01-31 06:41:06,1998-01-01 00:00:00,btltryst.zip
43504,Arcade - MAME,ZZZ(notgame):Taito Gnet,Variados / Sistema,Namco,Taito,us,1,608,2025-01-31 06:41:06,1997-01-01 00:00:00,psyvarrv.zip
43504,Arcade - MAME,ZZZ(notgame):Taito Gnet,Variados / Sistema,Namco,Taito,us,1,608,2025-01-31 06:41:06,1997-01-01 00:00:00,chaoshea.zip
79111,Arcade - MAME,OutRun 2,Corrida / Pilotagem / Corrida em 3ª pessoa,SEGA,SEGA,us,1,608,2025-01-31 06:41:06,2003-01-01 00:00:00,outr2.zip
41363,Arcade - MAME,Gamshara,Tiro / Tiro em 3ª pessoa,Mitchell,Mitchell,wr,1,608,2025-01-31 06:41:06,2002-01-01 00:00:00,gamshara.zip
42001,Arcade - MAME,ZZZ(notgame):Kinnikuman Muscle Grand Prix,Luta / Versus,Mitchell,Namco,us,1,608,2025-01-31 06:41:06,2006-01-01 00:00:00,kinniku.zip
41443,Arcade - MAME,Gigandes,Shoot'em Up / Horizontal,East Technology,East Technology,us,1,608,2025-01-31 06:41:06,1989-01-01 00:00:00,gigandes.zip
44119,Arcade - MAME,ZZZ(notgame):World Pk Soccer,Variados / Eletromecânico,East Technology,Jaleco,us,1,608,2025-01-31 06:41:06,1995-01-01 00:00:00,wpksoc.zip
39906,Arcade - MAME,500 Gp,Corrida / Pilotagem / Corrida de moto em 3ª pessoa,Namco,Namco,wr,1,608,2025-01-31 06:41:06,1998-01-01 00:00:00,500gp.zip
152285,Arcade - MAME,G Darius,Shoot'em Up / Horizontal,Taito,Taito,us,1,608,2025-01-31 06:41:06,1997-01-01 00:00:00,gdarius.zip
43504,Arcade - MAME,ZZZ(notgame):Taito Gnet,Variados / Sistema,Taito,Taito,us,1,608,2025-01-31 06:41:06,1997-01-01 00:00:00,raycris.zip
42667,Arcade - MAME,Racin' Force,Corrida / Pilotagem / Corrida em 3ª pessoa,Taito,Konami,us,1,608,2025-01-31 06:41:06,1994-01-01 00:00:00,racinfrc.zip
43504,Arcade - MAME,ZZZ(notgame):Taito Gnet,Variados / Sistema,Taito,Taito,us,1,608,2025-01-31 06:41:06,1997-01-01 00:00:00,xiistag.zip
43504,Arcade - MAME,ZZZ(notgame):Taito Gnet,Variados / Sistema,Taito,Taito,us,1,608,2025-01-31 06:41:06,1997-01-01 00:00:00,shikigam.zip
43504,Arcade - MAME,ZZZ(notgame):Taito Gnet,Variados / Sistema,Taito,Taito,us,1,608,2025-01-31 06:41:06,1997-01-01 00:00:00,psyvaria.zip
43553,Arcade - MAME,Tekken 5.1,Luta / Versus,Namco,Namco,us,1,608,2025-01-31 06:41:06,2004-12-01 00:00:00,tekken51.zip
844,Master System,Enduro Racer,Corrida / Pilotagem / Corrida de moto em 3ª pessoa,SEGA,SEGA,eu,,,,1987-01-01 00:00:00,Enduro Racer (USA  Europe).zip
815,Master System,Rambo III,Tiro com Lightgun,SEGA,SEGA,eu,,,,1988-01-01 00:00:00,Rambo III (USA  Europe).zip
869,Master System,Captain Silver,Plataforma,SEGA,SEGA,us,,,,1989-09-01 00:00:00,Captain Silver (USA).zip
814,Master System,R-Type,Shoot'em Up / Horizontal,Compile,SEGA,wr,,,,1988-12-01 00:00:00,R-Type (World).zip
1007,Master System,Great Baseball,Esporte / Baseball,SEGA,SEGA,eu,,,,1987-01-01 00:00:00,Great Baseball (USA  Europe).zip
829,Master System,Mickey's Ultimate Challenge,Estratégia,Master Designer Software,Tectoy,br,,,,1994-01-01 00:00:00,Mickey's Ultimate Challenge (Brazil).zip
922,Master System,My Hero,Briga de rua,SEGA,SEGA,eu,,,,1987-01-01 00:00:00,My Hero (USA  Europe).zip
18492,Master System,Geraldinho,Plataforma,SEGA,Tectoy,br,,,,1994-01-01 00:00:00,Geraldinho (Brazil).zip
18466,Master System,As Aventuras da TV Colosso,Plataforma,SEGA,Tectoy,br,,,,1996-01-01 00:00:00,TV Colosso (Brazil).zip
854,Master System,Cyborg Hunter,Aventura,SEGA,SEGA,eu,,,,1989-01-01 00:00:00,Cyborg Hunter (USA  Europe).zip
18484,Master System,Fire & Ice,Plataforma / Corre e Pula com rolagem,Graftgold,Tectoy,br,,,,1993-01-01 00:00:00,Fire & Ice (Brazil).zip
901,Master System,Space Harrier 3-D,Tiro / Tiro em 3ª pessoa,SEGA,SEGA,eu,,,,1988-01-01 00:00:00,Space Harrier 3-D (USA  Europe).zip
979,Master System,R.C. Grand Prix,Corrida / Pilotagem,Absolute Entertainment,SEGA,eu,,,,1990-01-01 00:00:00,R.C. Grand Prix (USA  Europe).zip
877,Master System,Penguin Land,Plataforma,SEGA,SEGA,eu,,,,1987-01-01 00:00:00,Penguin Land (USA  Europe).zip
870,Master System,Out Run,Corrida / Pilotagem,SEGA AM2,SEGA,wr,,,,1987-10-01 00:00:00,Out Run (World).zip
931,Master System,Spy vs. Spy,Estratégia,SEGA,SEGA,eu,,,,1988-01-01 00:00:00,Spy vs. Spy (USA  Europe).zip
907,Master System,Pro Wrestling,Esporte / Luta Livre,SEGA,SEGA,eu,,,,1987-08-01 00:00:00,Pro Wrestling (USA  Europe).zip
846,Master System,James Bond 007 - The Duel,Plataforma,The Kremlin,Domark,br,,,,1993-01-01 00:00:00,James Bond 007 - The Duel (Brazil).zip
18540,Master System,Virtua Fighter Animation,Luta / 2D,Aspect,Tectoy,br,,,,1997-01-01 00:00:00,Virtua Fighter Animation (Brazil).zip
18508,Master System,Mortal Kombat 3,Luta / Versus,Software Creations,Tectoy,br,,,,1995-01-01 00:00:00,Mortal Kombat 3 (Brazil).zip
44282,Master System,Sports Pad Football,Esporte / Futebol americano,SEGA,SEGA,us,,,,1987-01-01 00:00:00,Sports Pad Football (USA).zip
912,Master System,Legend of Illusion Starring Mickey Mouse,Ação,Aspect,Tectoy,br,,,,1994-01-01 00:00:00,Legend of Illusion Starring Mickey Mouse (Brazil).zip
18463,Master System,20 em 1,Compilação,Tectoy,Tectoy,br,,,,1995-01-01 00:00:00,20 em 1 (Brazil).zip
830,Master System,Teddy Boy,Plataforma,SEGA,SEGA,eu,,,,1987-11-01 00:00:00,Teddy Boy (USA  Europe).zip
993,Master System,Montezuma's Revenge featuring Panama Joe,Ação,Parker Brothers,Parker Brothers,us,,,,1989-06-01 00:00:00,Montezuma's Revenge Featuring Panama Joe (USA).zip
881,Master System,Lord of the Sword,Aventura,SEGA,SEGA,eu,,,,1989-01-01 00:00:00,Lord of the Sword (USA  Europe).zip
989,Master System,F-16 Fighting Falcon,Tiro / Avião,Nexa,SEGA,us,,,,1986-01-01 00:00:00,F-16 Fighting Falcon (USA).zip
796,Master System,The Ninja,Tiro,SEGA,SEGA,eu,,,,1987-01-01 00:00:00,Ninja  The (USA  Europe).zip
1008,Master System,Great Basketball,Esporte / Basquete,SEGA,SEGA,wr,,,,1987-12-01 00:00:00,Great Basketball (World).zip
913,Master System,Pit Fighter,Luta,The Kremlin,Domark,br,,,,1990-01-01 00:00:00,Pit Fighter (Brazil).zip
894,Master System,Ecco : The Tides of Time,Aventura,Novotrade,Tectoy,br,,,,1996-01-01 00:00:00,Ecco - The Tides of Time (Brazil).zip
18473,Master System,Chapolim x Drácula : Um Duelo Assustador,Plataforma,SEGA,Tectoy,br,,,,1993-01-01 00:00:00,Chapolim x Dracula - Um Duelo Assustador (Brazil).zip
991,Master System,Bonkers Wax Up!,Plataforma,Al Baker & Associates,Tectoy,br,,,,1996-01-01 00:00:00,Bonkers Wax Up! (Brazil).zip
924,Master System,World Grand Prix,Corrida / Pilotagem,SEGA,SEGA,us,,,,1986-10-01 00:00:00,World Grand Prix (USA).zip
18507,Master System,Monopoly,Jogo de tabuleiro,Nexa,SEGA,us,,,,1988-09-01 00:00:00,Monopoly (USA).zip
18505,Master System,Missile Defense 3-D,Tiro com Lightgun,SEGA,SEGA,eu,,,,1987-10-01 00:00:00,Missile Defense 3-D (USA  Europe).zip
772,Master System,Altered Beast,Briga de rua,SEGA,SEGA,eu,,,,1989-01-01 00:00:00,Altered Beast (USA  Europe).zip
805,Master System,Transbot,Shoot'em Up,SEGA,SEGA,eu,,,,1987-01-01 00:00:00,TransBot (USA  Europe).zip
827,Master System,Sapo Xule : O Mestre do Kung Fu,Briga de rua,SEGA,SEGA,br,,,,1995-01-01 00:00:00,Sapo Xule - O Mestre do Kung Fu (Brazil).zip
849,Master System,Thunder Blade,Shoot'em Up,SEGA,SEGA,eu,,,,1988-11-05 00:00:00,Thunder Blade (USA  Europe).zip
18467,Master System,Baku Baku,Quebra-cabeças,SEGA,Tectoy,br,,,,1998-01-01 00:00:00,Baku Baku Animal (Brazil).zip
783,Master System,Where in the World is Carmen Sandiego?,Aventura,Venture Technologies,Parker Brothers,br,,,,1989-01-01 00:00:00,Where in the World is Carmen Sandiego (Brazil).zip
944,Master System,Blade Eagle 3-D,Shoot'em Up / Vertical,SEGA,SEGA,wr,,,,1988-09-01 00:00:00,Blade Eagle (World).zip
64905,Master System,Marksman Shooting & Trap Shooting,Compilação,SEGA,SEGA,us,,,,1986-01-01 00:00:00,Marksman Shooting & Trap Shooting (USA).zip
976,Master System,Dynamite Headdy,Ação,Minato Giken,SEGA,br,,,,1995-01-01 00:00:00,Dynamite Headdy (Brazil).zip
978,Master System,Great Volleyball,Esporte / Voleibol,SEGA,SEGA,eu,,,,1987-01-01 00:00:00,Great Volleyball (USA  Europe).zip
839,Master System,Rastan,Plataforma / Combate com rolagem,Taito,Taito,eu,,,,1989-01-01 00:00:00,Rastan (USA  Europe).zip
863,Master System,Galaxy Force,Tiro / Avião em 3ª pessoa,SEGA AM2,SEGA,us,,,,1989-01-01 00:00:00,Galaxy Force (USA).zip
761,Master System,Shinobi,Briga de rua,SEGA,SEGA,eu,,,,1988-01-01 00:00:00,Shinobi (USA  Europe).zip
856,Master System,Sonic Blast,Plataforma,Aspect,Tectoy,br,,,,1997-01-01 00:00:00,Sonic Blast (Brazil).zip
867,Master System,Rampage,Luta / 2D,SEGA,SEGA,eu,,,,1989-07-01 00:00:00,Rampage (USA  Europe).zip
791,Master System,Bomber Raid,Shoot'em Up / Vertical,Sanritsu,SEGA,wr,,,,1989-01-01 00:00:00,Bomber Raid (World).zip
949,Master System,Time Soldiers,Aventura,ADK,SEGA,eu,,,,1989-01-01 00:00:00,Time Soldiers (USA  Europe).zip
923,Master System,Predator 2,Tiro,Teeny Weeny Games,Arena Entertainment,br,,,,1992-01-01 00:00:00,Predator 2 (Brazil).zip
18525,Master System,Sitio do Picapau Amarelo,Plataforma,Tectoy,Tectoy,br,,,,1997-01-01 00:00:00,Sitio do Picapau Amarelo (Brazil).zip
18545,Master System,X-Men : Mojo World,Plataforma,SEGA,Tectoy,br,,,,1996-01-01 00:00:00,X-Men - Mojo World (Brazil).zip
778,Master System,Alex Kidd in Shinobi World,Plataforma,SEGA,SEGA,eu,,,,1990-01-01 00:00:00,Alex Kidd in Shinobi World (USA  Europe).zip
964,Master System,Fantasy Zone : The Maze,Ação / Labirinto,SEGA,SEGA,eu,,,,1988-01-01 00:00:00,Fantasy Zone - The Maze (USA  Europe).zip
865,Master System,Paperboy,Esporte / Ciclismo,Tiertex,U.S. Gold,us,,,,1990-01-01 00:00:00,Paperboy (USA).zip
810,Master System,Ghouls'n Ghosts,Plataforma,Capcom,SEGA,eu,,,,1991-04-01 00:00:00,Ghouls'n Ghosts (USA  Europe).zip
807,Master System,Ghostbusters,Plataforma,Compile,SEGA,eu,,,,1989-01-01 00:00:00,Ghostbusters (USA  Europe).zip
835,Master System,Power Strike,Shoot'em Up / Vertical,SEGA,SEGA,eu,,,,1988-01-01 00:00:00,Power Strike (USA  Europe).zip
793,Master System,Rambo : First Blood Part II,Tiro / Run and Gun,SEGA,SEGA,us,,,,1986-01-01 00:00:00,Rambo - First Blood Part II (USA).zip
767,Master System,Wonder Boy,Plataforma,Escape,SEGA,eu,,,,1987-01-01 00:00:00,Wonder Boy (USA  Europe).zip
915,Master System,Zillion II : The Tri Formation,Plataforma,SEGA,SEGA,wr,,,,1988-07-01 00:00:00,Zillion II - The Tri Formation (World).zip
936,Master System,Zaxxon 3-D,Shoot'em Up,SEGA,SEGA,wr,,,,1988-03-01 00:00:00,Zaxxon 3-D (World).zip
934,Master System,Chuck Rock 2 - Son Of Chuck,Plataforma,Core Design,SEGA,br,,,,1993-01-01 00:00:00,Chuck Rock II - Son of Chuck (Brazil).zip
918,Master System,Sapo Xule: S.O.S. Lagoa Poluida,Shoot'em Up / Vertical,SEGA,SEGA,br,,,,1995-01-01 00:00:00,Sapo Xule - S.O.S Lagoa Poluida (Brazil).zip
18524,Master System,Shooting Gallery,Tiro com Lightgun,SEGA,SEGA,eu,,,,1987-08-01 00:00:00,Shooting Gallery (USA  Europe).zip
834,Master System,Aztec Adventure : The Golden Road to Paradise,Estratégia,SEGA,SEGA,wr,,,,1988-03-01 00:00:00,Aztec Adventure - The Golden Road to Paradise (World).zip
921,Master System,Maze Hunter 3-D,Ação / Labirinto,SEGA,SEGA,eu,,,,1988-01-01 00:00:00,Maze Hunter 3-D (USA  Europe).zip
18539,Master System,Turma da Mônica em: O Resgate,Jogos de RPG,SEGA,Tectoy,br,,,,1993-01-01 00:00:00,Turma da Monica em O Resgate (Brazil).zip
18510,Master System,Parlour Games,Esporte,Compile,SEGA,eu,,,,1988-01-01 00:00:00,Parlour Games (USA  Europe).zip
866,Master System,Spider-Man,Plataforma,Technopop,SEGA,eu,,,,1991-01-01 00:00:00,Spider-Man vs. The Kingpin (USA  Europe).zip
18471,Master System,Castelo Rá-Tim-Bum,Aventura,Tectoy,Tectoy,br,,,,1997-09-01 00:00:00,Castelo Ra-Tim-Bum (Brazil).zip
758,Master System,Wonder Boy III : The Dragon's Trap,Plataforma,Westone,SEGA,eu,,,,1989-01-01 00:00:00,Wonder Boy III - The Dragon's Trap (USA  Europe).zip
840,Master System,California Games,Esporte / Poliesportivo,Epyx,SEGA,eu,,,,1989-01-01 00:00:00,California Games (USA  Europe).zip
880,Master System,Dead Angle,Tiro / Tiro em 3ª pessoa,SEGA,SEGA,eu,,,,1990-01-01 00:00:00,Dead Angle (USA  Europe).zip
808,Master System,Alex Kidd : The Lost Stars,Plataforma,SEGA,SEGA,wr,,,,1988-01-01 00:00:00,Alex Kidd - The Lost Stars (World).zip
18468,Master System,Battlemaniacs ,Briga de rua,Rareware,Tectoy,br,,,,1994-01-01 00:00:00,Battlemaniacs (Brazil).zip
857,Master System,Vigilante,Briga de rua,SEGA,SEGA,eu,,,,1989-01-01 00:00:00,Vigilante (USA  Europe).zip
802,Master System,Street Fighter II,Luta,Tectoy,Tectoy,br,,,,1997-01-01 00:00:00,Street Fighter II (Brazil).zip
1000,Master System,Quest for the Shaven Yak Starring Ren Hoek & Stimp,Plataforma,Realtime Associates,Tectoy,br,,,,1993-01-01 00:00:00,Quest for the Shaven Yak Starring Ren Hoek & Stimpy (Brazil).zip
784,Master System,Golden Axe,Briga de rua,Team Shinobi,SEGA,eu,,,,1989-01-01 00:00:00,Golden Axe (USA  Europe).zip
18489,Master System,Game Box Serie Esportes Radicais,Esporte,Epyx,Tectoy,br,,,,1989-01-01 00:00:00,Game Box Serie Esportes Radicais (Brazil).zip
18496,Master System,Hang-On & Astro Warrior,Compilação,SEGA,SEGA,us,,,,1986-01-01 00:00:00,Hang-On & Astro Warrior (USA).zip
871,Master System,Strider,Plataforma / Combate com rolagem,Tiertex,SEGA,eu,,,,1991-11-01 00:00:00,Strider (USA  Europe).zip
18477,Master System,Ariel : The Little Mermaid,Plataforma,BlueSky Software,Tectoy,br,,,,1993-01-01 00:00:00,Ariel - The Little Mermaid (Brazil).zip
763,Master System,Alex Kidd : High-Tech World,Plataforma,SEGA,SEGA,eu,,,,1989-10-01 00:00:00,Alex Kidd - High-Tech World (USA  Europe).zip
811,Master System,Terminator  The,Plataforma / Tiro com rolagem,Probe Software,Virgin,br,,,,1992-08-01 00:00:00,Terminator  The (Brazil).zip
998,Master System,Quartet,Plataforma,SEGA,SEGA,eu,,,,1987-01-01 00:00:00,Quartet (USA  Europe).zip
873,Master System,Rainbow Islands,Plataforma,Taito,SEGA,br,,,,1993-01-01 00:00:00,Rainbow Islands - The Story of Bubble Bobble 2 (Brazil).zip
838,Master System,Choplifter,Shoot'em Up / Horizontal,SEGA,SEGA,eu,,,,1987-08-01 00:00:00,Choplifter (USA  Europe).zip
862,Master System,Golvellius : Valley of Doom,Aventura,Compile,SEGA,eu,,,,1988-01-01 00:00:00,Golvellius (USA  Europe).zip
833,Master System,Ghost House,Plataforma,SEGA,SEGA,eu,,,,1987-08-01 00:00:00,Ghost House (USA  Europe).zip
852,Master System,Alien Syndrome,Tiro / Run and Gun,Sanritsu Denki,SEGA,eu,,,,1988-01-01 00:00:00,Alien Syndrome (USA  Europe).zip
946,Master System,Casino Games,Cassino,Compile,SEGA,eu,,,,1989-11-01 00:00:00,Casino Games (USA  Europe).zip
891,Master System,Miracle Warriors : Seal of the Dark Lord,Jogos de RPG / RPG Japonês,Kogado,SEGA,eu,,,,1988-11-01 00:00:00,Miracle Warriors - Seal of the Dark Lord (USA  Europe).zip
917,Master System,Slap Shot,Esporte / Hóquei,Sims,SEGA,us,,,,1990-01-01 00:00:00,Slap Shot (USA).zip
984,Master System,James 'Buster' Douglas Knockout Boxing,Esporte / Boxe,Sims,SEGA,us,,,,1990-01-01 00:00:00,James 'Buster' Douglas Knockout Boxing (USA).zip
762,Master System,Double Dragon,Briga de rua,Arc System Works,SEGA,wr,,,,1988-01-01 00:00:00,Double Dragon (World).zip
861,Master System,Cloud Master,Shoot'em Up / Horizontal,Opera House,SEGA,eu,,,,1989-01-01 00:00:00,Cloud Master (USA  Europe).zip
974,Master System,Reggie Jackson Baseball,Esporte / Baseball,SEGA,SEGA,us,,,,1988-01-01 00:00:00,Reggie Jackson Baseball (USA).zip
821,Master System,Black Belt,Briga de rua,SEGA,SEGA,eu,,,,1987-08-01 00:00:00,Black Belt (USA  Europe).zip
898,Master System,World Soccer,Esporte / Futebol,SEGA,SEGA,wr,,,,1987-10-01 00:00:00,World Soccer (World).zip
945,Master System,Dick Tracy,Briga de rua,SEGA,SEGA,eu,,,,1991-04-01 00:00:00,Dick Tracy (USA  Europe).zip
1003,Master System,Great Golf,Esporte / Golfe,SEGA,SEGA,wr,,,,1987-11-01 00:00:00,Great Golf (World).zip
950,Master System,Wanted,Tiro com Lightgun,Sanritsu Denki,SEGA,eu,,,,1989-11-01 00:00:00,Wanted (USA  Europe).zip
824,Master System,Ys : The Vanished Omens,Jogos de RPG,SEGA,SEGA,eu,,,,1989-01-01 00:00:00,Ys - The Vanished Omens (USA  Europe).zip
794,Master System,Golden Axe Warrior,Jogos de RPG,SEGA,SEGA,eu,,,,1991-05-01 00:00:00,Golden Axe Warrior (USA  Europe).zip
872,Master System,Columns,Quebra-cabeças / Queda,SEGA,SEGA,eu,,,,1990-12-01 00:00:00,Columns (USA  Europe).zip
1005,Master System,Walter Payton Football,Esporte / Futebol americano,SEGA,SEGA,us,,,,1989-04-01 00:00:00,Walter Payton Football (USA).zip
848,Master System,Fantasy Zone II,Shoot'em Up,SEGA,SEGA,eu,,,,1988-01-01 00:00:00,Fantasy Zone II - The Tears of Opa-Opa (USA  Europe).zip
925,Master System,Hang-On & Safari Hunt,Corrida / Pilotagem,SEGA,SEGA,us,,,,1986-09-01 00:00:00,Hang-On & Safari Hunt (USA).zip
18534,Master System,Taz in Escape from Mars,Plataforma,Tectoy,Tectoy,br,,,,1996-01-01 00:00:00,Taz in Escape from Mars (Brazil).zip
989,Master System,F-16 Fighter,Tiro / Avião,Nexa,SEGA,eu,,,,1987-10-01 00:00:00,F-16 Fighter (USA  Europe).zip
783,Master System,Where in the World is Carmen Sandiego?,Aventura,Venture Technologies,Parker Brothers,us,,,,1989-01-01 00:00:00,Where in the World is Carmen Sandiego (USA).zip
972,Master System,California Games 2,Esporte / Poliesportivo,Probe Software,SEGA,kr,,,,1993-01-01 00:00:00,California Games II (Brazil  Korea).zip
827,Master System,Kung Fu Kid,Briga de rua,SEGA,SEGA,eu,,,,1988-01-01 00:00:00,Kung Fu Kid (USA  Europe).zip
822,Master System,Kenseiden,Plataforma,SEGA,SEGA,eu,,,,1988-01-01 00:00:00,Kenseiden (USA  Europe).zip
18502,Master System,Joe Montana Football,Esporte / Futebol americano,SEGA,SEGA,eu,,,,1990-01-01 00:00:00,Joe Montana Football (USA  Europe).zip
785,Master System,Sapo Xule Vs Os Invasores do Brejo,Plataforma,Vic Tokai,SEGA,br,,,,1995-01-01 00:00:00,Sapo Xule vs. Os Invasores do Brejo (Brazil).zip
817,Master System,Alf,Aventura,SEGA,SEGA,us,,,,1989-01-01 00:00:00,Alf (USA).zip
973,Master System,Shanghai,Jogo de tabuleiro Asiático / Mahjong,SEGA,SEGA,eu,,,,1988-01-01 00:00:00,Shanghai (USA  Europe).zip
885,Master System,Gangster Town,Tiro com Lightgun,SEGA,SEGA,eu,,,,1987-01-01 00:00:00,Gangster Town (USA  Europe).zip
785,Master System,Psycho Fox,Plataforma,Vic Tokai,SEGA,eu,,,,1989-01-01 00:00:00,Psycho Fox (USA  Europe).zip
768,Master System,Phantasy Star,Jogos de RPG,SEGA,SEGA,br,,,,1991-10-01 00:00:00,Phantasy Star (Brazil).zip
879,Master System,Rescue Mission,Tiro com Lightgun,SEGA,SEGA,eu,,,,1988-01-01 00:00:00,Rescue Mission (USA  Europe).zip
837,Master System,Super Monaco GP,Corrida / Pilotagem,SEGA,SEGA,us,,,,1990-09-01 00:00:00,Super Monaco GP (USA).zip
764,Master System,Wonder Boy in Monster Land,Plataforma,SEGA,SEGA,eu,,,,1988-01-01 00:00:00,Wonder Boy in Monster Land (USA  Europe).zip
983,Master System,Great Football,Esporte / Futebol americano,SEGA,SEGA,wr,,,,1987-07-01 00:00:00,Great Football (World).zip
832,Master System,After Burner,Tiro / Avião em 3ª pessoa,SEGA,SEGA,wr,,,,1988-01-01 00:00:00,After Burner (World).zip
18483,Master System,Férias Frustradas do Pica Pau,Plataforma,Tectoy,Tectoy,br,,,,1996-01-01 00:00:00,Ferias Frustradas do Pica Pau (Brazil).zip
18464,Master System,Aerial Assault,Shoot'em Up / Horizontal,Sanritsu Denki,SEGA,us,,,,1990-01-01 00:00:00,Aerial Assault (USA).zip
982,Master System,Poseidon Wars 3-D,Simulação,SEGA,SEGA,eu,,,,1989-01-01 00:00:00,Poseidon Wars 3-D (USA  Europe).zip
874,Master System,Rocky,Esporte / Boxe,SEGA,SEGA,wr,,,,1987-01-01 00:00:00,Rocky (World).zip
18506,Master System,Mônica no Castelo do Dragão,Plataforma,Westone,Tectoy,br,,,,1991-12-01 00:00:00,Monica no Castelo do Dragao (Brazil).zip
760,Master System,Super Tennis,Esporte / Tênis,SEGA,SEGA,eu,,,,1987-01-01 00:00:00,Super Tennis (USA  Europe).zip
980,Master System,Winter Olympics : Lillehammer '94,Esporte / Poliesportivo,Tiertex,U.S. Gold,eu,,,,1994-01-01 00:00:00,Winter Olympics - Lillehammer '94 (Brazil) (En Fr De Es It Pt Sv No).zip
18529,Master System,SpellCaster,Aventura,SEGA,SEGA,eu,,,,1989-01-01 00:00:00,SpellCaster (USA  Europe).zip
759,Master System,Castle of Illusion Starring Mickey Mouse,Plataforma / Corre e Pula com rolagem,SEGA,SEGA,us,,,,1991-02-01 00:00:00,Castle of Illusion Starring Mickey Mouse (USA).zip
938,Master System,Global Defense,Shoot'em Up,SEGA,SEGA,eu,,,,1988-03-01 00:00:00,Global Defense (USA  Europe).zip
804,Master System,Earthworm Jim,Plataforma,Shiny Entertainment,Tectoy,br,,,,1996-01-01 00:00:00,Earthworm Jim (Brazil).zip
823,Master System,King's Quest : Quest for the Crown,Aventura,Sierra,Parker Brothers,us,,,,1989-01-01 00:00:00,King's Quest - Quest for the Crown (USA).zip
800,Master System,Michael Jackson's Moonwalker,Plataforma,ARC,SEGA,eu,,,,1991-02-01 00:00:00,Michael Jackson's Moonwalker (USA  Europe).zip
754,Master System,Alex Kidd in Miracle World,Plataforma / Corre e Pula,SEGA,SEGA,eu,4,65,2024-06-22 14:01:28,1987-09-01 00:00:00,Alex Kidd in Miracle World (USA  Europe).zip
896,Master System,Fifa International Soccer,Esporte / Futebol,Tectoy,EA Sports,eu,4,65,2024-06-22 14:01:28,1987-09-01 00:00:00,FIFA International Soccer (Brazil) (En Es Pt).zip
755,Master System,Sonic the Hedgehog,Plataforma,Ancient,SEGA,eu,4,65,2024-06-22 14:01:28,1991-10-25 00:00:00,Sonic The Hedgehog (USA  Europe).zip
95,Mega Drive,Ecco : The Tides of Time,Aventura,Novotrade,SEGA,us,,,,1994-11-01 00:00:00,Ecco - The Tides of Time (USA).zip
140,Mega Drive,Vectorman,Plataforma,BlueSky Software,SEGA,eu,,,,1995-11-30 00:00:00,Vectorman (USA  Europe).zip
1183,Mega Drive,Sonic & Knuckles + Sonic the Hedgehog : Blue Sphere,Plataforma,SEGA,SEGA,wr,,,,1994-10-18 00:00:00,Sonic & Knuckles + Sonic The Hedgehog (World).zip
321,Mega Drive,Goofy's Hysterical History Tour,Ação,Imagineer,Absolute Entertainment,us,,,,1993-01-01 00:00:00,Goofy's Hysterical History Tour (USA).zip
224,Mega Drive,The Legend of Galahad,Plataforma,Psygnosis,Electronic Arts,eu,,,,1992-11-01 00:00:00,Legend of Galahad  The (USA  Europe).zip
363,Mega Drive,Atomic Robo-Kid,Shoot'em Up / Horizontal,Microniccs,Treco,us,,,,1990-12-13 00:00:00,Atomic Robo-Kid (USA).zip
1232,Mega Drive,Wolfchild,Ação,Core Design,Core Design,us,,,,1993-01-01 00:00:00,Wolfchild (USA).zip
352,Mega Drive,Double Dragon V : The Shadow Falls,Luta,Leland Interactive Media,Tradewest,us,,,,1994-08-05 00:00:00,Double Dragon V - The Shadow Falls (USA).zip
12,Mega Drive,Mortal Kombat,Ação,Midway,Acclaim,wr,,,,1993-01-01 00:00:00,Mortal Kombat (World).zip
237,Mega Drive,Strider Returns : Journey from Darkness,Plataforma / Combate com rolagem,Tiertex,Capcom,us,,,,1993-01-01 00:00:00,Strider Returns - Journey from Darkness (USA).zip
18430,Mega Drive,Show do Milhao Volume 2,Quiz,Tectoy,Tectoy,br,,,,2002-01-01 00:00:00,Show do Milhao Volume 2 (Brazil).zip
190,Mega Drive,James Bond 007 : The Duel,Plataforma,Domark,Domark,us,,,,1993-03-01 00:00:00,James Bond 007 - The Duel (USA).zip
85,Mega Drive,Ghostbusters,Ação,Compile,SEGA,wr,,,,1990-08-01 00:00:00,Ghostbusters (World).zip
149,Mega Drive,The Simpsons : Bart vs. the Space Mutants,Plataforma,Arc Developments,Flying Edge,eu,,,,1992-07-01 00:00:00,Simpsons  The - Bart vs. the Space Mutants (USA  Europe).zip
254,Mega Drive,Wolverine : Adamantium Rage,Plataforma,Teeny Weeny Games,Acclaim,eu,,,,1994-12-01 00:00:00,Wolverine - Adamantium Rage (USA  Europe).zip
97,Mega Drive,Virtua Racing,Corrida / Pilotagem,SEGA,SEGA,us,,,,1994-03-14 00:00:00,Virtua Racing (USA).zip
181,Mega Drive,Beauty and the Beast : Roar of the Beast,Aventura,Sunsoft,Sunsoft,us,,,,1993-01-01 00:00:00,Beauty and the Beast - Roar of the Beast (USA).zip
119,Mega Drive,Road Rash,Luta / 2.5D,Electronic Arts,Electronic Arts,eu,,,,1991-09-01 00:00:00,Road Rash (USA  Europe).zip
18,Mega Drive,Mortal Kombat III,Luta / Versus,Midway,Acclaim,us,,,,1995-01-01 00:00:00,Mortal Kombat 3 (USA).zip
1187,Mega Drive,Sonic The Hedgehog 3,Ação,Sonic Team,SEGA,us,,,,1994-01-23 00:00:00,Sonic The Hedgehog 3 (USA).zip
39,Mega Drive,The Revenge of Shinobi,Plataforma / Combate com rolagem,SEGA,SEGA,eu,,,,1990-10-01 00:00:00,Revenge of Shinobi  The (USA  Europe).zip
83,Mega Drive,Eternal Champions,Luta / Versus,SEGA,SEGA,us,,,,1993-12-01 00:00:00,Eternal Champions (USA).zip
52,Mega Drive,The Adventures of Batman & Robin,Ação,Clockworks Entertainment,SEGA,us,,,,1995-01-01 00:00:00,Adventures of Batman & Robin  The (USA).zip
169,Mega Drive,Gargoyles,Plataforma,Buena Vista Interactive,Disney Interactive,us,,,,1995-01-01 00:00:00,Gargoyles (USA).zip
133,Mega Drive,Chakan,Plataforma,SEGA,SEGA,eu,,,,1992-12-14 00:00:00,Chakan (USA  Europe).zip
248,Mega Drive,Ex-Mutants,Plataforma,Malibu Games,SEGA,eu,,,,1992-12-18 00:00:00,Ex-Mutants (USA  Europe).zip
75,Mega Drive,The Jungle Book,Plataforma,Virgin,Disney Interactive,us,,,,1994-07-01 00:00:00,Jungle Book  The (USA).zip
72,Mega Drive,Rocket Knight Adventures,Ação,Konami,Konami,us,,,,1993-08-01 00:00:00,Rocket Knight Adventures (USA).zip
114,Mega Drive,Super Hang On,Corrida / Pilotagem / Corrida de moto em 3ª pessoa,SEGA,SEGA,jp,,,,1989-11-06 00:00:00,Super Hang-On (World) (En Ja).zip
30,Mega Drive,Phantasy Star IV,Jogos de RPG,SEGA,SEGA,us,,,,1994-01-01 00:00:00,Phantasy Star IV (USA).zip
207,Mega Drive,Spider-Man & X-Men : Arcade's Revenge,Plataforma,Software Creations,Acclaim,eu,,,,1993-11-01 00:00:00,Spider-Man - X-Men - Arcade's Revenge (USA  Europe).zip
445,Mega Drive,Virtual Bart,Plataforma,Sculptured Software,Acclaim,wr,,,,1994-01-01 00:00:00,Virtual Bart (World).zip
74,Mega Drive,Toy Story,Plataforma,Disney Interactive,Disney Interactive,us,,,,1996-04-26 00:00:00,Toy Story (USA).zip
276,Mega Drive,Where in Time is Carmen Sandiego?,Aventura,Brøderbund Software,Electronic Arts,eu,,,,1992-04-01 00:00:00,Where in Time Is Carmen Sandiego (Brazil) (Es Pt).zip
220,Mega Drive,X-Men,Plataforma,Western Technologies,SEGA,us,,,,1993-01-01 00:00:00,X-Men (USA).zip
307,Mega Drive,The Addams Family,Plataforma,Ocean,Flying Edge,eu,,,,1993-01-01 00:00:00,Addams Family  The (USA  Europe).zip
1240,Mega Drive,Clan of Heroes - Generals of the Yang Family,Briga de rua,Taiwan Information,Piko Interactive,wr,,,,2017-01-30 00:00:00,Generals of the Yang Family (World).zip
162,Mega Drive,OutRun,Corrida / Pilotagem,SEGA,SEGA,eu,,,,1991-10-01 00:00:00,OutRun (USA  Europe).zip
161,Mega Drive,Taz in Escape from Mars,Plataforma,SEGA,SEGA,us,,,,1994-06-19 00:00:00,Taz in Escape from Mars (USA).zip
1216,Mega Drive,Turma da Mônica na Terra dos Monstros,Plataforma,Westone,Tectoy,br,,,,1994-01-01 00:00:00,Turma da Monica na Terra dos Monstros (Brazil).zip
15,Mega Drive,Altered Beast,Briga de rua,SEGA,SEGA,eu,,,,1990-11-30 00:00:00,Altered Beast (USA  Europe).zip
213,Mega Drive,Rock n' Roll Racing,Corrida / Pilotagem,Blizzard Entertainment,Interplay,us,,,,1994-01-01 00:00:00,Rock n' Roll Racing (USA).zip
547,Mega Drive,The Great Waldo Search,Estratégia,Radiance Software,THQ,us,,,,1992-01-01 00:00:00,Great Waldo Search  The (USA).zip
245,Mega Drive,Demolition Man,Ação,Digital Extremes,Acclaim,eu,,,,1995-01-01 00:00:00,Demolition Man (USA  Europe).zip
34,Mega Drive,Alex Kidd in the Enchanted Castle,Plataforma,SEGA,SEGA,us,,,,1989-08-14 00:00:00,Alex Kidd in the Enchanted Castle (USA).zip
324,Mega Drive,The Flintstones,Ação,Taito,Taito,us,,,,1993-10-22 00:00:00,Flintstones  The (USA).zip
268176,Mega Drive,Demons of Asteborg,Plataforma,Neofid,Neofid,wr,,,,2021-08-04 00:00:00,Demons of Asteborg (World).zip
6,Mega Drive,Landstalker,Jogos de RPG,Climax,SEGA,us,,,,1993-10-01 00:00:00,Landstalker (USA).zip
1185,Mega Drive,Sonic & Knuckles + Sonic The Hedgehog 3,Plataforma / Corre e Pula com rolagem,Sonic Team,SEGA,wr,,,,1994-10-18 00:00:00,Sonic & Knuckles + Sonic The Hedgehog 3 (World).zip
144,Mega Drive,Prince of Persia,Plataforma,Brøderbund Software,Domark,us,,,,1994-01-01 00:00:00,Prince of Persia (USA).zip
28,Mega Drive,Golden Axe,Briga de rua,Team Shinobi,SEGA,wr,,,,1990-02-01 00:00:00,Golden Axe (World).zip
543,Mega Drive,NBA Live 98,Esporte / Basquete,EA Sports,Electronic Arts,us,,,,1997-01-01 00:00:00,NBA Live 98 (USA).zip
155446,Mega Drive,Water Margin : The Tales of Clouds and Winds,Briga de rua,Never Ending Soft Team,Piko Interactive,us,,,,2015-08-07 00:00:00,Water Margin - The Tales of Clouds and Winds (USA).zip
35,Mega Drive,Comix Zone,Ação,SEGA,SEGA,us,,,,1995-08-02 00:00:00,Comix Zone (USA).zip
107,Mega Drive,The Lost World : Jurassic Park,Tiro,Appaloosa,SEGA,eu,,,,1997-10-01 00:00:00,Lost World  The - Jurassic Park (USA  Europe).zip
269,Mega Drive,Back to the Future Part III,Aventura,Probe Software,Image Works,us,,,,1991-01-01 00:00:00,Back to the Future Part III (USA).zip
38,Mega Drive,Kid Chameleon,Aventura,SEGA,SEGA,eu,,,,1992-05-01 00:00:00,Kid Chameleon (USA  Europe).zip
258,Mega Drive,Captain America and the Avengers,Ação,Data East,Data East,us,,,,1992-12-01 00:00:00,Captain America and the Avengers (USA).zip
22,Mega Drive,Castle of Illusion Starring Mickey Mouse,Plataforma / Corre e Pula com rolagem,SEGA,SEGA,eu,,,,1990-11-22 00:00:00,Castle of Illusion Starring Mickey Mouse (USA  Europe).zip
198780,Mega Drive,Xeno Crisis,Tiro / Run and Gun,Bitmap Bureau,Bitmap Bureau,wr,,,,2019-10-30 00:00:00,Xeno Crisis (World).zip
70,Mega Drive,Donald in Maui Mallard,Plataforma,Disney Interactive,Eurocom,br,,,,1991-12-19 00:00:00,Donald in Maui Mallard (Brazil).zip
26,Mega Drive,Ecco the Dolphin,Ação,Novotrade,SEGA,eu,,,,1992-12-01 00:00:00,Ecco the Dolphin (USA  Europe).zip
61,Mega Drive,Golden Axe III,Ação,SEGA,SEGA,jp,,,,1993-06-25 00:00:00,Golden Axe III (Japan).zip
94,Mega Drive,Jurassic Park : Rampage Edition,Plataforma,BlueSky Software,SEGA,eu,,,,1994-11-01 00:00:00,Jurassic Park - Rampage Edition (USA  Europe).zip
522,Mega Drive,Side Pocket,Esporte / Sinuca,Data East,Data East,us,,,,1992-01-01 00:00:00,Side Pocket (USA).zip
151,Mega Drive,Mega Man : The Wily Wars,Plataforma,Capcom,Capcom,us,,,,1994-10-20 00:00:00,Megaman The Wily Wars (USA).zip
18391,Mega Drive,High Seas Havoc,Ação,Data East,Codemasters,us,,,,1993-01-01 00:00:00,High Seas Havoc (USA).zip
270,Mega Drive,Justice League Task Force,Luta,Blizzard Entertainment,Acclaim,wr,,,,1995-01-01 00:00:00,Justice League Task Force (World).zip
116,Mega Drive,The Terminator,Plataforma / Tiro com rolagem,Probe Software,Virgin,us,,,,1992-01-01 00:00:00,Terminator  The (USA).zip
295,Mega Drive,T2 : The Arcade Game,Tiro com Lightgun,Arena Entertainment,Acclaim,eu,,,,1993-01-01 00:00:00,T2 - The Arcade Game (USA  Europe).zip
45,Mega Drive,Ghouls'n Ghosts,Plataforma,Capcom,Capcom,eu,,,,1990-11-01 00:00:00,Ghouls'n Ghosts (USA  Europe).zip
356,Mega Drive,Bugs Bunny in Double Trouble,Ação,SEGA,SEGA,us,,,,1996-01-01 00:00:00,Bugs Bunny in Double Trouble (USA).zip
113,Mega Drive,ToeJam & Earl,Ação,SEGA,SEGA,wr,,,,1991-10-15 00:00:00,ToeJam & Earl (World).zip
262,Mega Drive,The Death and Return of Superman,Briga de rua,Sunsoft,Blizzard Entertainment,us,,,,1995-01-01 00:00:00,Death and Return of Superman  The (USA).zip
439,Mega Drive,RoboCop 3,Plataforma / Tiro com rolagem,Eden Entertainment Software,Flying Edge,eu,,,,1993-01-01 00:00:00,RoboCop 3 (USA  Europe).zip
253,Mega Drive,Judge Dredd,Plataforma / Tiro com rolagem,Probe Software,Acclaim,wr,,,,1995-01-01 00:00:00,Judge Dredd (World).zip
355,Mega Drive,The Incredible Hulk,Plataforma,U.S. Gold,Probe Software,eu,,,,1994-01-01 00:00:00,Incredible Hulk  The (USA  Europe).zip
102,Mega Drive,Road Rash II,Corrida / Pilotagem,Electronic Arts,Electronic Arts,eu,,,,1993-01-01 00:00:00,Road Rash II (USA  Europe).zip
192,Mega Drive,Road Rash 3,Corrida / Pilotagem / Corrida de moto em 3ª pessoa,Electronic Arts,Electronic Arts,eu,,,,1995-04-01 00:00:00,Road Rash 3 (USA  Europe).zip
129,Mega Drive,Aero the Acro-Bat,Ação,Iguana Entertainment,Iguana Entertainment,us,,,,1993-09-01 00:00:00,Aero the Acro-Bat (USA).zip
420,Mega Drive,Space Invaders '91,Tiro / Estilo Space Invader,Taito,Taito,us,,,,1991-01-01 00:00:00,Space Invaders '91 (USA).zip
31,Mega Drive,Earthworm Jim,Ação,Shiny Entertainment,Virgin Interactive Entertainment,us,,,,1994-08-02 00:00:00,Earthworm Jim (USA).zip
185,Mega Drive,Garfield : Caught in the Act,Plataforma,SEGA,SEGA,eu,,,,1995-12-01 00:00:00,Garfield - Caught in the Act (USA  Europe).zip
531,Mega Drive,Cliffhanger,Ação,Malibu Games,Sony,us,,,,1993-11-01 00:00:00,Cliffhanger (USA).zip
86,Mega Drive,Astérix and the Great Rescue,Plataforma,Core Design,SEGA,us,,,,1994-01-01 00:00:00,Asterix and the Great Rescue (USA).zip
249,Mega Drive,Pitfall : The Mayan Adventure,Plataforma / Corre e Pula,Activision,Activision,us,,,,1994-01-01 00:00:00,Pitfall - The Mayan Adventure (USA).zip
5,Mega Drive,Sonic The Hedgehog,Ação,SEGA,SEGA,eu,,,,1991-06-23 00:00:00,Sonic The Hedgehog (USA  Europe).zip
232,Mega Drive,Bonkers,Corrida / Pilotagem,SEGA,SEGA,eu,,,,1995-02-10 00:00:00,Bonkers (USA  Europe).zip
41,Mega Drive,Michael Jackson's Moonwalker,Plataforma,SEGA,SEGA,wr,,,,1990-08-24 00:00:00,Michael Jackson's Moonwalker (World).zip
165,Mega Drive,Chuck Rock,Plataforma,Virgin,Core Design,us,,,,1991-12-01 00:00:00,Chuck Rock (USA).zip
131,Mega Drive,Terminator 2 : Judgment Day,Plataforma,Flying Edge,Bits Studios,eu,,,,1993-12-01 00:00:00,T2 - Terminator 2 - Judgment Day (USA  Europe).zip
210,Mega Drive,Pulseman,Ação,Game Freak,SEGA,jp,,,,1994-07-22 00:00:00,Pulseman (Japan).zip
348,Mega Drive,California Games,Esporte / Poliesportivo,Epyx,SEGA,eu,,,,1991-01-01 00:00:00,California Games (USA  Europe).zip
213419,Mega Drive,Tänzer,Ação,Mikael Tillander,Mega Cat Studios,wr,,,,2019-02-01 00:00:00,Tanzer (World).zip
240,Mega Drive,Double Dragon 3 : The Arcade Game,Briga de rua,Flying Edge,Acclaim,eu,,,,1993-01-01 00:00:00,Double Dragon 3 - The Arcade Game (USA  Europe).zip
57,Mega Drive,Street Fighter II' : Special Champion Edition,Luta,Capcom,SEGA,us,,,,1993-01-01 00:00:00,Street Fighter II' - Special Champion Edition (USA).zip
147,Mega Drive,Fatal Fury 2,Luta / Versus,SNK,Takara,kr,,,,1994-01-01 00:00:00,Fatal Fury 2 (USA  Korea).zip
23,Mega Drive,Duke Nukem 3D,Tiro / Tiro em 1ª pessoa,Tectoy,3D Realms,br,,,,1998-01-01 00:00:00,Duke Nukem 3D (Brazil).zip
1134,Mega Drive,Nightmare Circus,Ação,Funcom,Tectoy,br,,,,1996-01-01 00:00:00,Nightmare Circus (Brazil).zip
235,Mega Drive,The Simpsons : Bart's Nightmare,Plataforma,Sculptured Software,Acclaim,eu,,,,1993-01-01 00:00:00,Simpsons  The - Bart's Nightmare (USA  Europe).zip
69,Mega Drive,Contra : Hard Corps,Shoot'em Up / Horizontal,Konami,Konami,kr,,,,1994-08-08 00:00:00,Contra - Hard Corps (USA  Korea).zip
54,Mega Drive,Phantasy Star II,Jogos de RPG,SEGA,SEGA,br,,,,1989-01-01 00:00:00,Phantasy Star II (Brazil).zip
200016,Mega Drive,Old Towers,Quebra-cabeças / Rolar,Denis Grachev,RetroSouls,br,,,,2019-03-18 00:00:00,Old-Towers.bin
203,Mega Drive,The Great Circus Mystery Starring Mickey & Minnie,Plataforma,Capcom,Capcom,us,,,,1995-01-01 00:00:00,Great Circus Mystery Starring Mickey & Minnie  The (USA).zip
78,Mega Drive,Strider,Plataforma / Combate com rolagem,Capcom,Capcom,eu,,,,1991-05-01 00:00:00,Strider (USA  Europe).zip
65,Mega Drive,Spider-Man & Venom : Maximum Carnage,Briga de rua,Software Creations,Acclaim,wr,,,,1994-08-01 00:00:00,Spider-Man . Venom - Maximum Carnage (World).zip
179,Mega Drive,Beauty and the Beast : Belle's Quest,Plataforma,Software Creations,Sunsoft,us,,,,1993-01-01 00:00:00,Beauty and the Beast - Belle's Quest (USA).zip
136,Mega Drive,Taz-Mania,Plataforma,SEGA,SEGA,wr,,,,1992-01-01 00:00:00,Taz-Mania (World).zip
470,Mega Drive,OutRunners,Corrida / Pilotagem,Data East,Data East,us,,,,1994-07-01 00:00:00,OutRunners (USA).zip
90,Mega Drive,Shining in the Darkness,Jogos de RPG,Climax,SEGA,br,,,,1991-01-01 00:00:00,Shining in the Darkness (Brazil).zip
200,Mega Drive,Sword of Vermilion,Jogos de RPG,SEGA,SEGA,eu,,,,1991-01-01 00:00:00,Sword of Vermilion (USA  Europe).zip
125,Mega Drive,Primal Rage,Ação,Time Warner Interactive,Probe Software,eu,,,,1995-08-25 00:00:00,Primal Rage (USA  Europe).zip
1071,Mega Drive,Greatest Heavyweights,Esporte / Boxe,Acme Animation,SEGA,us,,,,1993-12-01 00:00:00,Greatest Heavyweights (USA).zip
513,Mega Drive,Barbie Super Model,Aventura,Tahoe,Hi Tech Expressions,us,,,,1993-01-01 00:00:00,Barbie Super Model (USA).zip
186,Mega Drive,MUSHA : Metallic Uniframe Super Hybrid Armor,Shoot'em Up / Vertical,Compile,Seismic,us,,,,1990-01-01 00:00:00,MUSHA - Metallic Uniframe Super Hybrid Armor (USA).zip
251,Mega Drive,Chuck Rock II : Son of Chuck,Plataforma,Virgin,Core Design,us,,,,1993-01-01 00:00:00,Chuck Rock II - Son of Chuck (USA).zip
567,Mega Drive,Columns III,Quebra-cabeças / Queda,Tokai Engineering,SEGA,us,,,,1993-01-01 00:00:00,Columns III (USA).zip
9,Mega Drive,The Lion King,Plataforma,Westwood,Virgin Interactive,wr,,,,1994-01-01 00:00:00,Lion King  The (World).zip
217,Mega Drive,Tiny Toon Adventures,Esporte,Konami,Konami,kr,,,,1994-01-01 00:00:00,Tiny Toon Adventures - Acme All-Stars (USA  Korea).zip
156,Mega Drive,Animaniacs,Ação,Konami,Konami,us,,,,1994-01-01 00:00:00,Animaniacs (USA).zip
229,Mega Drive,Urban Strike,Tiro,Electronic Arts,Electronic Arts,eu,,,,1994-08-30 00:00:00,Urban Strike (USA  Europe).zip
122,Mega Drive,Teenage Mutant Ninja Turtles : Tournament Fighters,Luta,Konami,Konami,us,,,,1993-12-02 00:00:00,Teenage Mutant Ninja Turtles - Tournament Fighters (USA).zip
84,Mega Drive,RoboCop versus The Terminator,Tiro / Run and Gun,Virgin,Virgin,us,,,,1993-01-01 00:00:00,RoboCop versus The Terminator (USA).zip
2,Mega Drive,Battletoads & Double Dragon,Briga de rua,Rareware,Tradewest,us,,,,1995-01-01 00:00:00,Battletoads-Double Dragon (USA).zip
37,Mega Drive,Mickey Mania : The Timeless Adventures of Mickey Mouse,Plataforma,Travellers Tales,Sony,us,,,,1994-11-01 00:00:00,Mickey Mania - The Timeless Adventures of Mickey Mouse (USA).zip
48,Mega Drive,Ultimate Mortal Kombat 3,Luta / Versus,Midway,Acclaim,us,,,,1996-01-01 00:00:00,Ultimate Mortal Kombat 3 (USA).zip
49,Mega Drive,Jurassic Park,Ação,Tectoy,BlueSky Software,us,,,,1993-01-01 00:00:00,Jurassic Park (USA).zip
183791,Mega Drive,Tanglewood,Plataforma,Big Evil,Big Evil,wr,,,,2018-08-14 00:00:00,Tanglewood (World).zip
112,Mega Drive,Stargate,Plataforma,Probe Software,Acclaim,eu,,,,1994-01-01 00:00:00,Stargate (USA  Europe).zip
18429,Mega Drive,Show do Milhao,Quiz,Tectoy,Tectoy,br,,,,2001-01-01 00:00:00,Show do Milhao (Brazil).zip
183,Mega Drive,Indiana Jones and the Last Crusade,Plataforma,U.S. Gold,Tiertex,us,,,,1992-11-01 00:00:00,Indiana Jones and the Last Crusade (USA).zip
418,Mega Drive,DJ Boy,Ação,SEGA,SEGA,us,,,,1990-01-01 00:00:00,DJ Boy (USA).zip
489,Mega Drive,Generations Lost,Ação,Time Warner Interactive,Time Warner Interactive,eu,,,,1994-11-01 00:00:00,Generations Lost (USA  Europe).zip
652,Mega Drive,The Tick,Briga de rua,Software Creations,Fox Interactive,us,,,,1994-01-01 00:00:00,Tick  The (USA).zip
110,Mega Drive,Where in the World is Carmen Sandiego?,Educacional,Brøderbund Software,Electronic Arts,eu,,,,1992-01-01 00:00:00,Where in the World Is Carmen Sandiego (Brazil) (Es Pt).zip
473,Mega Drive,Top Gear 2,Corrida / Pilotagem,Gremlin Interactive,Kemco,us,,,,1994-09-01 00:00:00,Top Gear 2 (USA).zip
14,Mega Drive,Sonic & Knuckles,Plataforma,SEGA,SEGA,wr,,,,1994-10-18 00:00:00,Sonic & Knuckles (World).zip
325,Mega Drive,Vectorman 2,Plataforma / Tiro com rolagem,BlueSky Software,SEGA,us,,,,1996-11-15 00:00:00,Vectorman 2 (USA).zip
277,Mega Drive,Venom & Spider-Man : Separation Anxiety,Briga de rua,Software Creations,Acclaim,eu,,,,1995-01-01 00:00:00,Venom . Spider-Man - Separation Anxiety (USA  Europe).zip
125112,Mega Drive,Uwol - Quest For Money,Plataforma,Software Creations,Acclaim,eu,,,,1995-01-01 00:00:00,Uwol_Quest_For_Money.bin
59,Mega Drive,X-Men 2 : Clone Wars,Plataforma,Headgames,SEGA,eu,,,,1995-03-01 00:00:00,X-Men 2 - Clone Wars (USA  Europe).zip
88,Mega Drive,Golden Axe II,Ação,SEGA,SEGA,wr,,,,1992-01-01 00:00:00,Golden Axe II (World).zip
142,Mega Drive,TaleSpin,Plataforma,SEGA,Disney Interactive,eu,,,,1992-12-14 00:00:00,TaleSpin (USA  Europe).zip
1194,Mega Drive,Sub-Terrania,Ação,Zyrinx,Scavenger,us,,,,1994-03-01 00:00:00,Sub-Terrania (USA).zip
96,Mega Drive,Misadventures Of Flink  The,Aventura,Sony,Psygnosis,us,,,,1994-11-11 00:00:00,Flink (USA).zip
42,Mega Drive,Ristar,Ação,SEGA,SEGA,us,,,,1995-02-16 00:00:00,Ristar (USA).zip
459,Mega Drive,Doom Troopers,Plataforma,Playmates Interactive,Adrenalin Interactive,us,,,,1995-01-01 00:00:00,Doom Troopers (USA).zip
154,Mega Drive,Mega Bomberman,Ação / Labirinto,Westone,SEGA,us,,,,1994-10-01 00:00:00,Mega Bomberman (USA).zip
432,Mega Drive,Cutthroat Island,Ação,Software Creations,Acclaim,eu,,,,1995-01-01 00:00:00,Cutthroat Island (USA  Europe).zip
180,Mega Drive,Desert Demolition Starring Road Runner and Wile E.,Plataforma,BlueSky Software,SEGA,eu,,,,1995-03-01 00:00:00,Desert Demolition Starring Road Runner and Wile E. Coyote (USA  Europe).zip
24,Mega Drive,Beyond Oasis,Jogos de RPG / RPG de Ação,SEGA,SEGA,us,,,,1995-03-15 00:00:00,Beyond Oasis (USA).zip
345,Mega Drive,Spot Goes to Hollywood,Plataforma,Virgin,Acclaim,us,,,,1995-01-01 00:00:00,Spot Goes to Hollywood (USA).zip
191,Mega Drive,Mighty Morphin Power Rangers : The Movie,Briga de rua,Sims,SEGA,us,,,,1995-01-01 00:00:00,Mighty Morphin Power Rangers - The Movie (USA).zip
1,Mega Drive,Battletoads,Ação,Rareware,Tradewest,wr,,,,1991-07-13 00:00:00,Battletoads (World).zip
264,Mega Drive,Columns,Quebra-cabeças / Queda,SEGA,SEGA,wr,,,,1990-09-01 00:00:00,Columns (World).zip
44,Mega Drive,Shining Force II,Jogos de RPG / RPG Táctico,Camelot Software,SEGA,us,,,,1994-10-02 00:00:00,Shining Force II (USA).zip
18371,Mega Drive,Boogerman : A Pick and Flick Adventure,Plataforma,Interplay,Interplay,us,,,,1994-11-01 00:00:00,Boogerman - A Pick and Flick Adventure (USA).zip
227,Mega Drive,Ranger X,Shoot'em Up / Horizontal,GAU Entertainment,SEGA,us,,,,1993-05-27 00:00:00,Ranger X (USA).zip
370,Mega Drive,Beavis and Butt-Head,Plataforma,Viacom New Media,Viacom New Media,us,,,,1994-01-01 00:00:00,Beavis and Butt-Head (USA).zip
375,Mega Drive,Pink Goes to Hollywood,Ação,Headgames,Tecmagik,eu,,,,1993-01-01 00:00:00,Pink Goes to Hollywood (USA  Europe).zip
32,Mega Drive,Flashback : The Quest for Identity,Ação,U.S. Gold,Delphine Software International,us,,,,1993-02-20 00:00:00,Flashback - The Quest for Identity (USA).zip
153,Mega Drive,Fatal Fury,Luta / Versus,Gaibrain,SNK,us,,,,1993-02-01 00:00:00,Fatal Fury (USA).zip
10,Mega Drive,Out of this World,Ação,Delphine Software International,Delphine Software International,us,,,,1993-03-01 00:00:00,Out of this World (USA).zip
187,Mega Drive,Phantom 2040,Plataforma,Viacom New Media,Viacom New Media,us,,,,1995-01-01 00:00:00,Phantom 2040 (USA).zip
362,Mega Drive,YuYu Hakusho : Sunset Fighters,Luta,Treasure,SEGA,br,,,,1999-01-01 00:00:00,YuYu Hakusho - Sunset Fighters (Brazil).zip
446,Mega Drive,Captain Planet and the Planeteers,Plataforma,SEGA,Novalogic,us,,,,1992-01-01 00:00:00,Captain Planet and the Planeteers (USA).zip
367932,Mega Drive,Barbarian,Plataforma / Combate com rolagem,Z-Team,Z-Team,us,,,,2019-01-01 00:00:00,barbarian.bin
77,Mega Drive,Phantasy Star III : Generations of Doom,Jogos de RPG,SEGA,SEGA,br,,,,1991-01-01 00:00:00,Phantasy Star III - Generations of Doom (Brazil).zip
556,Mega Drive,Aero the Acro-Bat 2,Ação,Iguana Entertainment,Iguana Entertainment,us,,,,1995-01-01 00:00:00,Aero the Acro-Bat 2 (USA).zip
1233,Mega Drive,World Heroes,Luta / Versus,ADK,SEGA,us,,,,1994-01-01 00:00:00,World Heroes (USA).zip
239,Mega Drive,Instruments of Chaos Starring Young Indiana Jones,Plataforma,Brian A. Rice  Inc,LucasArts,us,,,,1994-01-01 00:00:00,Instruments of Chaos Starring Young Indiana Jones (USA).zip
132,Mega Drive,Pocahontas,Plataforma,Disney Interactive,Disney Interactive,us,,,,1996-01-01 00:00:00,Pocahontas (USA).zip
236,Mega Drive,FIFA 97,Esporte / Futebol,XYZ,EA Sports,eu,,,,1996-01-01 00:00:00,FIFA Soccer 97 (USA  Europe) (En Fr De Es It Sv).zip
182,Mega Drive,OutRun 2019,Corrida / Pilotagem / Corrida em 3ª pessoa,Sims,SEGA,us,,,,1993-03-01 00:00:00,OutRun 2019 (USA).zip
64,Mega Drive,Earthworm Jim 2,Ação,Playmates Interactive,Virgin Interactive Entertainment,us,,,,1995-11-15 00:00:00,Earthworm Jim 2 (USA).zip
80,Mega Drive,Super Street Fighter II,Luta,Capcom,Capcom,us,,,,1994-01-01 00:00:00,Super Street Fighter II (USA).zip
1061,Mega Drive,Férias Frustradas do Pica-Pau,Plataforma,Tectoy,Tectoy,br,,,,1996-01-01 00:00:00,Ferias Frustradas do Pica-Pau (Brazil).zip
137,Mega Drive,Ariel the Little Mermaid,Plataforma,SEGA,SEGA,eu,,,,1992-12-14 00:00:00,Ariel the Little Mermaid (USA  Europe).zip
33,Mega Drive,Mortal Kombat II,Ação,Midway,Acclaim,wr,,,,1994-01-01 00:00:00,Mortal Kombat II (World).zip
198770,Mega Drive,Ultracore,Tiro / Run and Gun,Digital Illusions,Strictly Limited Games,eu,,,,2019-03-25 00:00:00,Ultracore (Europe).zip
121,Mega Drive,Dick Tracy,Briga de rua,SEGA,SEGA,wr,,,,1991-01-01 00:00:00,Dick Tracy (World).zip
1199,Mega Drive,Superman,Briga de rua,Sunsoft,Sunsoft,us,,,,1992-01-01 00:00:00,Superman (USA).zip
103616,Mega Drive,ESWAT : City Under Siege,Plataforma,SEGA,SEGA,eu,,,,1990-12-01 00:00:00,ESWAT - City Under Siege (USA  Europe).zip
11,Mega Drive,Shinobi III : Return of the Ninja Master,Plataforma,Megasoft,SEGA,us,,,,1993-08-22 00:00:00,Shinobi III - Return of the Ninja Master (USA).zip
157,Mega Drive,Dynamite Headdy,Plataforma,Treasure,SEGA,eu,,,,1994-10-01 00:00:00,Dynamite Headdy (USA  Europe).zip
79,Mega Drive,Tiny Toon Adventures : Buster's Hidden Treasure,Plataforma,Konami,Konami,us,,,,1993-01-01 00:00:00,Tiny Toon Adventures - Buster's Hidden Treasure (USA).zip
288,Mega Drive,The Punisher,Briga de rua,Capcom,Capcom,us,,,,1994-11-01 00:00:00,Punisher  The (USA).zip
60,Mega Drive,Teenage Mutant Ninja Turtles : The Hyperstone Heist,Briga de rua,Konami,Konami,us,,,,1992-01-01 00:00:00,Teenage Mutant Ninja Turtles - The Hyperstone Heist (USA).zip
201,Mega Drive,Krusty's Super Fun House,Luta,Acclaim,Audiogenic Software,eu,,,,1992-01-01 00:00:00,Krusty's Super Fun House (USA  Europe).zip
389,Mega Drive,El. Viento,Plataforma / Corre e Pula,Wolf Team,Renovation Products,us,,,,1991-01-01 00:00:00,El. Viento (USA).zip
1184,Mega Drive,Sonic & Knuckles + Sonic The Hedgehog 2,Plataforma,Sonic Team,SEGA,wr,,,,1994-10-18 00:00:00,Sonic & Knuckles + Sonic The Hedgehog 2 (World).zip
82,Mega Drive,Shadow Dancer : The Secret of Shinobi,Plataforma,SEGA,SEGA,wr,,,,1991-01-01 00:00:00,Shadow Dancer - The Secret of Shinobi (World).zip
296,Mega Drive,Ayrton Senna's Super Monaco GP II,Corrida / Pilotagem,SEGA,SEGA,jp,1,743,2024-05-12 18:45:11,1992-07-17 00:00:00,Ayrton Senna's Super Monaco GP II (USA) (En Ja).zip
40,Mega Drive,Castlevania : Bloodlines,Plataforma / Combate com rolagem,Konami,Konami,us,1,969,2024-06-16 17:55:20,1994-03-17 00:00:00,Castlevania - Bloodlines (USA).zip
20,Mega Drive,Streets of Rage 2,Briga de rua,SEGA,SEGA,us,1,969,2024-06-16 17:55:20,1992-12-01 00:00:00,Streets of Rage 2 (USA).zip
198,Mega Drive,After Burner II,Tiro / Avião em 3ª pessoa,SEGA,SEGA,eu,1,109,2024-09-13 21:36:47,1991-04-01 00:00:00,After Burner II (USA  Europe).zip
115,Mega Drive,Sonic Spinball,Pinball,SEGA,SEGA,us,1,109,2024-09-13 21:36:47,1993-11-14 00:00:00,Sonic The Hedgehog Spinball (USA).zip
51,Mega Drive,Shining Force,Estratégia / RPG Táctico,Climax,SEGA,us,1,109,2024-09-13 21:36:47,1993-01-01 00:00:00,Shining Force (USA).zip
8,Mega Drive,Aladdin,Ação,Virgin,SEGA,us,1,109,2024-09-13 21:36:47,1993-11-11 00:00:00,Aladdin (USA).zip
143230,Mega Drive,Streets of Rage 3,Briga de rua,SEGA,SEGA,us,1,109,2024-09-13 21:36:47,1994-03-17 00:00:00,Streets of Rage 3 (USA).zip
87,Mega Drive,Zombies Ate My Neighbors,Tiro,LucasArts,Konami,us,1,109,2024-09-13 21:36:47,1993-11-01 00:00:00,Zombies Ate My Neighbors (USA).zip
87,Mega Drive,Panoramacottonj (Japan),Tiro,LucasArts,Konami,us,1,109,2024-09-13 21:36:47,1993-11-01 00:00:00,Panoramacottonj (Japan).zip
46,Mega Drive,World of Illusion Starring Mickey Mouse and Donald,Ação,SEGA,SEGA,kr,1,109,2024-09-13 21:36:47,1992-01-01 00:00:00,World of Illusion Starring Mickey Mouse and Donald Duck (USA  Korea).zip
3,Mega Drive,Sonic The Hedgehog 2,Plataforma,SEGA,SEGA,wr,1,109,2024-09-13 21:36:47,1992-11-24 00:00:00,Sonic The Hedgehog 2 (World).zip
7,Mega Drive,Streets of Rage,Briga de rua,SEGA,SEGA,wr,1,109,2024-09-13 21:36:47,1991-07-01 00:00:00,Bare Knuckle - Ikari no Tetsuken ~ Streets of Rage (World).zip
37476,Arcade - Sega Model 2,Over Rev,Corrida / Pilotagem / Corrida em 3ª pessoa,Jaleco,Jaleco,us,,,,1997-01-01 00:00:00,overrev.zip
37499,Arcade - Sega Model 2,Cyber Troopers Virtual-On,Luta,SEGA,SEGA,us,,,,1996-01-01 00:00:00,von.zip
37481,Arcade - Sega Model 2,Sega Water Ski,Esporte / Esqui,SEGA,SEGA,jp,,,,1997-01-01 00:00:00,segawski.zip
37468,Arcade - Sega Model 2,Gunblade NY,Tiro com Lightgun,SEGA,SEGA,us,,,,1995-01-01 00:00:00,gunblade.zip
37460,Arcade - Sega Model 2,Dead or Alive,Luta / Versus,Tecmo,Tecmo,wr,,,,1996-01-01 00:00:00,doa.zip
37470,Arcade - Sega Model 2,Indianapolis 500,Variados / Eletromecânico,SEGA,SEGA,us,,,,1995-01-01 00:00:00,indy500.zip
37489,Arcade - Sega Model 2,Sega Touring Car Championship,Corrida / Pilotagem / Corrida em 3ª pessoa,SEGA,SEGA,us,,,,1996-01-01 00:00:00,stcc.zip
42107,Arcade - Sega Model 2,Last Bronx,Luta / Versus,SEGA,SEGA,us,,,,1996-01-01 00:00:00,lastbrnx.zip
37483,Arcade - Sega Model 2,Super GT 24h,Corrida / Pilotagem / Corrida em 3ª pessoa,Jaleco,Jaleco,us,,,,1996-01-01 00:00:00,sgt24h.zip
37494,Arcade - Sega Model 2,Virtua Cop 2,Shoot'em Up,SEGA,SEGA,us,,,,1995-01-01 00:00:00,vcop2.zip
37492,Arcade - Sega Model 2,Top Skater,Esporte / Skate,SEGA,SEGA,us,,,,1997-01-01 00:00:00,topskatr.zip
37480,Arcade - Sega Model 2,Sonic the Fighters,Luta / Versus,SEGA,SEGA,us,,,,1996-01-01 00:00:00,schamp.zip
78977,Arcade - Sega Model 2,Motor Raid - Twin,Corrida / Pilotagem / Corrida de moto em 1ª pessoa,SEGA,SEGA,us,,,,1997-01-01 00:00:00,motoraid.zip
37477,Arcade - Sega Model 2,Pilot Kids,Shoot'em Up / Horizontal,Psikyo,Psikyo,us,,,,1998-01-01 00:00:00,pltkids.zip
37484,Arcade - Sega Model 2,Sega Ski Super G,Esporte / Esqui,SEGA,SEGA,us,,,,1996-01-01 00:00:00,skisuprg.zip
37485,Arcade - Sega Model 2,Sky Target,Tiro / Avião em 3ª pessoa,SEGA,SEGA,us,,,,1995-01-01 00:00:00,skytargt.zip
41073,Arcade - Sega Model 2,Dynamite Cop,Briga de rua,AM1,SEGA,us,,,,1998-01-01 00:00:00,dynamcop.zip
37451,Arcade - Sega Model 2,Behind... Enemy Lines,Tiro / Tiro em 1ª pessoa,Real3D,SEGA,us,,,,1998-01-01 00:00:00,bel.zip
41716,Arcade - Sega Model 2,House Of The Dead,Shoot'em Up,SEGA,SEGA,us,,,,1997-01-01 00:00:00,hotd.zip
37505,Arcade - Sega Model 2,Zero Gunner,Tiro / Avião,Psikyo,Psikyo,us,,,,1997-01-01 00:00:00,zerogun.zip
37493,Arcade - Sega Model 2,Virtua Cop,Shoot'em Up,SEGA,SEGA,us,,,,1994-01-01 00:00:00,vcop.zip
37474,Arcade - Sega Model 2,ManxTT Superbike,Corrida / Pilotagem / Corrida de moto em 3ª pessoa,SEGA,SEGA,eu,,,,1995-01-01 00:00:00,manxtt.zip
41068,Arcade - Sega Model 2,Dynamite Baseball 97,Esporte / Baseball,SEGA,SEGA,us,,,,1997-01-01 00:00:00,dynabb97.zip
37479,Arcade - Sega Model 2,Rail Chase 2,Tiro com Lightgun,SEGA,SEGA,us,,,,1995-01-01 00:00:00,rchase2.zip
37503,Arcade - Sega Model 2,Wave Runner,Esporte,SEGA,SEGA,jp,,,,1996-01-01 00:00:00,waverunr.zip
41313,Arcade - Sega Model 2,Fighting Vipers,Luta / 3D,SEGA,SEGA,eu,,,,1995-01-01 00:00:00,fvipers.zip
37474,Arcade - Sega Model 2,ManxTT Superbike,Corrida / Pilotagem / Corrida de moto em 3ª pessoa,SEGA,SEGA,wr,,,,1995-01-01 00:00:00,manxttc.zip
37486,Arcade - Sega Model 2,Sega Rally Championship,Corrida / Pilotagem,SEGA,SEGA,wr,,,,1995-01-01 00:00:00,srallyc.zip
37501,Arcade - Sega Model 2,Virtua Striker,Esporte,SEGA,SEGA,us,,,,1994-01-01 00:00:00,vstriker.zip
37495,Arcade - Sega Model 2,Virtua Fighter 2,Luta / 3D,SEGA,SEGA,us,1,1948,2023-02-19 20:20:39,1995-01-01 00:00:00,vf2.zip
37453,Arcade - Sega Model 2,Daytona USA,Corrida / Pilotagem / Corrida em 3ª pessoa,SEGA,SEGA,us,1,1461,2023-02-19 20:48:45,1993-01-01 00:00:00,daytona.zip
37458,Arcade - Sega Model 2,Desert Tank,Tiro / Carro 3ª Pessoa,SEGA,SEGA,us,1,25,2023-02-19 20:49:25,1994-01-01 00:00:00,desert.zip
37519,Arcade - Sega Model 3,Sega Rally 2,Corrida / Pilotagem / Corrida em 3ª pessoa,SEGA,SEGA,us,,,,1998-01-01 00:00:00,srally2p.zip
37525,Arcade - Sega Model 3,Virtua Fighter 3,Luta / 3D,SEGA,SEGA,us,,,,1996-01-01 00:00:00,vf3a.zip
37510,Arcade - Sega Model 3,Dirt Devils,Corrida / Pilotagem / Corrida,SEGA,SEGA,jp,,,,1998-01-01 00:00:00,dirtdvlsj.zip
37519,Arcade - Sega Model 3,Sega Rally 2,Corrida / Pilotagem / Corrida em 3ª pessoa,SEGA,SEGA,us,,,,1998-01-01 00:00:00,srally2x.zip
37512,Arcade - Sega Model 3,Fighting Vipers 2,Luta / 3D,SEGA,SEGA,jp,,,,1998-01-01 00:00:00,fvipers2.zip
37517,Arcade - Sega Model 3,Scud Race,Corrida / Pilotagem / Corrida em 3ª pessoa,SEGA,SEGA,us,,,,1996-01-01 00:00:00,scudplusa.zip
37516,Arcade - Sega Model 3,The Lost World: Jurassic Park,Tiro,SEGA,SEGA,jp,,,,1997-01-01 00:00:00,lostwsga.zip
37511,Arcade - Sega Model 3,Emergency Call Ambulance,Corrida / Pilotagem,SEGA,SEGA,us,,,,1999-01-01 00:00:00,ecap.zip
37510,Arcade - Sega Model 3,Dirt Devils,Corrida / Pilotagem / Corrida,SEGA,SEGA,us,,,,1998-01-01 00:00:00,dirtdvlsg.zip
37523,Arcade - Sega Model 3,Star Wars Trilogy Arcade,Shoot'em Up,SEGA,SEGA,us,,,,1998-01-01 00:00:00,swtrilgy.zip
37517,Arcade - Sega Model 3,Scud Race,Corrida / Pilotagem / Corrida em 3ª pessoa,SEGA,SEGA,us,,,,1996-01-01 00:00:00,scud.zip
46857,Arcade - Sega Model 3,Virtua Athlete,Esporte,Hitmaker,SEGA,us,,,,2002-01-01 00:00:00,von2o.zip
37511,Arcade - Sega Model 3,Emergency Call Ambulance,Corrida / Pilotagem,SEGA,SEGA,us,,,,1999-01-01 00:00:00,ecau.zip
37513,Arcade - Sega Model 3,Harley-Davidson & L.A. Riders,Corrida / Pilotagem / Corrida de moto em 3ª pessoa,SEGA,SEGA,us,,,,1997-01-01 00:00:00,harley.zip
37507,Arcade - Sega Model 3,Virtual On 2: Oratorio Tangram,Luta,SEGA,SEGA,us,,,,1998-01-01 00:00:00,von2.zip
37513,Arcade - Sega Model 3,Harley-Davidson & L.A. Riders,Corrida / Pilotagem / Corrida de moto em 3ª pessoa,SEGA,SEGA,us,,,,1997-01-01 00:00:00,harleya.zip
37507,Arcade - Sega Model 3,Virtual On 2: Oratorio Tangram,Luta,SEGA,SEGA,us,,,,1998-01-01 00:00:00,von254g.zip
37525,Arcade - Sega Model 3,Virtua Fighter 3,Luta / 3D,SEGA,SEGA,wr,,,,1996-01-01 00:00:00,vf3c.zip
37510,Arcade - Sega Model 3,Dirt Devils,Corrida / Pilotagem / Corrida,SEGA,SEGA,us,,,,1998-01-01 00:00:00,dirtdvlsa.zip
214447,Arcade - Sega Model 3,Virtua Striker 2 '98,Esporte / Futebol,SEGA,SEGA,us,,,,1998-01-01 00:00:00,vs298.zip
94371,Arcade - Sega Model 3,Magical Truck Adventure,Plataforma / Corre e Pula com rolagem,SEGA,SEGA,jp,,,,1998-01-01 00:00:00,magtruck.zip
43989,Arcade - Sega Model 3,Virtua Striker 2 '99.1,Esporte / Futebol,SEGA,SEGA,jp,,,,1999-01-01 00:00:00,vs299b.zip
37519,Arcade - Sega Model 3,Sega Rally 2,Corrida / Pilotagem / Corrida em 3ª pessoa,SEGA,SEGA,us,,,,1998-01-01 00:00:00,srally2pa.zip
37524,Arcade - Sega Model 3,The Ocean Hunter,Corrida / Pilotagem / Corrida em 1ª pessoa,SEGA,SEGA,jp,,,,1998-01-01 00:00:00,oceanhun.zip
43989,Arcade - Sega Model 3,Virtua Striker 2 '99.1,Esporte / Futebol,SEGA,SEGA,us,,,,1999-01-01 00:00:00,vs299.zip
43989,Arcade - Sega Model 3,Virtua Striker 2 '99.1,Esporte / Futebol,SEGA,SEGA,us,,,,1999-01-01 00:00:00,vs29915.zip
94370,Arcade - Sega Model 3,Sega Bass Fishing,Caça e Pesca / Pesca,SEGA,SEGA,us,,,,1997-01-01 00:00:00,bass.zip
37521,Arcade - Sega Model 3,Spikeout: Digital Battle Online,Briga de rua,SEGA,SEGA,wr,,,,1998-01-01 00:00:00,spikeout.zip
37525,Arcade - Sega Model 3,Virtua Fighter 3,Luta / 3D,SEGA,SEGA,eu,,,,1996-01-01 00:00:00,vf3.zip
37514,Arcade - Sega Model 3,L.A. Machineguns,Tiro,SEGA,SEGA,jp,,,,1998-01-01 00:00:00,lamachin.zip
37517,Arcade - Sega Model 3,Scud Race,Corrida / Pilotagem / Corrida em 3ª pessoa,SEGA,SEGA,us,,,,1996-01-01 00:00:00,scuda.zip
37526,Arcade - Sega Model 3,Virtua Striker 2,Esporte / Futebol,SEGA,SEGA,us,,,,1997-01-01 00:00:00,vs215.zip
94370,Arcade - Sega Model 3,Sega Bass Fishing,Caça e Pesca / Pesca,SEGA,SEGA,jp,,,,1997-01-01 00:00:00,getbass.zip
37523,Arcade - Sega Model 3,Star Wars Trilogy Arcade,Shoot'em Up,SEGA,SEGA,us,,,,1998-01-01 00:00:00,swtrilgya.zip
37512,Arcade - Sega Model 3,Fighting Vipers 2,Luta / 3D,SEGA,SEGA,jp,,,,1998-01-01 00:00:00,fvipers2o.zip
37517,Arcade - Sega Model 3,Scud Race,Corrida / Pilotagem / Corrida em 3ª pessoa,SEGA,SEGA,us,,,,1996-01-01 00:00:00,scudplus.zip
37519,Arcade - Sega Model 3,Sega Rally 2,Corrida / Pilotagem / Corrida em 3ª pessoa,SEGA,SEGA,us,,,,1998-01-01 00:00:00,srally2.zip
43989,Arcade - Sega Model 3,Virtua Striker 2 '99.1,Esporte / Futebol,SEGA,SEGA,us,,,,1999-01-01 00:00:00,vs2v991.zip
214447,Arcade - Sega Model 3,Virtua Striker 2 '98,Esporte / Futebol,SEGA,SEGA,us,,,,1998-01-01 00:00:00,vs29815.zip
37515,Arcade - Sega Model 3,Le Mans 24,Corrida / Pilotagem,SEGA,SEGA,jp,,,,1997-01-01 00:00:00,lemans24.zip
37511,Arcade - Sega Model 3,Emergency Call Ambulance,Corrida / Pilotagem,SEGA,SEGA,us,,,,1999-01-01 00:00:00,eca.zip
37511,Arcade - Sega Model 3,Emergency Call Ambulance,Corrida / Pilotagem,SEGA,SEGA,jp,,,,1999-01-01 00:00:00,ecaj.zip
37523,Arcade - Sega Model 3,Star Wars Trilogy Arcade,Shoot'em Up,SEGA,SEGA,us,,,,1998-01-01 00:00:00,swtrilgyp.zip
37526,Arcade - Sega Model 3,Virtua Striker 2,Esporte / Futebol,SEGA,SEGA,jp,,,,1997-01-01 00:00:00,vs215o.zip
37517,Arcade - Sega Model 3,Scud Race,Corrida / Pilotagem / Corrida em 3ª pessoa,SEGA,SEGA,jp,,,,1996-01-01 00:00:00,scudj.zip
37520,Arcade - Sega Model 3,Ski Champ,Esporte / Esqui,SEGA,SEGA,jp,,,,1998-01-01 00:00:00,skichamp.zip
37507,Arcade - Sega Model 3,Virtual On 2: Oratorio Tangram,Luta,SEGA,SEGA,us,,,,1998-01-01 00:00:00,von2a.zip
43989,Arcade - Sega Model 3,Virtua Striker 2 '99.1,Esporte / Futebol,SEGA,SEGA,us,,,,1999-01-01 00:00:00,vs299a.zip
37509,Arcade - Sega Model 3,Daytona USA 2: Power Edition,Corrida / Pilotagem / Corrida em 3ª pessoa,SEGA,SEGA,jp,1,25,2023-02-07 19:39:29,1998-01-01 00:00:00,dayto2pe.zip
37522,Arcade - Sega Model 3,Spikeout: Final Edition,Luta / 3D,SEGA,SEGA,us,1,51,2023-02-07 19:38:48,1998-01-01 00:00:00,spikeofe.zip
37522,Arcade - Sega Model 3,lostwsgo,Luta / 3D,SEGA,SEGA,us,1,51,2023-02-07 19:38:48,1998-01-01 00:00:00,lostwsgo.zip
94370,Arcade - Sega Model 3,Sega Bass Fishing,Caça e Pesca / Pesca,SEGA,SEGA,us,1,51,2023-02-12 17:57:23,1997-01-01 00:00:00,bassdx.zip
37508,Arcade - Sega Model 3,Daytona USA 2: Battle on the Edge,Corrida / Pilotagem / Corrida em 3ª pessoa,SEGA,SEGA,jp,1,13,2004-12-31 22:01:56,1998-01-01 00:00:00,daytona2.zip
37510,Arcade - Sega Model 3,Dirt Devils,Corrida / Pilotagem / Corrida,SEGA,SEGA,us,1,14,2023-02-14 13:09:31,1998-01-01 00:00:00,dirtdvls.zip
37526,Arcade - Sega Model 3,Virtua Striker 2,Esporte / Futebol,SEGA,SEGA,us,1,14,2023-02-14 13:09:31,1997-01-01 00:00:00,vs2.zip
43937,Arcade - Sega Model 3,Virtua Fighter 3,Luta / Versus,SEGA,SEGA,us,1,14,2023-02-14 13:09:31,1996-01-01 00:00:00,vf3tb.zip
,mrboom,MrBoom,Action,Remdy Software,Libretro,,,,,,MrBoom.libretro
5406,Nintendo 64,Resident Evil 2,Ação / Aventura,Angel Studios,Virgin Interactive,us,,,,1999-10-31 00:00:00,Resident Evil 2 (USA) (Rev A).z64
5474,Nintendo 64,Tony Hawk's Pro Skater 3,Esporte / Skate,Edge Of Reality,Activision,us,,,,2002-08-20 00:00:00,Tony Hawk's Pro Skater 3 (USA).z64
71704,Nintendo 64,FIFA - Road to World Cup 98,Esporte / Futebol,Electronic Arts,Electronic Arts,eu,,,,1997-12-20 00:00:00,FIFA - Road to World Cup 98 (USA) (En Fr De Es It Nl Sv).z64
5455,Nintendo 64,Mega Man 64,Esporte,Capcom,Capcom,us,,,,2001-01-10 00:00:00,Mega Man 64 (USA).z64
5475,Nintendo 64,Star Wars : Episode I - Battle for Naboo,Simulação,Factor 5,THQ,us,,,,2000-12-18 00:00:00,Star Wars Episode I - Battle for Naboo (USA).z64
5624,Nintendo 64,San Francisco Rush - Extreme Racing,Corrida / Pilotagem,Midway,GT Interactive,eu,,,,1997-12-01 00:00:00,San Francisco Rush - Extreme Racing (USA) (En Fr De).z64
5637,Nintendo 64,San Francisco Rush 2049,Corrida / Pilotagem,Midway,Midway,us,,,,2000-09-07 00:00:00,San Francisco Rush 2049 (USA).z64
5432,Nintendo 64,Mario Party 3,Jogo casual,Hudson,Nintendo,us,,,,2001-05-07 00:00:00,Mario Party 3 (USA).z64
5414,Nintendo 64,Castlevania,Ação / Aventura,Konami,Konami,us,,,,1999-01-26 00:00:00,Castlevania (USA).z64
5535,Nintendo 64,Rampage 2 : Universal Tour,Ação,Avalanche Software,GT Interactive,us,,,,1999-03-31 00:00:00,Rampage 2 - Universal Tour (USA).z64
5428,Nintendo 64,Castlevania : Legacy of Darkness,Ação / Aventura,Konami,Konami,us,,,,1999-11-30 00:00:00,Castlevania - Legacy of Darkness (USA).z64
5399,Nintendo 64,Mario Party,Ação,Hudson,Nintendo,us,,,,1999-02-08 00:00:00,Mario Party (USA).z64
5445,Nintendo 64,Tony Hawk's Pro Skater 2,Esporte / Skate,Edge Of Reality,Activision,us,,,,2001-08-21 00:00:00,Tony Hawk's Pro Skater 2 (USA).z64
5438,Nintendo 64,Kirby 64 : The Crystal Shards,Ação,HAL Laboratory,Nintendo,us,,,,2000-01-01 00:00:00,Kirby 64 - The Crystal Shards (USA).z64
5400,Nintendo 64,Paper Mario,Jogos de RPG,Intelligent Systems,Nintendo,us,,,,2001-02-05 00:00:00,Paper Mario (USA).z64
5411,Nintendo 64,Banjo-Tooie,Ação / Aventura,Rareware,Nintendo,us,,,,2000-11-20 00:00:00,Banjo-Tooie (USA).z64
5460,Nintendo 64,Tarzan,Plataforma,Eurocom,Activision,eu,,,,2000-04-21 00:00:00,Tarzan (Europe).z64
5405,Nintendo 64,Banjo-Kazooie,Ação / Aventura,Rareware,Nintendo,us,1,70,2023-01-31 22:45:34,1998-06-29 00:00:00,Banjo-Kazooie (USA).z64
5396,Nintendo 64,Super Mario 64,Plataforma,Nintendo,Nintendo,us,1,66,2022-08-06 15:17:53,1996-09-26 00:00:00,Super Mario 64 (USA).z64
5429,Nintendo 64,Mario Party 2,Ação,Hudson,Nintendo,us,1,66,2022-08-06 15:17:53,2000-01-24 00:00:00,Mario Party 2 (USA).z64
5605,Nintendo 64,Tom and Jerry in Fists of Furry,Luta,VIS Entertainment,Ubisoft,us,1,66,2022-08-06 15:17:53,2000-11-12 00:00:00,Tom and Jerry in Fists of Furry (USA).z64
5593,Nintendo 64,Namco Museum 64,Corrida / Pilotagem,Mass Media,Namco,us,1,66,2022-08-06 15:17:53,1999-10-31 00:00:00,Namco Museum 64 (USA).z64
5457,Nintendo 64,Mortal Kombat 4,Ação,Eurocom,GT Interactive,us,1,66,2022-08-06 15:17:53,1998-06-24 00:00:00,Mortal Kombat 4 (USA).z64
5444,Nintendo 64,StarCraft 64,Estratégia,Mass Media,Nintendo,us,1,66,2022-08-06 15:17:53,2000-06-13 00:00:00,StarCraft 64 (USA).z64
5421,Nintendo 64,Shadow Man,Ação / Aventura,Acclaim,Acclaim,us,1,66,2022-08-06 15:17:53,1999-08-15 00:00:00,Shadow Man (USA).z64
5431,Nintendo 64,Mario Tennis,Esporte / Tênis,Camelot Software,Nintendo,eu,1,66,2022-08-06 15:17:53,2000-11-03 00:00:00,Mario Tennis (Europe).z64
5592,Nintendo 64,Ms. Pac-Man : Maze Madness,Ação / Labirinto,Namco,Namco,us,1,66,2022-08-06 15:17:53,2000-11-12 00:00:00,Ms. Pac-Man - Maze Madness (USA).z64
5499,Nintendo 64,Donald Duck : Qu@k Att@ck?*!,Plataforma,Disney Interactive,Ubisoft,eu,1,66,2022-08-06 15:17:53,2000-12-08 00:00:00,Donald Duck - Goin' Quackers (USA) (En Fr De Es It).z64
5442,Nintendo 64,Toy Story 2 : Buzz Lightyear to the Rescue!,Plataforma,Travellers Tales,Activision,us,1,66,2022-08-06 15:17:53,1999-11-30 00:00:00,Toy Story 2 - Buzz Lightyear to the Rescue! (USA).z64
5397,Nintendo 64,GoldenEye 007,Tiro / Tiro em 1ª pessoa,Rareware,Nintendo,us,1,66,2022-08-06 15:17:53,1997-08-25 00:00:00,007 - GoldenEye (USA).z64
5634,Nintendo 64,GT 64: Championship Edition,Corrida / Pilotagem,Imagineer,Ocean,us,1,66,2022-08-06 15:17:53,1998-08-31 00:00:00,GT64 - Championship Edition (USA).z64
5505,Nintendo 64,Nightmare Creatures,Ação / Aventura,Kalisto,Activision,us,1,66,2022-08-06 15:17:53,1998-11-01 00:00:00,Nightmare Creatures (USA).z64
59518,Nintendo 64,Tony Hawk's Pro Skater,Esporte / Skate,Edge Of Reality,Activision,us,1,66,2022-08-06 15:17:53,2000-02-29 00:00:00,Tony Hawk's Pro Skater (USA).z64
5426,Nintendo 64,007 : The World is Not Enough,Tiro / Tiro em 1ª pessoa,Eurocom Developments,Electronic Arts,eu,2,30,2023-03-12 17:53:21,2000-12-08 00:00:00,007 - The World Is Not Enough (Europe) (En Fr De).z64
5496,Nintendo 64,Tonic Trouble,Ação / Aventura,Ubisoft,Ubisoft,eu,2,30,2023-03-12 17:53:21,1999-10-24 00:00:00,Tonic Trouble (Europe) (En Fr De Es It).z64
5533,Nintendo 64,Ready 2 Rumble Boxing,Esporte / Boxe,Point of View,Midway,us,2,30,2023-03-12 17:53:21,1999-10-31 00:00:00,Ready 2 Rumble Boxing (USA).z64
5552,Nintendo 64,Transformers : Beast Wars Transmetals,Luta,Locomotive Corporation,Bam Entertainment,us,2,30,2023-03-12 17:53:21,2000-11-15 00:00:00,Transformers - Beast Wars Transmetals (USA).z64
5502,Nintendo 64,Vigilante 8 : 2nd Offense,Corrida / Pilotagem,Luxoflux,Activision,us,2,30,2023-03-12 17:53:21,2000-02-01 00:00:00,Vigilante 8 - 2nd Offense (USA).z64
5486,Nintendo 64,Mickey's Speedway USA,Corrida / Pilotagem,Rareware,Nintendo,eu,2,30,2023-03-12 17:53:21,2000-12-01 00:00:00,Mickey's Speedway USA (Europe) (En Fr De Es It).z64
5503,Nintendo 64,F1 Racing Championship,Corrida / Pilotagem,Ubisoft,Ubisoft,eu,2,30,2023-03-12 17:53:21,2000-12-08 00:00:00,F1 Racing Championship (Europe) (En Fr De Es It).z64
5543,Nintendo 64,Neon Genesis Evangelion,Luta,BEC,Bandai,jp,2,30,2023-03-12 17:53:21,1999-06-25 00:00:00,Neon Genesis Evangelion (Japan).z64
5598,Nintendo 64,NBA Jam 2000,Esporte / Basquete,Acclaim,Acclaim,eu,2,30,2023-03-12 17:53:21,2000-01-21 00:00:00,NBA Jam 2000 (Europe).z64
5575,Nintendo 64,BattleTanx - Global Assault,Shoot'em Up,Panasonic,3DO,eu,2,30,2023-03-12 17:53:21,2000-04-02 00:00:00,BattleTanx - Global Assault (Europe) (En Fr De).z64
5646,Nintendo 64,Monster Truck Madness 64,Corrida / Pilotagem,Edge Of Reality,Rockstar North,eu,2,30,2023-03-12 17:53:21,1999-10-29 00:00:00,Monster Truck Madness 64 (Europe) (En Fr De Es It).z64
5527,Nintendo 64,Road Rash 64,Corrida / Pilotagem,Pacific Coast Power & Light,THQ,eu,2,30,2023-03-12 17:53:21,1999-12-17 00:00:00,Road Rash 64 (Europe).z64
5433,Nintendo 64,Turok : Dinosaur Hunter,Tiro / Tiro em 1ª pessoa,Iguana Entertainment,Acclaim,us,2,30,2023-03-12 17:53:21,1997-03-04 00:00:00,Turok - Dinosaur Hunter (USA) (Rev B).z64
5483,Nintendo 64,Hercules - The Legendary Journeys,Ação / Aventura,Player 1,Titus,us,2,30,2023-03-12 17:53:21,2000-11-16 00:00:00,Hercules - The Legendary Journeys (USA).z64
5623,Nintendo 64,Off Road Challenge,Corrida / Pilotagem,Avalanche Software,Midway,us,2,30,2023-03-12 17:53:21,1998-06-01 00:00:00,Off Road Challenge (USA).z64
5451,Nintendo 64,Mortal Kombat Mythologies - Sub-Zero,Plataforma,Avalanche Software,Midway,eu,2,30,2023-03-12 17:53:21,1998-02-12 00:00:00,Mortal Kombat Mythologies - Sub-Zero (Europe).z64
71702,Nintendo 64,F1 Pole Position 64,Corrida / Pilotagem,Human,Ubisoft,eu,2,30,2023-03-12 17:53:21,1997-10-01 00:00:00,F1 Pole Position 64 (USA) (En Fr De).z64
5463,Nintendo 64,Indiana Jones and the Infernal Machine,Ação / Aventura,Factor 5,LucasArts,us,2,30,2023-03-12 17:53:21,2000-12-15 00:00:00,Indiana Jones and the Infernal Machine (USA).z64
59534,Nintendo 64,S.C.A.R.S.,Corrida / Pilotagem,Vivid Image,Ubisoft,us,2,30,2023-03-12 17:53:21,1998-12-04 00:00:00,S.C.A.R.S. (USA).z64
5714,Nintendo 64,NASCAR 2000,Corrida / Pilotagem / Corrida,Stormfront Studios,EA Sports,us,2,30,2023-03-12 17:53:21,1999-09-28 00:00:00,NASCAR 2000 (USA).z64
5632,Nintendo 64,Top Gear Rally 2,Corrida / Pilotagem,Saffire,Kemco,us,2,30,2023-03-12 17:53:21,1999-12-03 00:00:00,Top Gear Rally 2 (USA).z64
5468,Nintendo 64,Turok : Rage Wars,Tiro / Tiro em 1ª pessoa,Acclaim,Acclaim,us,2,30,2023-03-12 17:53:21,1999-10-31 00:00:00,Turok - Rage Wars (USA).z64
5472,Nintendo 64,Excitebike 64,Corrida / Pilotagem / Moto,Left Field Productions,Nintendo,us,2,30,2023-03-12 17:53:21,2000-04-30 00:00:00,Excitebike 64 (USA).z64
59512,Nintendo 64,World Cup 98,Esporte / Futebol,EA Sports,EA Sports,eu,2,30,2023-03-12 17:53:21,1998-05-18 00:00:00,World Cup 98 (USA) (En Fr De Es It Nl Sv Da).z64
5466,Nintendo 64,SimCity 2000,Esporte,Genki,Imagineer,jp,2,30,2023-03-12 17:53:21,1998-01-30 00:00:00,SimCity 2000 (Japan).z64
59516,Nintendo 64,Tetris 64,Quebra-cabeças / Queda,Amtex,SETA Corporation,jp,2,30,2023-03-12 17:53:21,1998-11-13 00:00:00,Tetris 64 (Japan) (En).z64
5462,Nintendo 64,FIFA 99,Esporte / Futebol,EA Sports,Electronic Arts,eu,2,30,2023-03-12 17:53:21,1998-12-08 00:00:00,FIFA 99 (USA) (En Fr De Es It Nl Pt Sv).z64
5709,Nintendo 64,Super Bowling,Esporte / Boliche,Athena,UFO Interactive,us,2,30,2023-03-12 17:53:21,2001-01-15 00:00:00,Super Bowling (USA).z64
5610,Nintendo 64,Nuclear Strike 64,Shoot'em Up,Pacific Coast Power & Light,THQ,eu,2,30,2023-03-12 17:53:21,2000-03-03 00:00:00,Nuclear Strike 64 (Europe) (En Fr).z64
5682,Nintendo 64,Virtual Pro Wrestling 64,Esporte / Luta Livre,Asmik,AKI Corporation,jp,2,30,2023-03-12 17:53:21,1997-12-19 00:00:00,Virtual Pro Wrestling 64 (Japan).z64
5566,Nintendo 64,World Driver Championship,Corrida / Pilotagem,Boss Game Studios,Midway,us,2,30,2023-03-12 17:53:21,1999-05-31 00:00:00,World Driver Championship (USA).z64
5476,Nintendo 64,V-Rally Edition '99,Corrida / Pilotagem,Eden Studios,Infogrames,us,2,30,2023-03-12 17:53:21,1999-08-31 00:00:00,V-Rally Edition 99 (USA).z64
5603,Nintendo 64,Top Gear Overdrive,Corrida / Pilotagem,Snowblind Studios,Kemco,us,2,30,2023-03-12 17:53:21,1998-11-23 00:00:00,Top Gear Overdrive (USA).z64
5518,Nintendo 64,Xena : Warrior Princess - The Talisman of Fate,Luta,Saffire,Titus,us,2,30,2023-03-12 17:53:21,1999-12-14 00:00:00,Xena - Warrior Princess - The Talisman of Fate (USA).z64
5443,Nintendo 64,Mission - Impossible,Ação / Aventura,Infogrames,Ocean,eu,2,30,2023-03-12 17:53:21,1998-09-25 00:00:00,Mission Impossible (Europe).z64
5617,Nintendo 64,Magical Tetris Challenge,Quebra-cabeças,Capcom,Activision,eu,2,30,2023-03-12 17:53:21,1999-09-14 00:00:00,Magical Tetris Challenge (Europe).z64
5409,Nintendo 64,Diddy Kong Racing,Ação,Rareware,Rareware,us,2,30,2023-03-12 17:53:21,1997-11-24 00:00:00,Diddy Kong Racing (USA).n64
5542,Nintendo 64,Rainbow Six,Tiro / Tiro em 1ª pessoa,Saffire,Red Storm Entertainment  Inc.,us,2,30,2023-03-12 17:53:21,1999-11-17 00:00:00,Tom Clancy's Rainbow Six (USA).z64
5521,Nintendo 64,Space Station Silicon Valley,Plataforma,DMA Design,Take 2 Interactive,us,2,30,2023-03-12 17:53:21,1998-10-21 00:00:00,SpaceStation Silicon Valley (USA).z64
5713,Nintendo 64,Indy Racing 2000,Corrida / Pilotagem,Paradigm Entertainment,Infogrames,us,1,16,2023-03-14 22:07:59,2000-06-09 00:00:00,Indy Racing 2000 (USA).z64
5726,Nintendo 64,Supercross 2000,Esporte / Corrida de moto em 3ª pessoa,MBL Research,EA Sports,us,1,16,2023-03-14 22:07:59,1999-10-31 00:00:00,Supercross 2000 (USA).z64
5689,Nintendo 64,California Speed,Aventura,Midway,Midway,us,1,226,2023-04-09 15:01:54,1999-02-28 00:00:00,California Speed (USA).z64
5401,Nintendo 64,Mario Kart 64,Corrida / Pilotagem,Nintendo,Nintendo,us,1,260,2023-10-01 14:40:58,1997-02-10 00:00:00,Mario Kart 64 (USA).n64
37449,Arcade - Naomi,Extreme Hunting 2,Tiro,SEGA,SEGA,us,,,,2006-01-01 00:00:00,xtrmhnt2.zip
37450,Arcade - Naomi,Extreme Hunting,Tiro,SEGA,SEGA,us,1,27,2021-11-30 17:21:49,2005-01-01 00:00:00,xtrmhunt.zip
46793,Arcade - Naomi,Melty Blood: Actress Again,Luta / Versus,Ecole,SEGA,us,1,27,2021-11-30 17:21:49,2008-01-01 00:00:00,mbaa.zip
46761,Arcade - Naomi,Gun Survivor 2: Biohazard CODE:Veronica,Tiro,Capcom,Namco,us,1,27,2021-11-30 17:21:49,2001-01-01 00:00:00,gunsur2.zip
46799,Arcade - Naomi,Monkey Ball,Ação / Labirinto,Amusement Vision,SEGA,us,1,27,2021-11-30 17:21:49,2001-01-01 00:00:00,monkeyba.zip
63578,Arcade - Naomi,Rhythm Tengoku,Música e dança / Rítmico,SEGA,SEGA,us,1,27,2021-11-30 17:21:49,2007-01-01 00:00:00,rhytngk.zip
46763,Arcade - Naomi,The House of the Dead 2,Tiro,SEGA,SEGA,us,1,27,2021-11-30 17:21:49,1998-01-01 00:00:00,hotd2.zip
60828,Arcade - Naomi,Oinori-daimyoujin Matsuri,Cassino,SEGA,SEGA,us,1,27,2021-11-30 17:21:49,2003-01-01 00:00:00,oinori.zip
46830,Arcade - Naomi,Senko no Ronde SP,Shoot'em Up,G.Rev,SEGA,us,1,27,2021-11-30 17:21:49,2006-01-01 00:00:00,senkosp.zip
46787,Arcade - Naomi,Mamoru-kun wa Norowarete Shimatta!,Shoot'em Up,G.Rev,SEGA,us,1,27,2021-11-30 17:21:49,2008-01-01 00:00:00,mamonoro.zip
46789,Arcade - Naomi,The Maze of the Kings,Aventura,Hitmaker,SEGA,us,1,27,2021-11-30 17:21:49,2002-01-01 00:00:00,mok.zip
46827,Arcade - Naomi,Sega Tetris,Quebra-cabeças / Queda,SEGA,SEGA,us,1,27,2021-11-30 17:21:49,1999-01-01 00:00:00,sgtetris.zip
46788,Arcade - Naomi,Marvel vs. Capcom 2: New Age of Heroes,Luta / Versus,Capcom,Capcom,us,1,27,2021-11-30 17:21:49,2000-01-01 00:00:00,mvsc2.zip
44126,Arcade - Naomi,WaveRunner GP,Corrida / Pilotagem / Bote,CRI,SEGA,us,1,27,2021-11-30 17:21:49,2001-01-01 00:00:00,wrungp.zip
213650,Arcade - Naomi,Samba de Amigo ver. 2000,Música e dança,Sonic Team,SEGA,us,1,27,2021-11-30 17:21:49,2000-01-01 00:00:00,samba2k.zip
46810,Arcade - Naomi,Virtua Tennis 2,Esporte / Tênis,Hitmaker,SEGA,us,1,27,2021-11-30 17:21:49,2001-01-01 00:00:00,vtennis2.zip
46783,Arcade - Naomi,Kuru Kuru Chameleon,Quebra-cabeças / Igualar,Starfish,SEGA,us,1,27,2021-11-30 17:21:49,2006-01-01 00:00:00,kurucham.zip
46781,Arcade - Naomi,Kick '4' Cash,Esporte / Futebol,Starfish,SEGA,us,1,27,2021-11-30 17:21:49,2004-01-01 00:00:00,kick4csh.zip
213647,Arcade - Naomi,Mushiking The King Of Beetles - Mushiking II / III / III+,Jogo de cartas,SEGA,SEGA,us,1,27,2021-11-30 17:21:49,2005-01-01 00:00:00,mushik2e.zip
46767,Arcade - Naomi,Ikaruga,Shoot'em Up / Vertical,Treasure,SEGA,us,1,27,2021-11-30 17:21:49,2001-01-01 00:00:00,ikaruga.zip
46818,Arcade - Naomi,Quiz Aa! Megami-sama: Tatakau Tsubasa to Tomoni,Quiz / Japonês,Wow Entertainment,SEGA,us,1,27,2021-11-30 17:21:49,2000-01-01 00:00:00,qmegamis.zip
46736,Arcade - Naomi,Dead or Alive 2,Luta / Versus,Tecmo,Tecmo,us,2,224,2023-02-28 17:58:19,1999-01-01 00:00:00,doa2.zip
46832,Arcade - Naomi,Shikigami no Shiro II,Shoot'em Up / Vertical,Alfa System,Taito,us,2,224,2023-02-28 17:58:19,2003-01-01 00:00:00,shikgam2.zip
43845,Arcade - Naomi,Usagi - Yamashiro Mahjong Hen,Jogo de tabuleiro Asiático / Mahjong,Warashi,Warashi,us,2,224,2023-02-28 17:58:19,2003-01-01 00:00:00,usagiym.zip
46848,Arcade - Naomi,Tetris Kiwamemichi,Quebra-cabeças / Queda,Success,Success,us,2,224,2023-02-28 17:58:19,2004-01-01 00:00:00,tetkiwam.zip
46745,Arcade - Naomi,Doki Doki Idol Star Seeker,Quebra-cabeças,G.Rev,G-Rev,us,2,224,2023-02-28 17:58:19,2001-01-01 00:00:00,starseek.zip
46825,Arcade - Naomi,Sega Marine Fishing,Caça e Pesca / Pesca,SEGA,SEGA,us,2,224,2023-02-28 17:58:19,2000-01-01 00:00:00,smarinef.zip
46723,Arcade - Naomi,Capcom vs. SNK Millennium Fight 2000 Pro,Luta / Versus,Capcom,Capcom,us,1,224,2022-11-20 22:19:47,2001-01-01 00:00:00,cvsgd.zip
46844,Arcade - Naomi,Street Fighter Zero 3 Upper,Luta / Versus,Capcom,Capcom,us,1,224,2022-11-20 22:19:47,2001-01-01 00:00:00,sfz3ugd.zip
46777,Arcade - Naomi,Inu no Osanpo,Simulação,Wow Entertainment,SEGA,us,1,224,2022-11-20 22:19:47,2001-01-01 00:00:00,inunoos.zip
46744,Arcade - Naomi,Derby Owners Club World Edition,Esporte com animais / Corrida de cavalos,Hitmaker,SEGA,eu,1,224,2022-11-20 22:19:47,2005-01-01 00:00:00,derbyocw.zip
46757,Arcade - Naomi,Guilty Gear Xx #reload,Luta / Versus,Arc System Works,SEGA,us,1,224,2022-11-20 22:19:47,2003-01-01 00:00:00,ggxxrl.zip
41974,Arcade - Naomi,La Keyboard,Quiz / Japonês,SEGA,SEGA,us,1,224,2022-11-20 22:19:47,2001-01-01 00:00:00,keyboard.zip
46717,Arcade - Naomi,Alienfront: Team Based Combat,Tiro / Tiro em 3ª pessoa,Wow Entertainment,SEGA,us,1,224,2022-11-20 22:19:47,2001-06-01 00:00:00,alienfnt.zip
46731,Arcade - Naomi,Confidential Mission,Tiro,Hitmaker,SEGA,us,1,224,2022-11-20 22:19:47,2000-01-01 00:00:00,confmiss.zip
46720,Arcade - Naomi,Border Down,Shoot'em Up / Horizontal,G.rev Ltd.,G.rev Ltd.,us,1,67,2022-11-21 10:37:53,2003-01-01 00:00:00,bdrdown.zip
46795,Arcade - Naomi,Mobile Suit Gundam: Federation Vs. Zeon,Tiro / Tiro em 3ª pessoa,Capcom,Bandai Namco,us,1,67,2022-11-21 10:37:53,2001-01-01 00:00:00,gundmgd.zip
46807,Arcade - Naomi,Manic Panic Ghosts,Tiro com Lightgun,SEGA,SEGA,us,1,49,2021-11-30 17:34:40,2007-01-01 00:00:00,pokasuka.zip
46759,Arcade - Naomi,Guilty Gear XX Accent Core,Luta / Versus,Arc System Works,SEGA,us,1,49,2021-11-30 17:34:40,2006-01-01 00:00:00,ggxxac.zip
43689,Arcade - Naomi,The Typing of the Dead,Tiro,SEGA,SEGA,us,1,49,2021-11-30 17:34:40,2000-01-01 00:00:00,totd.zip
46739,Arcade - Naomi,Dengen Tenshi Taisen Mahjong Shangri-La,Jogo de tabuleiro Asiático / Mahjong,Marvelous Interactive,Marvelous Interactive,us,1,49,2021-11-30 17:34:40,1999-01-01 00:00:00,shangril.zip
46821,Arcade - Naomi,Radirgy Noa,Shoot'em Up / Vertical,Milestone,SEGA,us,1,49,2021-11-30 17:34:40,2009-01-01 00:00:00,radirgyn.zip
46721,Arcade - Naomi,Cannon Spike,Shoot'em Up,Psikyo,Capcom,us,3,559,2022-11-21 08:48:44,2000-01-01 00:00:00,cspike.zip
46738,Arcade - Naomi,Death Crimson OX,Tiro,Ecole Software,Ecole,us,3,559,2022-11-21 08:48:44,2000-01-01 00:00:00,deathcox.zip
46732,Arcade - Naomi,Cosmic Smash,Esporte / Tênis,SEGA,SEGA,us,3,559,2022-11-21 08:48:44,2000-01-01 00:00:00,csmash.zip
46871,Arcade - Naomi,Virtua Striker 2 Ver. 2000,Esporte / Futebol,SEGA,SEGA,us,3,559,2022-11-21 08:48:44,1999-01-01 00:00:00,vs2_2k.zip
46778,Arcade - Naomi,Jambo! Safari,Corrida / Pilotagem,SEGA,SEGA,us,3,559,2022-11-21 08:48:44,1999-01-01 00:00:00,jambo.zip
46857,Arcade - Naomi,Virtua Athlete,Esporte,Hitmaker,SEGA,us,3,559,2022-11-21 08:48:44,2002-01-01 00:00:00,vathlete.zip
143405,Arcade - Naomi,Derby Owners Club,Esporte com animais / Corrida de cavalos,SEGA,SEGA,us,3,559,2022-11-21 08:48:44,1999-01-01 00:00:00,derbyoc.zip
46836,Arcade - Naomi,Shootout Pool,Esporte / Natação,SEGA,SEGA,us,3,559,2022-11-21 08:48:44,2002-01-01 00:00:00,shootopl.zip
46826,Arcade - Naomi,Sega Strike Fighter,Tiro / Avião em 1ª pessoa,SEGA,SEGA,us,3,559,2022-11-21 08:48:44,2000-01-01 00:00:00,sstrkfgt.zip
63260,Arcade - Naomi,Ninja Assault,Tiro,Namco,Namco,us,3,559,2022-11-21 08:48:44,2000-01-01 00:00:00,ninjaslt.zip
46737,Arcade - Naomi,Dead or Alive 2 Millennium,Luta / 3D,Team Ninja,Tecmo,us,1,81,2023-02-28 17:59:46,2000-01-01 00:00:00,doa2m.zip
143404,Arcade - Naomi,Crackin' DJ Part 2,Música e dança / Rítmico,SEGA,SEGA,us,1,81,2023-02-28 17:59:46,2001-01-01 00:00:00,crakndj2.zip
46727,Arcade - Naomi,Cleopatra Fortune Plus,Quebra-cabeças / Igualar,Altron,Taito,us,1,81,2023-02-28 17:59:46,2002-01-01 00:00:00,cleoftp.zip
44217,Arcade - Naomi,Zombie Revenge,Tiro,SEGA,SEGA,us,1,81,2023-02-28 17:59:46,1999-01-01 00:00:00,zombrvn.zip
46713,Arcade - Naomi,Airline Pilots,Simulação,SEGA,SEGA,us,1,81,2023-02-28 17:59:46,1999-01-01 00:00:00,alpilot.zip
46766,Arcade - Naomi,Idol Janshi Suchie-Pai III,Jogo de tabuleiro Asiático / Mahjong,Jaleco,SEGA,us,1,81,2023-02-28 17:59:46,1999-01-01 00:00:00,suchie3.zip
46758,Arcade - Naomi,Guilty Gear Xx,Luta / Versus,Arc System Works,Sammy Studios,us,1,74,2021-11-30 17:23:13,2002-01-01 00:00:00,ggxx.zip
46842,Arcade - Naomi,Spikers Battle,Luta / 3D,Amusement Vision,SEGA,us,1,149,2021-11-30 17:39:24,2001-01-01 00:00:00,spkrbtl.zip
46749,Arcade - Naomi,Asian Dynamite,Briga de rua,SEGA,SEGA,us,2,12,2004-12-31 22:07:59,2007-01-01 00:00:00,asndynmt.zip
46734,Arcade - Naomi,Crackin' DJ,Música e dança / Rítmico,SEGA,SEGA,jp,2,12,2004-12-31 22:07:59,2000-01-01 00:00:00,crackndj.zip
46875,Arcade - Naomi,Cyber Troopers Virtual-On: Oratorio Tangram M.S.B.S. Ver. 5.66,Luta / Versus,Hitmaker,SEGA,us,1,115,2021-11-30 17:45:39,2000-01-01 00:00:00,vonot.zip
46868,Arcade - Naomi,Virtua NBA,Esporte / Basquete,SEGA,SEGA,us,1,115,2021-11-30 17:45:39,2000-01-01 00:00:00,virnba.zip
46785,Arcade - Naomi,Lupin the 3rd: The Shooting,Tiro com Lightgun,Wow Entertainment,SEGA,us,1,115,2021-11-30 17:45:39,2001-01-01 00:00:00,lupinsho.zip
46726,Arcade - Naomi,Chaos Field,Shoot'em Up / Vertical,Able Corp.,Milestone,us,1,115,2021-11-30 17:45:39,2004-01-01 00:00:00,cfield.zip
46816,Arcade - Naomi,Puyo Puyo Da! Featuring Ellena System,Música e dança / Rítmico,Compile,Compile,us,1,115,2021-11-30 17:45:39,1999-01-01 00:00:00,puyoda.zip
46768,Arcade - Naomi,Illmatic Envelope,Shoot'em Up / Vertical,Milestone,SEGA,us,1,115,2021-11-30 17:45:39,2008-01-01 00:00:00,illvelo.zip
46752,Arcade - Naomi,F355 Challenge 2: International Course Edition,Corrida / Pilotagem / Corrida em 1ª pessoa,SEGA,SEGA,us,1,115,2023-02-28 18:01:55,2001-01-01 00:00:00,f355twn2.zip
46850,Arcade - Naomi,Touch De Zunou,Quebra-cabeças,SEGA,SEGA,us,1,115,2023-02-28 18:01:55,2006-01-01 00:00:00,zunou.zip
46828,Arcade - Naomi,Senko no Ronde,Shoot'em Up,G.Rev,SEGA,us,1,115,2023-02-28 18:01:55,2005-01-01 00:00:00,senko.zip
46791,Arcade - Naomi,Melty Blood: Act Cadenza Version B,Luta / Versus,Ecole Software,SEGA,us,1,115,2023-02-28 18:01:55,2006-01-01 00:00:00,meltyb.zip
149729,Arcade - Naomi,Tokyo Bus Guide,Simulação,FortyFive,FortyFive,us,1,115,2023-02-28 18:01:55,1999-01-01 00:00:00,tokyobus.zip
46881,Arcade - Naomi,Zero Gunner 2,Shoot'em Up,Psikyo,Psikyo,us,1,115,2023-02-28 18:01:55,2001-01-01 00:00:00,zerogu2.zip
213656,Arcade - Naomi,Shakatto Tambourine - Cho Powerup Chu,Música e dança,SEGA,SEGA,us,1,115,2023-02-28 18:01:55,2001-01-01 00:00:00,shaktamb.zip
46748,Arcade - Naomi,Dynamite Baseball NAOMI,Esporte / Baseball,SEGA,SEGA,us,1,115,2023-02-28 18:01:55,1998-01-01 00:00:00,dybbnao.zip
46841,Arcade - Naomi,Spawn - In The Demon's Hand,Tiro / Tiro em 3ª pessoa,Capcom,Capcom,us,2,193,2023-02-28 18:04:44,1999-01-01 00:00:00,spawn.zip
46879,Arcade - Naomi,World Series Baseball,Esporte / Baseball,Wow Entertainment,SEGA,us,2,193,2023-02-28 18:04:44,2001-01-01 00:00:00,wsbbgd.zip
46800,Arcade - Naomi,Musapey no Choco Marker,Quebra-cabeças / Igualar,Ecole,Ecole Software,us,2,193,2023-02-28 18:04:44,2002-01-01 00:00:00,chocomk.zip
46711,Arcade - Naomi,18 Wheeler: American Pro Trucker,Corrida / Pilotagem,SEGA,SEGA,us,3,232,2022-11-20 22:10:31,2000-01-01 00:00:00,18wheelr.zip
46880,Arcade - Naomi,WWF Royal Rumble,Esporte / Luta Livre,SEGA,SEGA,us,3,232,2022-11-20 22:10:31,2000-01-01 00:00:00,wwfroyal.zip
46804,Arcade - Naomi,Noukone Puzzle Takoron,Quebra-cabeças,Compile Heart,SEGA,us,3,232,2022-11-20 22:10:31,2006-01-01 00:00:00,takoron.zip
46786,Arcade - Naomi,Lupin the 3rd: The Typing,Variados,Wow Entertainment,SEGA,us,3,232,2022-11-20 22:10:31,2002-01-01 00:00:00,luptype.zip
46741,Arcade - Naomi,Derby Owners Club 2000,Esporte com animais / Corrida de cavalos,Hitmaker,SEGA,us,3,232,2022-11-20 22:10:31,2000-01-01 00:00:00,derbyo2k.zip
62973,Arcade - Naomi,Kasei Channel Mars TV,Quiz / Japonês,SEGA,SEGA,us,3,232,2022-11-20 22:10:31,1999-01-01 00:00:00,marstv.zip
46878,Arcade - Naomi,World Kicks,Esporte / Futebol,Namco,Namco,us,3,232,2022-11-20 22:10:31,2000-01-01 00:00:00,wldkicks.zip
46746,Arcade - Naomi,Virtua Golf,Esporte / Golfe,Wow Entertainment,SEGA,us,3,232,2022-11-20 22:10:31,2001-01-01 00:00:00,dygolf.zip
46762,Arcade - Naomi,Heavy Metal Geomatrix,Tiro / Tiro em 3ª pessoa,Capcom,Capcom,us,3,232,2022-11-20 22:10:31,2001-01-01 00:00:00,hmgeo.zip
46833,Arcade - Naomi,Shin Nihon Pro Wrestling Toukon Retsuden 4 Arcade Edition,Esporte / Luta Livre,Yuke's,Capcom,us,3,232,2022-11-20 22:10:31,2000-01-01 00:00:00,toukon4.zip
46849,Arcade - Naomi,Touch De Uno! 2,Variados,Yuke's,SEGA,us,3,232,2022-11-20 22:10:31,2000-01-01 00:00:00,tduno2.zip
46845,Arcade - Naomi,World Series 99,Esporte / Baseball,Yuke's,SEGA,us,3,232,2022-11-20 22:10:31,1999-01-01 00:00:00,smlg99.zip
46798,Arcade - Naomi,Moeru Casinyo,Cassino / Cartas,Altron,SEGA,us,3,232,2022-11-20 22:10:31,2002-01-01 00:00:00,moeru.zip
46735,Arcade - Naomi,Crazy Taxi,Corrida / Pilotagem / Corrida em 3ª pessoa,SEGA,SEGA,us,2,68,2023-03-17 18:21:09,1999-01-01 00:00:00,crzytaxi.zip
46813,Arcade - Naomi,Power Stone 2,Luta / 3D,Capcom,Capcom,us,2,68,2023-03-17 18:21:09,2000-01-01 00:00:00,pstone2.zip
46754,Arcade - Naomi,Giant Gram 2000 - All Japan Pro Wrestling 3 Brave Men Of Glory,Esporte / Luta Livre,SEGA,SEGA,us,2,68,2023-03-17 18:21:09,2000-01-01 00:00:00,gram2000.zip
46718,Arcade - Naomi,Azumanga Daioh Puzzle Bobble,Quebra-cabeças / Lançar,MOSS,Taito,us,1,213,2022-11-21 10:36:42,2002-01-01 00:00:00,azumanga.zip
46843,Arcade - Naomi,Sports Jam,Esporte,Wow Entertainment,SEGA,us,1,213,2022-11-21 10:36:42,2000-01-01 00:00:00,sprtjam.zip
46814,Arcade - Naomi,Project Justice,Luta / 3D,Capcom,Capcom,us,1,48,2021-11-30 17:28:34,2000-01-01 00:00:00,pjustic.zip
46760,Arcade - Naomi,Guilty Gear XX Slash,Luta / Versus,Arc System Works,SEGA,us,1,48,2021-11-30 17:28:34,2005-01-01 00:00:00,ggxxsla.zip
46751,Arcade - Naomi,F355 Challenge,Corrida / Pilotagem / Corrida em 1ª pessoa,SEGA,SEGA,us,1,21,2023-02-28 18:02:21,1999-01-01 00:00:00,f355.zip
46815,Arcade - Naomi,Psyvariar 2: The Will To Fabricate,Shoot'em Up / Vertical,Success,Taito,us,1,21,2023-02-28 18:02:21,2003-01-01 00:00:00,psyvar2.zip
41428,Arcade - Naomi,Giant Gram: All Japan Pro Wrestling 2,Esporte / Luta Livre,Scarab,SEGA,us,1,21,2023-02-28 18:02:21,1999-01-01 00:00:00,ggram2.zip
43300,Arcade - Naomi,Super Shanghai 2005,Quebra-cabeças / Igualar,Starfish,Starfish,us,1,21,2023-02-28 18:02:21,2005-01-01 00:00:00,ss2005.zip
46747,Arcade - Naomi,Dynamite Baseball '99,Esporte / Baseball,Starfish,SEGA,us,1,21,2023-02-28 18:02:21,1999-01-01 00:00:00,dybb99.zip
204453,Arcade - Naomi,Mazan: Flash of the Blade,Luta / Versus,Namco,Namco,us,1,59,2023-09-30 17:24:25,2002-01-01 00:00:00,mazan.zip
46780,Arcade - Naomi,Karous,Shoot'em Up / Vertical,Milestone,Milestone,us,1,2120,2023-09-30 17:23:01,2006-01-01 00:00:00,karous.zip
46715,Arcade - Naomi,Akatsuki Blitzkampf Ausf Achse,Luta / Versus,Subtle Style,PIC,us,8,6423,2023-10-12 18:43:07,2008-01-01 00:00:00,ausfache.zip
46756,Arcade - Naomi,Guilty Gear X,Luta / Versus,Arc System Works,SEGA,us,2,1488,2023-11-21 21:38:18,2000-01-01 00:00:00,ggx.zip
78901,Arcade - Naomi,Melty Blood: Act Cadenza Ver. A,Luta / Versus,Ecole Software,SEGA,us,2,2044,2023-11-23 22:01:29,2005-01-01 00:00:00,meltybld.zip
46797,Arcade - Naomi,Mobile Suit Gundam: Federation Vs. Zeon DX,Tiro / Tiro em 3ª pessoa,Capcom,Bandai Namco,us,1,201,2023-11-23 22:05:05,2001-01-01 00:00:00,gundmxgd.zip
46820,Arcade - Naomi,Radirgy,Shoot'em Up / Vertical,Milestone,Milestone,us,1,310,2023-11-23 22:15:06,2005-01-01 00:00:00,radirgy.zip
46817,Arcade - Naomi,Puyo Pop Fever,Quebra-cabeças / Queda,Sonic Team,SEGA,us,1,236,2023-11-23 22:09:40,2003-01-01 00:00:00,puyofev.zip
46725,Arcade - Naomi,Capcom vs. SNK: Millennium Fight 2000,Luta / Versus,Capcom,Capcom,us,5,4547,2023-11-27 22:17:41,2000-01-01 00:00:00,capsnk.zip
46722,Arcade - Naomi,Capcom vs. SNK 2: Mark of the Millennium 2001,Luta / Versus,Capcom,Capcom,us,2,1464,2023-12-15 13:57:42,2001-01-01 00:00:00,cvs2.zip
46812,Arcade - Naomi,Power Stone,Luta / 3D,Capcom,Capcom,us,2,998,2023-12-22 14:57:42,1999-01-01 00:00:00,pstone.zip
46806,Arcade - Naomi,Outtrigger,Tiro / Tiro em 1ª pessoa,SEGA,SEGA,us,1,103,2023-12-22 14:45:50,1999-01-01 00:00:00,otrigger.zip
46822,Arcade - Naomi,Ring Out 4x4,Corrida / Pilotagem / Corrida,SEGA,SEGA,us,1,48,2023-12-22 14:59:03,1999-01-01 00:00:00,ringout.zip
46838,Arcade - Naomi,Slashout,Luta / 3D,Amusement Vision,SEGA,us,1,2033,2023-12-22 15:33:18,2000-01-01 00:00:00,slashout.zip
46855,Arcade - Naomi,Under Defeat,Shoot'em Up / Vertical,G.Rev,G-Rev,us,1,753,2023-12-26 22:36:03,2005-01-01 00:00:00,undefeat.zip
46851,Arcade - Naomi,Toy Fighter,Luta / Versus,Anchor,SEGA,us,2,435,2023-12-30 10:59:28,1999-01-01 00:00:00,toyfight.zip
46853,Arcade - Naomi,Trizeal,Shoot'em Up / Vertical,Triangle Service,Taito,us,1,2336,2023-12-30 10:57:10,2004-01-01 00:00:00,trizeal.zip
46809,Arcade - Naomi,Virtua Tennis,Esporte / Tênis,SEGA,SEGA,us,2,1460,2023-12-30 10:17:25,2000-07-12 00:00:00,vtennisg.zip
46852,Arcade - Naomi,Trigger Heart Exelica,Shoot'em Up / Vertical,Warashi,Warashi,us,1,78,2023-12-31 16:41:17,2006-01-01 00:00:00,trgheart.zip
46834,Arcade - Naomi,Shooting Love 2007,Shoot'em Up / Vertical,Triangle Service,Triangle Service,us,1,1676,2023-12-31 17:09:26,2007-01-01 00:00:00,sl2007.zip
46779,Arcade - Naomi,Jingi Storm: The Arcade,Luta / Versus,Atravia Japan,Atravia Japan,us,4,1716,2024-06-11 21:22:26,2006-01-01 00:00:00,jingystm.zip
46755,Arcade - Naomi,Giga Wing 2,Shoot'em Up / Vertical,Takumi,Capcom,us,2,3405,2025-03-22 18:53:08,2000-01-01 00:00:00,gwing2.zip
46742,Arcade - Naomi,Derby Owners Club II,Esporte com animais / Corrida de cavalos,SEGA,SEGA,jp,2,3405,2025-03-22 18:53:08,2001-01-01 00:00:00,derbyoc2.zip
46858,Arcade - Naomi 2,Virtua Fighter 4,Luta / Versus,SEGA,SEGA,wr,1,41,2023-02-19 22:19:57,2002-01-01 00:00:00,vf4cart.zip
46862,Arcade - Naomi 2,Virtua Fighter 4 Evolution,Luta / Versus,SEGA,SEGA,wr,1,41,2023-02-19 22:19:57,2002-01-01 00:00:00,vf4evoct.zip
46867,Arcade - Naomi 2,Virtua Fighter 4 Final Tuned,Luta / Versus,SEGA,SEGA,us,1,41,2023-02-19 22:19:57,2004-01-01 00:00:00,vf4tuned.zip
46719,Arcade - Naomi 2,Beach Spikers: Virtua Beach Volleyball,Esporte / Voleibol,SEGA,SEGA,us,1,38,2023-03-12 17:49:35,2001-07-01 00:00:00,beachspi.zip
46862,Arcade - Naomi 2,Virtua Fighter 4 Evolution,Luta / Versus,SEGA,SEGA,jp,1,38,2023-03-12 17:49:35,2002-01-01 00:00:00,vf4evo.zip
44011,Arcade - Naomi 2,Virtua Striker 3,Esporte / Futebol,SEGA,SEGA,us,1,57,2023-02-20 09:38:54,2001-01-01 00:00:00,vstrik3.zip
46858,Arcade - Naomi 2,Virtua Fighter 4,Luta / Versus,SEGA,SEGA,us,1,127,2023-10-16 16:43:07,2002-01-01 00:00:00,vf4.zip
5760,Nintendo DS,The Legend of Zelda : Spirit Tracks,Jogos de RPG,Nintendo,Nintendo,us,,,,2009-12-07 00:00:00,4527 - Legend of Zelda - Spirit Tracks  The (US)(M3).7z
5977,Nintendo DS,Rayman DS,Plataforma,DC,Ubisoft,us,,,,2005-03-24 00:00:00,0047 - Rayman DS (U)(Brassteroid Team).7z
6007,Nintendo DS,Digimon World Ds,Jogos de RPG,Bandai Namco,Bandai Namco,us,,,,2006-11-14 00:00:00,0662 - Digimon World DS (U)(Legacy).7z
5842,Nintendo DS,One Piece : Gigant Battle,Luta,Ganbarion,Bandai Namco,eu,,,,2010-09-09 00:00:00,5822 - One Piece - Gigant Battle (E).zip
86737,Nintendo DS,Pokémon Diamond Version,Jogos de RPG,Game Freak,Nintendo,us,,,,2007-04-22 00:00:00,1015 - Pokemon Diamond (v05) (U)(Legacy).7z
5778,Nintendo DS,Mario Kart DS,Corrida / Pilotagem,Nintendo,Nintendo,us,,,,2005-11-14 00:00:00,0168 - Mario Kart DS (U)(SCZ).7z
5996,Nintendo DS,Sonic Rush,Plataforma,SEGA,SEGA,us,,,,2005-11-15 00:00:00,0177 - Sonic Rush (U)(Legacy).7z
6015,Nintendo DS,Jump Super Stars,Luta,Ganbarion,Nintendo,jp,,,,2006-11-23 00:00:00,0085 - Jump Super Stars (J)(Trashman).7z
5807,Nintendo DS,Metroid Prime : Hunters,Tiro com Lightgun,Nintendo,Nintendo,us,,,,2006-03-20 00:00:00,0367 - Metroid Prime Hunters (U)(WRG).7z
5822,Nintendo DS,Mario & Luigi : Partners in Time,Jogos de RPG,Alpha Dream,Nintendo,us,,,,2005-11-28 00:00:00,0216 - Mario & Luigi - Partners in Time (U)(SCZ).7z
5748,Nintendo DS,New Super Mario Bros.,Plataforma,Nintendo,Nintendo,us,,,,2006-05-15 00:00:00,0434 - New Super Mario Bros. (U)(Psyfer).7z
5764,Nintendo DS,Super Mario 64 DS,Plataforma / Corre e Pula,Nintendo,Nintendo,us,,,,2004-11-20 00:00:00,0037 - Super Mario 64 DS (U)(Trashman).7z
5753,Nintendo DS,The Legend of Zelda : Phantom Hourglass,Jogos de RPG,Nintendo EAD,Nintendo,us,,,,2007-10-01 00:00:00,1456 - Legend of Zelda - Phantom Hourglass  The (U)(Independent).7z
6203,Nintendo DS,Bomberman,Ação / Labirinto,Racjin,Ubisoft,us,,,,2005-06-21 00:00:00,0061 - Bomberman (U)(Lube).7z
5805,Nintendo DS,Dragon Ball Z - Supersonic Warriors 2,Luta,Arc System Works,Bandai,eu,,,,2005-12-01 00:00:00,0304 - Dragon Ball Z - Supersonic Warriors 2 (E)(Eternity).7z
5984,Nintendo DS,Mega Man Zx,Ação,Inti Creates,Capcom,us,,,,2006-09-12 00:00:00,0556 - MegaMan ZX (U)(Legacy).7z
5771,Nintendo DS,Chrono Trigger,Jogos de RPG,TOSE,Square Enix,us,,,,2008-11-25 00:00:00,3055 - Chrono Trigger (U).7z
5932,Nintendo DS,Bleach - The 3rd Phantom,Jogos de RPG,Tom Create,SEGA,us,,,,2008-06-26 00:00:00,4191 - Bleach - The 3rd Phantom (US).7z
6230,Nintendo DS,Metal Slug 7,Tiro / Run and Gun,Noise Factory,SNK,us,,,,2008-11-21 00:00:00,2982 - Metal Slug 7 (U).7z
364348,Nintendo DS,MegaETk,Tiro / Run and Gun,ETK,SNK,us,,,,2008-11-21 00:00:00,MegaETk-1.03-noFAT.nds
6344,Nintendo DS,Naruto : Path of the Ninja,Jogos de RPG,Tomy,Tomy,us,,,,2007-10-23 00:00:00,1550 - Naruto - Path of the Ninja (U).7z
37598,Arcade - Neo Geo,King of the Monsters 2 - The Next Thing,Briga de rua,SNK,SNK,us,,,,1992-01-01 00:00:00,kotm2.zip
13861,Arcade - Neo Geo,Neo Bomberman,Ação / Labirinto,SNK,Hudson,us,,,,1997-01-01 00:00:00,neobombe.zip
37621,Arcade - Neo Geo,Ragnagard,Luta / Versus,Saurus,SNK,us,,,,1996-01-01 00:00:00,ragnagrd.zip
37639,Arcade - Neo Geo,Shock Troopers,Tiro / Run and Gun,Saurus,SNK,us,,,,1997-11-11 00:00:00,shocktro.zip
37592,Arcade - Neo Geo,The King of Fighters '95,Luta / Versus,SNK,SNK,us,,,,1995-01-01 00:00:00,kof95.zip
37625,Arcade - Neo Geo,Riding Hero,Corrida / Pilotagem / Corrida de moto em 3ª pessoa,SNK,SNK,us,,,,1990-01-01 00:00:00,ridhero.zip
37656,Arcade - Neo Geo,Windjammers,Esporte,Data East,SNK,us,,,,1994-01-01 00:00:00,wjammers.zip
37642,Arcade - Neo Geo,Aero Fighters 3,Shoot'em Up / Vertical,Video System,SNK,us,,,,1995-11-17 00:00:00,sonicwi3.zip
37603,Arcade - Neo Geo,Money Puzzle Exchanger,Quebra-cabeças / Lançar,SNK,SNK,us,,,,1997-01-01 00:00:00,miexchng.zip
13920,Arcade - Neo Geo,Kizuna Encounter - Super Tag Battle,Luta / Versus,SNK,SNK,us,,,,1996-01-01 00:00:00,kizuna.zip
37590,Arcade - Neo Geo,Karnov's Revenge,Luta / Versus,Data East,SNK,us,,,,1994-01-01 00:00:00,karnovr.zip
13896,Arcade - Neo Geo,Mutation Nation,Briga de rua,SNK,SNK,us,,,,1992-01-01 00:00:00,mutnat.zip
37632,Arcade - Neo Geo,Samurai Shodown IV - Amakusa's Revenge,Luta / Versus,SNK,SNK,us,,,,1996-11-29 00:00:00,samsho4.zip
37647,Arcade - Neo Geo,The Ultimate 11: SNK Football Championship,Esporte / Futebol,SNK,SNK,us,,,,1996-01-01 00:00:00,ssideki4.zip
37645,Arcade - Neo Geo,Super Sidekicks 2 - The World Championship,Esporte / Futebol,SNK,SNK,us,,,,1994-04-19 00:00:00,ssideki2.zip
13938,Arcade - Neo Geo,Captain Tomaday,Shoot'em Up / Vertical,Visco,SNK,us,,,,1999-01-01 00:00:00,ctomaday.zip
37635,Arcade - Neo Geo,Super Dodge Ball,Esporte / Queimado,Tecmo,Tecmo,us,,,,1996-01-01 00:00:00,sdodgeb.zip
13957,Arcade - Neo Geo,Last Resort,Shoot'em Up / Horizontal,SNK,SNK,us,,,,1992-01-01 00:00:00,lresort.zip
13904,Arcade - Neo Geo,Magical Drop II,Quebra-cabeças / Lançar,Data East,SNK,us,,,,1996-01-01 00:00:00,magdrop2.zip
37614,Arcade - Neo Geo,Puzzle Bobble,Quebra-cabeças / Lançar,Taito,Taito,us,,,,1994-12-21 00:00:00,pbobblen.zip
37612,Arcade - Neo Geo,Ninja Master's: Haō Ninpō Chō,Luta / Versus,ADK,SNK,us,,,,1996-01-01 00:00:00,ninjamas.zip
37579,Arcade - Neo Geo,Fight Fever,Luta / Versus,Viccom,SNK,us,,,,1994-01-01 00:00:00,fightfev.zip
37571,Arcade - Neo Geo,Baseball Stars Professional,Esporte / Baseball,SNK,SNK,us,,,,1990-01-01 00:00:00,bstars.zip
37620,Arcade - Neo Geo,Puzzle De Pon!,Quebra-cabeças / Lançar,Visco,SNK,us,,,,1995-11-28 00:00:00,puzzledp.zip
37654,Arcade - Neo Geo,World Heroes,Luta / Versus,ADK,SNK,us,,,,1992-07-28 00:00:00,wh1.zip
13962,Arcade - Neo Geo,Thrash Rally,Corrida / Pilotagem / Corrida,ADK,ADK,us,,,,1991-12-20 00:00:00,trally.zip
13879,Arcade - Neo Geo,The King of Fighters 2000,Luta / Versus,SNK,SNK,us,,,,2000-01-01 00:00:00,kof2000.zip
37567,Arcade - Neo Geo,Art of Fighting 3 : The Path of the Warrior,Luta / Versus,SNK,SNK,us,,,,1996-04-26 00:00:00,aof3.zip
37604,Arcade - Neo Geo,Metal Slug - Super Vehicle-001,Tiro / Run and Gun,Nazca,SNK,us,,,,1996-01-01 00:00:00,mslug.zip
13966,Arcade - Neo Geo,Football Frenzy,Esporte / Futebol americano,SNK,SNK,us,,,,1992-01-01 00:00:00,fbfrenzy.zip
13892,Arcade - Neo Geo,NAM-1975,Tiro / Tiro em 3ª pessoa,SNK,SNK,us,,,,1990-01-01 00:00:00,nam1975.zip
37574,Arcade - Neo Geo,Eight Man,Plataforma / Combate com rolagem,SNK,SNK,us,,,,1991-01-01 00:00:00,eightman.zip
37607,Arcade - Neo Geo,Metal Slug X - Super Vehicle-001,Tiro / Run and Gun,SNK,SNK,us,,,,1999-01-01 00:00:00,mslugx.zip
37583,Arcade - Neo Geo,Voltage Fighter Gowcaizer,Luta / Versus,Technos Japan,Tecmo,us,,,,1995-01-01 00:00:00,gowcaizr.zip
37578,Arcade - Neo Geo,Fatal Fury 3: Road to the Final Victory,Luta / Versus,SNK,SNK,us,,,,1995-01-01 00:00:00,fatfury3.zip
37631,Arcade - Neo Geo,Samurai Shodown III,Luta / Versus,SNK,SNK,us,,,,1995-12-01 00:00:00,samsho3.zip
37600,Arcade - Neo Geo,The Last Blade 2,Luta / Versus,SNK,SNK,us,,,,1999-01-28 00:00:00,lastbld2.zip
37640,Arcade - Neo Geo,Soccer Brawl,Esporte / Futebol,SNK,SNK,us,,,,1991-01-01 00:00:00,socbrawl.zip
37627,Arcade - Neo Geo,Strikers 1945 Plus,Shoot'em Up / Vertical,Psikyo,SNK,us,,,,1999-12-24 00:00:00,s1945p.zip
37602,Arcade - Neo Geo,Magician Lord,Plataforma / Tiro com rolagem,ADK,SNK,us,,,,1990-01-01 00:00:00,maglord.zip
13918,Arcade - Neo Geo,Robo Army,Briga de rua,SNK,SNK,us,,,,1991-01-01 00:00:00,roboarmy.zip
13902,Arcade - Neo Geo,World Heroes Perfect,Luta / Versus,ADK,SNK,us,,,,1995-08-25 00:00:00,whp.zip
37641,Arcade - Neo Geo,Aero Fighters 2,Shoot'em Up / Vertical,Video System,SNK,us,,,,1994-08-26 00:00:00,sonicwi2.zip
37624,Arcade - Neo Geo,Real Bout Fatal Fury Special,Luta / Versus,SNK,SNK,us,,,,1997-02-28 00:00:00,rbffspec.zip
13931,Arcade - Neo Geo,Cyber-Lip,Tiro / Run and Gun,SNK,SNK,us,,,,1990-11-07 00:00:00,cyberlip.zip
37576,Arcade - Neo Geo,Fatal Fury : King of Fighters,Luta / Versus,SNK,SNK,us,,,,1991-01-01 00:00:00,fatfury1.zip
13883,Arcade - Neo Geo,Magical Drop III,Quebra-cabeças / Lançar,Data East,Data East,us,,,,1997-01-01 00:00:00,magdrop3.zip
13956,Arcade - Neo Geo,Nightmare in the Dark,Plataforma / Corre e Pula,AM Factory,SNK,us,,,,2001-01-27 00:00:00,nitd.zip
37580,Arcade - Neo Geo,Galaxy Fight: Universal Warriors,Luta / Versus,Sunsoft,SNK,us,,,,1995-01-01 00:00:00,galaxyfg.zip
13894,Arcade - Neo Geo,The King of Fighters '94,Luta / Versus,SNK,SNK,us,,,,1994-10-01 00:00:00,kof94.zip
37577,Arcade - Neo Geo,Fatal Fury 2,Luta / Versus,SNK,SNK,us,,,,1992-12-02 00:00:00,fatfury2.zip
13935,Arcade - Neo Geo,The Super Spy,Variados,SNK,SNK,us,,,,1991-01-01 00:00:00,superspy.zip
37650,Arcade - Neo Geo,Top Hunter: Roddy & Cathy,Plataforma / Combate com rolagem,SNK,SNK,us,,,,1994-01-01 00:00:00,tophuntr.zip
37657,Arcade - Neo Geo,Zed Blade,Shoot'em Up / Horizontal,NMK,SNK,us,,,,1994-09-13 00:00:00,zedblade.zip
37649,Arcade - Neo Geo,Street Hoop,Esporte / Basquete,Data East,SNK,us,,,,1994-12-09 00:00:00,strhoop.zip
37569,Arcade - Neo Geo,Blue's Journey,Plataforma / Combate com rolagem,ADK,SNK,us,,,,1991-07-01 00:00:00,bjourney.zip
13976,Arcade - Neo Geo,League Bowling,Esporte / Boliche,SNK,SNK,us,,,,1990-01-01 00:00:00,lbowling.zip
13934,Arcade - Neo Geo,Ninja Commando,Tiro / Run and Gun,ADK,SNK,us,,,,1992-01-01 00:00:00,ncommand.zip
37636,Arcade - Neo Geo,Sengoku 2,Luta / 2D,SNK,SNK,us,,,,1993-01-01 00:00:00,sengoku2.zip
37572,Arcade - Neo Geo,Burning Fight,Briga de rua,SNK,SNK,us,,,,1991-01-01 00:00:00,burningf.zip
37655,Arcade - Neo Geo,World Heroes 2 Jet,Luta / Versus,ADK,SNK,jp,,,,1994-04-26 00:00:00,wh2j.zip
37610,Arcade - Neo Geo,Neo Drift Out - New Technology,Corrida / Pilotagem / Corrida,SNK,SNK,us,,,,1996-01-01 00:00:00,neodrift.zip
37575,Arcade - Neo Geo,Fatal Fury Special,Luta / Versus,SNK,SNK,us,,,,1993-01-01 00:00:00,fatfursp.zip
13945,Arcade - Neo Geo,Ganryu,Plataforma / Combate com rolagem,Visco,SNK,us,,,,1999-01-01 00:00:00,ganryu.zip
13893,Arcade - Neo Geo,Blazing Star,Shoot'em Up / Horizontal,Yumekobo,SNK,us,,,,1998-01-01 00:00:00,blazstar.zip
37613,Arcade - Neo Geo,Puzzle Bobble 2,Quebra-cabeças / Lançar,Taito,Taito,us,,,,1999-01-01 00:00:00,pbobbl2n.zip
13853,Arcade - Neo Geo,SVC Chaos - SNK Vs. Capcom,Luta / Versus,SNK Playmore,SNK Playmore,us,,,,2003-07-01 00:00:00,svc.zip
13874,Arcade - Neo Geo,Sengoku,Luta / Versus,SNK,SNK,us,,,,1991-01-01 00:00:00,sengoku.zip
37637,Arcade - Neo Geo,Sengoku 3,Luta / 2D,Noise Factory,SNK,us,,,,2001-10-25 00:00:00,sengoku3.zip
37619,Arcade - Neo Geo,Puzzle De Pon! R!,Quebra-cabeças / Lançar,Visco,SNK,us,,,,1996-01-01 00:00:00,puzzldpr.zip
13871,Arcade - Neo Geo,Metal Slug 5,Tiro / Run and Gun,SNK,SNK,us,,,,2003-01-01 00:00:00,mslug5.zip
37634,Arcade - Neo Geo,Savage Reign,Luta / Versus,SNK,SNK,us,,,,1995-01-01 00:00:00,savagere.zip
37608,Arcade - Neo Geo,Ninja Combat,Briga de rua,Alpha Denshi,SNK,us,,,,1990-01-01 00:00:00,ncombat.zip
13876,Arcade - Neo Geo,Pulstar,Shoot'em Up / Horizontal,Aicom,SNK,us,,,,1995-01-01 00:00:00,pulstar.zip
37643,Arcade - Neo Geo,Spin Master,Plataforma / Tiro com rolagem,Data East,Data East,us,,,,1993-12-16 00:00:00,spinmast.zip
37599,Arcade - Neo Geo,The Last Blade,Luta / Versus,SNK,SNK,us,,,,1998-01-29 00:00:00,lastblad.zip
37633,Arcade - Neo Geo,Samurai Shodown V,Luta / Versus,Yuki Enterprise,SNK,us,,,,2003-01-01 00:00:00,samsho5.zip
37914,Arcade - Neo Geo,Matrimelee,Luta / Versus,Noise Factory,SNK,us,,,,2002-01-01 00:00:00,matrim.zip
13924,Arcade - Neo Geo,Crossed Swords,Aventura,ADK,SNK,us,,,,1991-01-01 00:00:00,crsword.zip
13977,Arcade - Neo Geo,Top Player's Golf,Esporte / Golfe,SNK,SNK,us,,,,1991-07-01 00:00:00,tpgolf.zip
37594,Arcade - Neo Geo,The King of Fighters '97,Luta / Versus,SNK,SNK,us,,,,1997-01-01 00:00:00,kof97pls.zip
37591,Arcade - Neo Geo,The King of Fighters 2001,Luta / Versus,SNK,SNK,us,,,,2002-01-01 00:00:00,kof2001.zip
37611,Arcade - Neo Geo,Neo Mr. Do!,Ação / Labirinto,Visco,SNK,us,,,,1997-09-26 00:00:00,neomrdo.zip
13951,Arcade - Neo Geo,Baseball Stars 2,Esporte / Baseball,SNK,SNK,us,,,,1992-04-28 00:00:00,bstars2.zip
37618,Arcade - Neo Geo,Power Spikes II,Esporte / Voleibol,Video System,Taito,us,,,,1994-10-19 00:00:00,pspikes2.zip
13922,Arcade - Neo Geo,Prehistoric Isle 2,Shoot'em Up / Horizontal,Yumekobo,SNK,us,,,,1999-09-27 00:00:00,preisle2.zip
13948,Arcade - Neo Geo,Over Top,Corrida / Pilotagem / Corrida,ADK,SNK,us,,,,1996-01-01 00:00:00,overtop.zip
13906,Arcade - Neo Geo,Goal! Goal! Goal!,Esporte / Futebol,Visco,SNK,us,,,,1995-01-01 00:00:00,goalx3.zip
37568,Arcade - Neo Geo,Bang Bead,Esporte,Visco,SNK,us,,,,2000-01-01 00:00:00,bangbead.zip
13933,Arcade - Neo Geo,Panic Bomber,Quebra-cabeças / Queda,SNK,Hudson,us,,,,1995-01-18 00:00:00,panicbom.zip
37617,Arcade - Neo Geo,Pop 'n Bounce,Ação / Jogos de Breakout,SNK,SNK,us,,,,1997-01-01 00:00:00,popbounc.zip
13978,Arcade - Neo Geo,Stakes Winner 2,Esporte com animais / Corrida de cavalos,Saurus,SNK,us,,,,1996-01-01 00:00:00,stakwin2.zip
37615,Arcade - Neo Geo,Pleasure Goal : 5 on 5 Mini Soccer,Esporte / Futebol,Saurus,SNK,us,,,,1996-07-19 00:00:00,pgoal.zip
37589,Arcade - Neo Geo,Far East of Eden: Kabuki Klash,Luta / Versus,Racdym,SNK,us,,,,1995-01-01 00:00:00,kabukikl.zip
37584,Arcade - Neo Geo,Ghost Pilots,Shoot'em Up / Vertical,SNK,SNK,us,,,,1991-01-01 00:00:00,gpilots.zip
37628,Arcade - Neo Geo,Samurai Shodown V Special,Luta / Versus,Yuki Enterprise,SNK,us,,,,2004-01-01 00:00:00,samsh5sp.zip
37653,Arcade - Neo Geo,Tecmo World Soccer '96,Esporte / Futebol,Tecmo,SNK,us,,,,1996-01-01 00:00:00,tws96.zip
37652,Arcade - Neo Geo,Twinkle Star Sprites,Shoot'em Up / Vertical,ADK,SNK,us,,,,1997-01-31 00:00:00,twinspri.zip
37609,Arcade - Neo Geo,Neo-Geo Cup '98 - The Road to the Victory,Esporte / Futebol,SNK,SNK,us,,,,1998-01-01 00:00:00,neocup98.zip
37597,Arcade - Neo Geo,King of the Monsters,Luta,SNK,SNK,us,,,,1991-01-01 00:00:00,kotm.zip
37606,Arcade - Neo Geo,Metal Slug 4,Tiro / Run and Gun,MEGA Enterprise,SNK,us,,,,2002-01-01 00:00:00,mslug4.zip
37588,Arcade - Neo Geo,Puzzled,Quebra-cabeças / Queda,SNK,SNK,us,,,,1991-01-07 00:00:00,joyjoy.zip
13947,Arcade - Neo Geo,Waku Waku 7,Luta / Versus,Sunsoft,SNK,us,,,,1996-01-01 00:00:00,wakuwak7.zip
37623,Arcade - Neo Geo,Real Bout Fatal Fury 2 - The Newcomers,Luta / Versus,SNK,SNK,us,,,,1998-04-29 00:00:00,rbff2.zip
13942,Arcade - Neo Geo,World Heroes 2,Luta / Versus,ADK,SNK,us,,,,1993-01-01 00:00:00,wh2.zip
37638,Arcade - Neo Geo,Shock Troopers : 2nd Squad,Tiro / Run and Gun,Saurus,SNK,us,,,,1999-06-24 00:00:00,shocktr2.zip
37648,Arcade - Neo Geo,Stakes Winner,Esporte com animais / Corrida de cavalos,Saurus,SNK,us,,,,1995-01-01 00:00:00,stakwin.zip
37601,Arcade - Neo Geo,Legend of Success Joe,Luta / 2D,Wave,SNK,us,,,,1991-01-01 00:00:00,legendos.zip
13878,Arcade - Neo Geo,The King of Fighters 2003,Luta / Versus,SNK,SNK,us,,,,2004-01-01 00:00:00,kof2003.zip
37646,Arcade - Neo Geo,Super Sidekicks 3 - The Next Glory,Esporte / Futebol,SNK,SNK,us,,,,1995-01-01 00:00:00,ssideki3.zip
13917,Arcade - Neo Geo,Battle Flip Shot,Esporte,Visco,SNK,us,,,,1998-12-08 00:00:00,flipshot.zip
37581,Arcade - Neo Geo,Garou: Mark of the Wolves,Luta / Versus,SNK,SNK,us,,,,1999-01-01 00:00:00,garou.zip
37582,Arcade - Neo Geo,Ghostlop,Quebra-cabeças / Lançar,Data East,Data East,us,1,561,2024-05-11 15:38:40,1996-01-01 00:00:00,ghostlop.zip
37630,Arcade - Neo Geo,Samurai Shodown II,Luta / Versus,SNK,SNK,us,1,248,2024-05-12 18:52:24,1994-12-02 00:00:00,samsho2.zip
37563,Arcade - Neo Geo,Alpha Mission II,Shoot'em Up / Vertical,SNK,SNK,us,4,114,2024-05-30 08:16:37,1991-07-01 00:00:00,alpham2.zip
37644,Arcade - Neo Geo,Super Sidekicks,Esporte / Futebol,SNK,SNK,us,4,114,2024-05-30 08:16:37,1993-02-19 00:00:00,ssideki.zip
37566,Arcade - Neo Geo,Art of Fighting 2,Luta / Versus,SNK,SNK,us,1,19,2024-05-30 07:36:12,1994-03-11 00:00:00,aof2.zip
13927,Arcade - Neo Geo,Andro Dunos,Shoot'em Up / Horizontal,Visco,SNK,us,2,72,2024-05-30 08:19:10,1992-07-17 00:00:00,androdun.zip
37593,Arcade - Neo Geo,The King of Fighters '96,Luta / Versus,SNK,SNK,us,2,72,2024-05-30 08:19:10,1996-01-01 00:00:00,kof96.zip
37561,Arcade - Neo Geo,2020 Super Baseball,Esporte / Baseball,Pallas,SNK,us,3,104,2024-05-30 07:58:57,1991-10-25 00:00:00,2020bb.zip
13937,Arcade - Neo Geo,3 Count Bout,Esporte / Luta Livre,SNK,SNK,us,1,36,2024-05-30 07:59:42,1993-04-23 00:00:00,3countb.zip
37651,Arcade - Neo Geo,Neo Turf Masters,Esporte / Golfe,Nazca,SNK,us,1,36,2024-05-30 07:59:42,1996-01-01 00:00:00,turfmast.zip
37570,Arcade - Neo Geo,Breakers Revenge,Luta / Versus,Visco,SNK,us,1,36,2024-05-30 07:59:42,1998-07-03 00:00:00,breakrev.zip
37595,Arcade - Neo Geo,The King of Fighters '98 - The Slugfest,Luta / Versus,SNK,SNK,us,1,478,2024-07-28 14:37:27,1998-01-01 00:00:00,kof98.zip
13877,Arcade - Neo Geo,Breakers,Luta / Versus,Visco,SNK,us,1,836,2024-07-28 15:17:55,1996-01-01 00:00:00,breakers.zip
37626,Arcade - Neo Geo,Rage of the Dragons,Luta / Versus,Evoga / Playmore,Playmore,us,1,348,2024-07-28 14:48:24,2002-01-01 00:00:00,rotd.zip
37596,Arcade - Neo Geo,The King of Fighters '99 : Millennium Battle,Luta / Versus,SNK,SNK,us,1,348,2024-07-28 14:48:24,1999-01-01 00:00:00,kof99.zip
13857,Arcade - Neo Geo,The King of Fighters 2002,Luta / Versus,SNK,SNK,us,1,348,2024-07-28 14:48:24,2002-01-01 00:00:00,kf2k2mp2.zip
37565,Arcade - Neo Geo,Art of Fighting,Luta / Versus,SNK,SNK,us,1,138,2024-09-13 21:34:40,1992-12-11 00:00:00,aof.zip
13852,Arcade - Neo Geo,Metal Slug 3,Tiro / Run and Gun,SNK,SNK,us,1,13,2024-09-13 22:27:39,2000-01-01 00:00:00,mslug3.zip
37622,Arcade - Neo Geo,Real Bout Fatal Fury,Luta / Versus,SNK,SNK,us,1,553,2024-12-21 07:12:59,1996-01-26 00:00:00,rbff1.zip
37564,Arcade - Neo Geo,Aggressors of Dark Kombat,Luta / Versus,ADK,SNK,us,1,103,2025-01-12 09:23:46,1994-01-01 00:00:00,aodk.zip
37629,Arcade - Neo Geo,Samurai Shodown,Luta / Versus,SNK,SNK,us,1,103,2025-01-12 09:23:46,1993-08-11 00:00:00,samsho.zip
13857,Arcade - Neo Geo,The King of Fighters 2002,Luta / Versus,SNK,SNK,us,2,435,2024-07-28 14:29:16,2002-01-01 00:00:00,kof2002.zip
37605,Arcade - Neo Geo,Metal Slug 2 - Super Vehicle-001/II,Tiro / Run and Gun,SNK,SNK,us,1,194,2024-07-28 15:22:01,1998-01-01 00:00:00,mslug2.zip
37594,Arcade - Neo Geo,The King of Fighters '97,Luta / Versus,SNK,SNK,us,1,194,2024-07-28 15:22:01,1997-01-01 00:00:00,kof97.zip
37573,Arcade - Neo Geo,Double Dragon,Luta / Versus,Technos Japan,SNK,us,1,909,2024-07-28 15:03:50,1995-01-01 00:00:00,doubledr.zip
1252,Nintendo,Final Fantasy,Jogos de RPG / RPG Japonês,Squaresoft,Nintendo,us,,,,1990-07-12 00:00:00,Final Fantasy (USA).zip
1589,Nintendo,G.I. Joe : The Atlantis Factor,Plataforma,Kindle Imagine Develop,Capcom,us,,,,1992-03-02 00:00:00,G.I. Joe - The Atlantis Factor (USA).zip
1703,Nintendo,Muppet Adventure : Chaos at the Carnival,Jogo casual,Mind's Eye,Hi Tech Expressions,us,,,,1990-11-01 00:00:00,Muppet Adventure - Chaos at the Carnival (USA).zip
1247,Nintendo,Battletoads,Briga de rua,Rareware,Tradewest,us,,,,1991-06-02 00:00:00,Battletoads (USA).zip
1550,Nintendo,Jackal,Corrida / Pilotagem,Konami,Konami,us,,,,1988-09-01 00:00:00,Jackal (USA).zip
1612,Nintendo,The Rocketeer,Plataforma,Realtime Associates,Bandai,us,,,,1991-05-01 00:00:00,Rocketeer  The (USA).zip
1419,Nintendo,Renegade,Briga de rua,Technos Japan,Taito,us,,,,1988-01-01 00:00:00,Renegade (USA).zip
1511,Nintendo,Totally Rad,Aventura,Aicom,Jaleco,us,,,,1991-11-02 00:00:00,Totally Rad (USA).zip
1366,Nintendo,Little Nemo : The Dream Master,Plataforma,Capcom,Capcom,us,,,,1990-09-01 00:00:00,Little Nemo - The Dream Master (USA).zip
18868,Nintendo,Spider-Man : Return of the Sinister Six,Plataforma,B.I.T.S.,LJN,us,,,,1992-10-01 00:00:00,Spider-Man - Return of the Sinister Six (USA).zip
1443,Nintendo,Felix the Cat,Plataforma,Shimada Kikaku,Hudson,us,,,,1992-10-01 00:00:00,Felix the Cat (USA).zip
108694,Nintendo,Ghostbusters II,Plataforma,Imagineering,Activision,us,,,,1990-04-02 00:00:00,Ghostbusters II (USA).zip
1473,Nintendo,Hook,Plataforma,Painting by Numbers,Ocean,us,,,,1992-04-01 00:00:00,Hook (USA).zip
1407,Nintendo,Power Blade,Plataforma,Natsume,Taito,us,,,,1991-03-02 00:00:00,Power Blade (USA).zip
1293,Nintendo,Rambo,Plataforma,Pack In Video,Acclaim,us,,,,1988-05-02 00:00:00,Rambo (USA).zip
1277,Nintendo,Double Dragon II : The Revenge,Briga de rua,Technos Japan,Acclaim,us,,,,1990-01-02 00:00:00,Double Dragon II - The Revenge (USA).zip
1747,Nintendo,Karate Champ,Luta,SAS Sakata,Data East,us,,,,1986-11-02 00:00:00,Karate Champ (USA).zip
1560,Nintendo,The Karate Kid,Plataforma,Atlus,LJN,us,,,,1987-11-01 00:00:00,Karate Kid  The (USA).zip
1864,Nintendo,Darkman,Plataforma,Ocean,Ocean,us,,,,1991-10-01 00:00:00,Darkman (USA).zip
107884,Nintendo,Tiny Toon Adventures,Plataforma,Konami,Konami,us,,,,1991-12-01 00:00:00,Tiny Toon Adventures (USA).zip
1893,Nintendo,Skate or Die 2 : The Search for Double Trouble,Esporte / Skate,Electronic Arts,Electronic Arts,us,,,,1990-09-01 00:00:00,Skate or Die 2 - The Search for Double Trouble (USA).zip
1360,Nintendo,Mario Is Missing!,Educacional,Radical Entertainment,Mindscape,us,,,,1993-07-02 00:00:00,Mario Is Missing! (USA).zip
1482,Nintendo,Bomberman II,Ação / Labirinto,Hudson,Hudson,us,,,,1993-02-01 00:00:00,Bomberman II (USA).zip
1412,Nintendo,Gauntlet,Ação / Labirinto,Tengen,Tengen,us,,,,1988-01-01 00:00:00,Gauntlet (USA).zip
1497,Nintendo,Predator,Plataforma,Pack-In-Video,Activision,us,,,,1989-04-02 00:00:00,Predator (USA).zip
1772,Nintendo,Ikari Warriors II : Victory Road,Tiro / Run and Gun,SNK,SNK,us,,,,1988-04-02 00:00:00,Ikari Warriors II - Victory Road (USA).zip
1307,Nintendo,Mega Man 6,Plataforma / Tiro com rolagem,Capcom,Capcom,us,,,,1994-03-02 00:00:00,Mega Man 6 (USA).zip
1507,Nintendo,The Young Indiana Jones Chronicles,Plataforma,Jaleco,Jaleco Entertainment,us,,,,1992-12-01 00:00:00,Young Indiana Jones Chronicles  The (USA).zip
1814,Nintendo,Freedom Force,Tiro com Lightgun,Sunsoft,Sunsoft,us,,,,1988-04-01 00:00:00,Freedom Force (USA).zip
1989,Nintendo,Donkey Kong Jr. Math,Educacional,Nintendo,Nintendo,eu,,,,1986-07-10 00:00:00,Donkey Kong Jr. Math (USA  Europe).zip
71346,Nintendo,Disney's DuckTales 2,Plataforma,Capcom,Capcom,us,,,,1993-06-02 00:00:00,DuckTales 2 (USA).zip
1583,Nintendo,Adventures of Tom Sawyer,Plataforma,Winky Soft,SETA,us,,,,1989-08-01 00:00:00,Adventures of Tom Sawyer (USA).zip
1467,Nintendo,Skate or Die,Esporte / Skate,Konami,Palcom,us,,,,1988-12-01 00:00:00,Skate or Die (USA).zip
1739,Nintendo,Toxic Crusaders,Briga de rua,TOSE,Bandai,us,,,,1992-04-01 00:00:00,Toxic Crusaders (USA).zip
1678,Nintendo,The Simpsons : Bartman Meets Radioactive Man,Plataforma,Imagineer,Acclaim,us,,,,1992-12-01 00:00:00,Simpsons  The - Bartman Meets Radioactive Man (USA).zip
1382,Nintendo,Chip 'N Dale : Rescue Rangers 2,Plataforma,Capcom,Capcom,us,,,,1994-01-01 00:00:00,Chip 'n Dale - Rescue Rangers 2 (USA).zip
1798,Nintendo,Flying Warriors,Plataforma / Combate com rolagem,Culture Brain,Culture Brain,us,,,,1991-02-01 00:00:00,Flying Warriors (USA).zip
1593,Nintendo,Double Dribble,Esporte / Basquete,Konami,Konami,us,,,,1987-09-01 00:00:00,Double Dribble (USA).zip
1793,Nintendo,Rollergames,Esporte,Konami,Konami,us,,,,1990-09-01 00:00:00,Rollergames (USA).zip
71347,Nintendo,The Jungle Book,Plataforma,Eurocom,Virgin Interactive,us,,,,1994-08-01 00:00:00,Jungle Book  The (USA).zip
1705,Nintendo,Tiny Toon Adventures 2 : Trouble in Wackyland,Plataforma,Konami,Konami,us,,,,1993-04-01 00:00:00,Tiny Toon Adventures 2 - Trouble in Wackyland (USA).zip
18622,Nintendo,Circus Caper,Plataforma,Toho Company,Toho Company,us,,,,1990-07-01 00:00:00,Circus Caper (USA).zip
1727,Nintendo,Conan,Plataforma,System 3 Software,Mindscape,us,,,,1991-02-02 00:00:00,Conan (USA).zip
18760,Nintendo,Spot : The Video Game,Quebra-cabeças,Arcadia Systems,Arcadia Systems,us,,,,1990-09-01 00:00:00,Spot - The Video Game (USA).zip
71344,Nintendo,Disney's Darkwing Duck,Plataforma,Capcom,Capcom,us,,,,1992-06-01 00:00:00,Darkwing Duck (USA).zip
18893,Nintendo,Terminator 2 : Judgment Day,Plataforma,Software Creations,LJN,us,,,,1992-02-01 00:00:00,Terminator 2 - Judgment Day (USA).zip
1585,Nintendo,Monopoly,Jogo de tabuleiro,Sculptured Software,Parker Brothers,us,,,,1991-05-01 00:00:00,Monopoly (USA).zip
1398,Nintendo,Kabuki Quantum Fighter,Plataforma,Human,HAL Laboratory,us,,,,1991-01-01 00:00:00,Kabuki - Quantum Fighter (USA).zip
1509,Nintendo,Battle Chess,Jogo de tabuleiro,Beam Software,Data East,us,,,,1990-07-01 00:00:00,Battle Chess (USA).zip
1487,Nintendo,Disney's The Little Mermaid,Plataforma,Capcom,Capcom,us,,,,1991-07-01 00:00:00,Little Mermaid  The (USA).zip
1325,Nintendo,RoboCop,Plataforma / Tiro com rolagem,SAS Sakata,Ocean,us,,,,1989-12-01 00:00:00,RoboCop (USA).zip
1379,Nintendo,Double Dragon III : The Sacred Stones,Briga de rua,Technos Japan,Acclaim,us,,,,1991-02-02 00:00:00,Double Dragon III - The Sacred Stones (USA).zip
1314,Nintendo,Chip 'N Dale : Rescue Rangers,Plataforma,Capcom,Capcom,us,,,,1990-06-01 00:00:00,Chip 'n Dale - Rescue Rangers (USA).zip
1491,Nintendo,California Games,Esporte / Poliesportivo,Rareware,Milton Bradley Co.,us,,,,1989-06-01 00:00:00,California Games (USA).zip
1273,Nintendo,Ghosts 'n Goblins,Plataforma,Capcom,Capcom,us,,,,1986-11-02 00:00:00,Ghosts'n Goblins (USA).zip
18922,Nintendo,Ninja Gaiden,Plataforma,Tecmo,Tecmo,us,,,,1989-03-02 00:00:00,Ninja Gaiden (USA).zip
1406,Nintendo,Jackie Chan's Action Kung Fu,Plataforma,Now,Hudson,us,,,,1990-12-01 00:00:00,Jackie Chan's Action Kung Fu (USA).zip
1296,Nintendo,Teenage Mutant Ninja Turtles II : The Arcade Game,Briga de rua,Konami,Konami,us,,,,1990-12-02 00:00:00,Teenage Mutant Ninja Turtles II - The Arcade Game (USA).zip
1520,Nintendo,Indiana Jones and the Temple of Doom,Plataforma,Tengen,Mindscape,us,,,,1988-12-01 00:00:00,Indiana Jones and the Temple of Doom (USA).zip
1447,Nintendo,Mission : Impossible,Aventura,Nintendo,Nintendo,us,,,,1990-09-01 00:00:00,Mission Impossible (USA).zip
1330,Nintendo,Street Fighter 2010 : The Final Fight,Plataforma,Capcom,Capcom,us,,,,1990-09-01 00:00:00,Street Fighter 2010 - The Final Fight (USA).zip
1543,Nintendo,The Simpsons : Bart vs. the World ,Plataforma,Imagineer,Acclaim,us,,,,1991-12-01 00:00:00,Simpsons  The - Bart vs. the World (USA).zip
1771,Nintendo,Dig Dug II : Trouble in Paradise,Quebra-cabeças,Namco,Bandai,us,,,,1989-12-01 00:00:00,Dig Dug II - Trouble in Paradise (USA).zip
1373,Nintendo,Batman Returns,Briga de rua,Konami,Konami,us,,,,1993-01-02 00:00:00,Batman Returns (USA).zip
1388,Nintendo,Yoshi,Quebra-cabeças,Game Freak,Nintendo,us,,,,1992-06-01 00:00:00,Yoshi (USA).zip
18641,Nintendo,Donkey Kong Classics,Compilação,Nintendo,Nintendo,eu,,,,1989-08-10 00:00:00,Donkey Kong Classics (USA  Europe).zip
1392,Nintendo,Prince of Persia,Plataforma,Brøderbund Software,Mindscape,us,,,,1992-11-01 00:00:00,Prince of Persia (USA).zip
18608,Nintendo,BurgerTime,Plataforma,SAS Sakata,Data East,us,,,,1987-05-01 00:00:00,BurgerTime (USA).zip
1410,Nintendo,Ice Hockey,Esporte / Hóquei,Nintendo,Nintendo,us,,,,1988-03-02 00:00:00,Ice Hockey (USA).zip
1582,Nintendo,Paperboy 2,Esporte / Ciclismo,Tengen,Mindscape,us,,,,1992-04-01 00:00:00,Paperboy 2 (USA).zip
1687,Nintendo,Where in Time is Carmen Sandiego?,Educacional,Brøderbund Software,Konami,us,,,,1991-01-01 00:00:00,Where in Time Is Carmen Sandiego (USA).zip
1305,Nintendo,Mega Man 5,Plataforma / Tiro com rolagem,Capcom,Capcom,us,,,,1992-12-02 00:00:00,Mega Man 5 (USA).zip
1762,Nintendo,Captain America and the Avengers,Plataforma,Data East,Data East,us,,,,1991-12-02 00:00:00,Captain America and the Avengers (USA).zip
18611,Nintendo,Castle of Dragon,Briga de rua,Athena,SETA,us,,,,1990-06-01 00:00:00,Castle of Dragon (USA).zip
1532,Nintendo,Mickey Mousecapade,Plataforma,Hudson,Capcom,us,,,,1988-10-01 00:00:00,Mickey Mousecapade (USA).zip
1479,Nintendo,Willow,Jogos de RPG,Capcom,Capcom,us,,,,1989-12-01 00:00:00,Willow (USA).zip
1376,Nintendo,Super Dodge Ball,Esporte / Queimado,Million,Sony Imagesoft,us,,,,1989-06-01 00:00:00,Super Dodge Ball (USA).zip
1381,Nintendo,Solomon's Key,Quebra-cabeças,Tecmo,Tecmo,us,,,,1987-07-01 00:00:00,Solomon's Key (USA).zip
1916,Nintendo,Side Pocket,Esporte / Sinuca,Data East,Data East,us,,,,1987-06-01 00:00:00,Side Pocket (USA).zip
1544,Nintendo,Lode Runner,Plataforma / Corre e Pula,Hudson,Brøderbund Software,us,,,,1987-09-02 00:00:00,Lode Runner (USA).zip
1681,Nintendo,Bill & Ted's Excellent Video Game Adventure,Aventura,LJN,LJN,us,,,,1991-08-01 00:00:00,Bill & Ted's Excellent Video Game Adventure (USA).zip
1324,Nintendo,Bionic Commando,Plataforma / Tiro com rolagem,Capcom,Capcom,us,,,,1988-12-02 00:00:00,Bionic Commando (USA).zip
1362,Nintendo,Paperboy,Esporte / Ciclismo,Atari,Mindscape,us,,,,1988-12-01 00:00:00,Paperboy (USA).zip
1648,Nintendo,Urban Champion,Luta,Nintendo,Nintendo,wr,,,,1986-01-01 00:00:00,Urban Champion (World).zip
1422,Nintendo,Back To The Future,Aventura,Beam Software,LJN,us,,,,1989-09-01 00:00:00,Back to the Future (USA).zip
1284,Nintendo,Double Dragon,Briga de rua,Technos Japan,Tradewest,us,,,,1988-06-02 00:00:00,Double Dragon (USA).zip
1498,Nintendo,The Bugs Bunny Crazy Castle,Plataforma,Kemco,Kemco,us,,,,1989-08-01 00:00:00,Bugs Bunny Crazy Castle  The (USA).zip
1287,Nintendo,Batman : The Video Game,Plataforma,Sunsoft,Sunsoft,us,,,,1990-02-01 00:00:00,Batman - The Video Game (USA).zip
1337,Nintendo,Bomberman,Ação / Labirinto,Hudson,Hudson,us,,,,1989-01-02 00:00:00,Bomberman (USA).zip
1263,Nintendo,Disney's DuckTales,Plataforma,Capcom,Capcom,us,,,,1989-09-14 00:00:00,DuckTales (USA).zip
1840,Nintendo,Cliffhanger,Plataforma,Malibu Games,Sony Electronic Publishing,us,,,,1993-11-01 00:00:00,Cliffhanger (USA).zip
1271,Nintendo,Mario Bros.,Plataforma,Nintendo,Nintendo,wr,,,,1985-06-02 00:00:00,Mario Bros. (World).zip
71546,Nintendo,The Bugs Bunny Birthday Blowout,Aventura,Kemco,Kemco,us,,,,1990-09-02 00:00:00,Bugs Bunny Birthday Blowout  The (USA).zip
1420,Nintendo,Top Gun,Tiro / Avião,Konami,Konami,us,,,,1987-11-02 00:00:00,Top Gun (USA).zip
97387,Nintendo,Blade Buster,Shoot'em Up / Vertical,High Level Challenge,High Level Challenge,us,,,,2010-01-01 00:00:00,Blade Buster.nes
1709,Nintendo,Cabal,Tiro / Tiro em 3ª pessoa,Rareware,Milton Bradley Co.,us,,,,1990-06-02 00:00:00,Cabal (USA).zip
1975,Nintendo,Cowboy Kid,Jogos de RPG,Romstar,Romstar,us,,,,1992-01-02 00:00:00,Cowboy Kid (USA).zip
1778,Nintendo,Super Pitfall,Plataforma,Micronics,Activision,us,,,,1987-11-02 00:00:00,Super Pitfall (USA).zip
18650,Nintendo,Dragon Warrior,Jogos de RPG,Enix,Nintendo,us,,,,1989-08-01 00:00:00,Dragon Warrior (USA).zip
1527,Nintendo,Die Hard,Tiro,Pack In Video,Activision,us,,,,1992-01-02 00:00:00,Die Hard (USA).zip
1356,Nintendo,Ice Climber,Plataforma / Corre e Pula,Nintendo,Nintendo,eu,,,,1986-09-01 00:00:00,Ice Climber (USA  Europe).zip
1871,Nintendo,Legendary Wings,Shoot'em Up / Vertical,Capcom,Capcom,us,,,,1988-07-02 00:00:00,Legendary Wings (USA).zip
1694,Nintendo,Ikari III : The Rescue,Briga de rua,SNK,SNK,us,,,,1991-02-01 00:00:00,Ikari III - The Rescue (USA).zip
18651,Nintendo,Dragon Warrior II,Jogos de RPG,Enix,Enix,us,,,,1990-09-01 00:00:00,Dragon Warrior II (USA).zip
1295,Nintendo,The Simpsons : Bart vs. the Space Mutants,Plataforma,Imagineer,Acclaim,us,,,,1991-02-02 00:00:00,Simpsons  The - Bart vs. the Space Mutants (USA).zip
1278,Nintendo,Castlevania III : Dracula's Curse,Ação / Aventura,Konami,Konami,us,,,,1990-09-01 00:00:00,Castlevania III - Dracula's Curse (USA).zip
1671,Nintendo,Q*bert,Quebra-cabeças,Konami,Ultra Games,us,,,,1989-02-02 00:00:00,Q-bert (USA).zip
1408,Nintendo,Back to the Future Part II & III,Aventura,Beam Software,LJN,us,,,,1990-09-30 00:00:00,Back to the Future Part II & III (USA).zip
18766,Nintendo,Swamp Thing,Plataforma,Imagineer,THQ,us,,,,1992-12-01 00:00:00,Swamp Thing (USA).zip
1451,Nintendo,Ninja Gaiden II : The Dark Sword of Chaos,Ação,Tecmo,Tecmo,us,,,,1990-05-01 00:00:00,Ninja Gaiden II - The Dark Sword of Chaos (USA).zip
1254,Nintendo,Zelda II : The Adventure of Link,Jogos de RPG,Nintendo,Nintendo,us,,,,1988-12-01 00:00:00,Zelda II - The Adventure of Link (USA).zip
1370,Nintendo,Total Recall,Plataforma,Interplay,Acclaim,us,,,,1990-08-01 00:00:00,Total Recall (USA).zip
1291,Nintendo,Tetris,Quebra-cabeças / Queda,Nintendo,Nintendo,us,,,,1989-11-01 00:00:00,Tetris (USA).zip
1437,Nintendo,The Goonies II,Plataforma,Konami,Konami,us,,,,1987-11-02 00:00:00,Goonies II  The (USA).zip
1298,Nintendo,Batman : Return of the Joker,Plataforma,Sunsoft,Sunsoft,us,,,,1991-12-02 00:00:00,Batman - Return of the Joker (USA).zip
1346,Nintendo,Ikari Warriors,Tiro / Run and Gun,Micronics,SNK,us,,,,1987-05-01 00:00:00,Ikari Warriors (USA).zip
1302,Nintendo,Shadow of the Ninja,Plataforma,Natsume,Taito,us,,,,1990-12-02 00:00:00,Shadow of the Ninja (USA).zip
1559,Nintendo,Goonies  The,Plataforma,Konami,Konami,us,,,,1986-02-21 00:00:00,The Goonies (USA).zip
18676,Nintendo,Formula One : Built to Win,Corrida / Pilotagem,Winky Soft,SETA,us,,,,1990-11-01 00:00:00,Formula One - Built to Win (USA).zip
1510,Nintendo,Bucky O'Hare,Plataforma,Konami,Konami,us,,,,1992-01-02 00:00:00,Bucky O'Hare (USA).zip
1250,Nintendo,The Legend of Zelda,Jogos de RPG,Nintendo,Nintendo,us,,,,1987-07-01 00:00:00,Legend of Zelda  The (USA).zip
1493,Nintendo,Commando,Tiro / Run and Gun,Capcom,Capcom,us,,,,1986-11-02 00:00:00,Commando (USA).zip
1245,Nintendo,Super Mario Bros.,Plataforma / Corre e Pula,Nintendo,Nintendo,wr,,,,1985-11-17 00:00:00,Super Mario Bros. (World).zip
18652,Nintendo,Dragon Warrior III,Jogos de RPG,Enix,Enix,us,,,,1992-03-01 00:00:00,Dragon Warrior III (USA).zip
1837,Nintendo,The Jetsons : Cogswell's Caper!,Plataforma,Natsume,Taito,us,,,,1992-12-01 00:00:00,Jetsons  The - Cogswell's Caper (USA).zip
1670,Nintendo,Power Blade 2,Plataforma,Natsume,Taito,us,,,,1992-10-02 00:00:00,Power Blade 2 (USA).zip
1617,Nintendo,Ms. Pac-Man (Namco),Ação / Labirinto,Now,Namco,us,,,,1993-11-01 00:00:00,Ms. Pac-Man (USA).zip
1345,Nintendo,Teenage Mutant Ninja Turtles : Tournament Fighters,Luta,Konami,Konami,us,,,,1994-02-01 00:00:00,Teenage Mutant Ninja Turtles - Tournament Fighters (USA).zip
1872,Nintendo,Mappy-Land,Plataforma,TOSE,Taxan,us,,,,1989-04-01 00:00:00,Mappy-Land (USA).zip
1326,Nintendo,Little Samson,Plataforma,Sur de Wave,Taito,us,,,,1992-11-01 00:00:00,Little Samson (USA).zip
1249,Nintendo,Battletoads & Double Dragon,Briga de rua,Rareware,Nintendo,us,,,,1993-07-01 00:00:00,Battletoads-Double Dragon (USA).zip
1296,Nintendo,Teenage Mutant Ninja Turtles II : The Arcade Game,Briga de rua,Konami,Konami,us,,,,1990-12-02 00:00:00,Teenage Mutant Ninja Turtles II - The Arcade Game (Australia).zip
1512,Nintendo,The Flintstones : The Rescue of Dino & Hoppy,Plataforma,SOL,Taito,us,,,,1991-12-01 00:00:00,Flintstones  The - The Rescue of Dino & Hoppy (USA).zip
1312,Nintendo,Jurassic Park,Aventura,Ocean,Ocean,us,,,,1993-06-01 00:00:00,Jurassic Park (USA).zip
18894,Nintendo,The Terminator,Plataforma,Radical Entertainment,Mindscape,eu,,,,1993-01-01 00:00:00,Terminator  The (USA  Europe).zip
1348,Nintendo,The Immortal,Aventura,Sandcastle,Electronic Arts,us,,,,1990-11-01 00:00:00,Immortal  The (USA).zip
1956,Nintendo,City Connection,Corrida / Pilotagem,Jaleco,Jaleco,us,,,,1988-05-01 00:00:00,City Connection (USA).zip
1477,Nintendo,Disney's TaleSpin,Shoot'em Up / Horizontal,Capcom,Capcom,us,,,,1991-12-01 00:00:00,TaleSpin (USA).zip
1454,Nintendo,Beetlejuice,Plataforma,Rareware,LJN,us,,,,1991-05-01 00:00:00,Beetlejuice (USA).zip
1657,Nintendo,Who Framed Roger Rabbit,Ação,Rareware,LJN,us,,,,1989-09-02 00:00:00,Who Framed Roger Rabbit (USA).zip
97386,Nintendo,2048,Quebra-cabeças,tsone,tsone,us,,,,2014-06-21 00:00:00,2048 (tsone).nes
18912,Nintendo,Wacky Races,Plataforma,Atlus,Atlus,us,,,,1992-05-01 00:00:00,Wacky Races (USA).zip
1553,Nintendo,Tiger-Heli,Shoot'em Up / Vertical,Micronics,Acclaim,us,,,,1987-09-02 00:00:00,Tiger-Heli (USA).zip
1276,Nintendo,Kid Icarus,Plataforma,Nintendo,Nintendo,eu,,,,1987-02-15 00:00:00,Kid Icarus (USA  Europe).zip
1521,Nintendo,Adventure Island 3,Plataforma,Hudson,Hudson,us,,,,1992-09-02 00:00:00,Adventure Island 3 (USA).zip
199992,Nintendo,Nova The Squirrel,Plataforma / Corre e Pula,NovaSquirrel,NovaSquirrel,us,,,,2019-08-30 00:00:00,Nova the Squirrel.nes
18781,Nintendo,Wolverine,Plataforma,Software Creations,LJN,us,,,,1991-10-01 00:00:00,Wolverine (USA).zip
1313,Nintendo,Star Wars,Plataforma,Beam Software,JVC,us,,,,1991-12-02 00:00:00,Star Wars (USA).zip
1824,Nintendo,G.I. Joe : A Real American Hero,Plataforma,Kindle Imagine Develop,Taxan,us,,,,1991-01-02 00:00:00,G.I. Joe - A Real American Hero (USA).zip
1414,Nintendo,Ninja Gaiden III : The Ancient Ship of Doom,Plataforma,Tecmo,Tecmo,us,,,,1991-08-01 00:00:00,Ninja Gaiden III - The Ancient Ship of Doom (USA).zip
1618,Nintendo,The Uncanny X-Men,Tiro,LJN,LJN,us,,,,1989-12-01 00:00:00,Uncanny X-Men  The (USA).zip
1816,Nintendo,Nigel Mansell's World Championship Challenge,Corrida / Pilotagem,Gremlin Graphics Software,Gremlin Interactive,us,,,,1993-10-01 00:00:00,Nigel Mansell's World Championship Challenge (USA).zip
1281,Nintendo,Castlevania II : Simon's Quest,Aventura,Konami,Konami,us,,,,1988-12-01 00:00:00,Castlevania II - Simon's Quest (USA).zip
1468,Nintendo,1943 : The Battle of Midway,Shoot'em Up / Vertical,Capcom,Capcom,us,,,,1988-10-02 00:00:00,1943 - The Battle of Midway (USA).zip
1547,Nintendo,Yo! Noid,Plataforma,Now,Capcom,us,,,,1990-11-01 00:00:00,Yo! Noid (USA).zip
1341,Nintendo,Toki,Plataforma,Taito,Taito,us,,,,1991-12-01 00:00:00,Toki (USA).zip
1274,Nintendo,Mega Man,Plataforma,Capcom,Capcom,us,,,,1987-12-01 00:00:00,Mega Man (USA).zip
1806,Nintendo,P.O.W. : Prisoners of War,Briga de rua,SNK,SNK,us,,,,1989-09-01 00:00:00,P.O.W. - Prisoners of War (USA).zip
1488,Nintendo,WWF WrestleMania,Esporte / Luta Livre,Rare,Acclaim,us,,,,1989-01-01 00:00:00,WWF Wrestlemania (USA).zip
1377,Nintendo,Donkey Kong 3,Plataforma,Nintendo,Nintendo,wr,,,,1986-06-02 00:00:00,Donkey Kong 3 (World).zip
1515,Nintendo,Strider,Plataforma / Combate com rolagem,Capcom,Capcom,us,,,,1989-07-01 00:00:00,Strider (USA).zip
1654,Nintendo,The Lone Ranger,Aventura,Konami,Konami,us,,,,1991-08-01 00:00:00,Lone Ranger  The (USA).zip
1613,Nintendo,Top Gun : The Second Mission,Tiro / Avião,Konami,Konami,us,,,,1990-01-02 00:00:00,Top Gun - The Second Mission (USA).zip
1286,Nintendo,Mega Man 3,Plataforma / Tiro com rolagem,Capcom,Capcom,us,,,,1990-11-02 00:00:00,Mega Man 3 (USA).zip
1339,Nintendo,Gradius,Shoot'em Up / Horizontal,Konami,Konami,us,,,,1986-12-02 00:00:00,Gradius (USA).zip
18691,Nintendo,Ghost Lion,Jogos de RPG,Kemco,Kemco,us,,,,1992-10-01 00:00:00,Legend of the Ghost Lion (USA).zip
214643,Nintendo,The Legends of Owlia,Ação / Aventura,Gradual Games,Gradual Games,us,,,,2016-06-01 00:00:00,owlia.nes
1429,Nintendo,RoboCop 2,Plataforma / Tiro com rolagem,Painting by Numbers,Ocean,us,,,,1991-04-01 00:00:00,RoboCop 2 (USA).zip
1704,Nintendo,Mickey's Safari in Letterland,Educacional,Beam Software,Hi Tech Expressions,us,,,,1993-03-02 00:00:00,Mickey's Safari in Letterland (USA).zip
1754,Nintendo,Kid Klown in Night Mayor World,Plataforma,Kemco,Kemco,us,,,,1993-04-01 00:00:00,Kid Klown in Night Mayor World (USA).zip
1554,Nintendo,The Flintstones : The Surprise at Dinosaur Peak,Plataforma,SOL,Taito,us,,,,1994-08-01 00:00:00,Flintstones  The - The Surprise at Dinosaur Peak! (USA).zip
1485,Nintendo,Mighty Final Fight,Briga de rua,Capcom,Capcom,us,,,,1993-07-01 00:00:00,Mighty Final Fight (USA).zip
1436,Nintendo,Adventure Island II,Plataforma,Now,Hudson,us,,,,1991-02-02 00:00:00,Adventure Island II (USA).zip
1633,Nintendo,Mickey's Adventure in Numberland,Educacional,Beam Software,Hi Tech Expressions,us,,,,1994-03-02 00:00:00,Mickey's Adventure in Numberland (USA).zip
1359,Nintendo,Tiny Toon Adventures : Cartoon Workshop,Quebra-cabeças,Novotrade,Konami,us,,,,1992-12-01 00:00:00,Tiny Toon Adventures Cartoon Workshop (USA).zip
1255,Nintendo,Mega Man 2,Plataforma / Tiro com rolagem,Capcom,Capcom,us,,,,1989-07-02 00:00:00,Mega Man 2 (USA).zip
1575,Nintendo,Tom & Jerry : The Ultimate Game of Cat and Mouse!,Plataforma,Software Creations,Hi Tech Expressions,us,,,,1991-12-02 00:00:00,Tom & Jerry - The Ultimate Game of Cat and Mouse! (USA).zip
1643,Nintendo,Elevator Action,Plataforma / Tiro com rolagem,Micronics,Taito,us,,,,1987-08-01 00:00:00,Elevator Action (USA).zip
1421,Nintendo,Captain Planet and the Planeteers,Plataforma,Chris Gray Enterprises,Mindscape,us,,,,1992-09-02 00:00:00,Captain Planet and the Planeteers (USA).zip
1268,Nintendo,Castlevania,Aventura,Konami,Konami,us,,,,1987-05-01 00:00:00,Castlevania (USA).zip
1317,Nintendo,Mega Man 4,Plataforma / Tiro com rolagem,Capcom,Capcom,us,,,,1992-01-02 00:00:00,Mega Man 4 (USA).zip
1534,Nintendo,RoboCop 3,Plataforma / Tiro com rolagem,Probe Software,Ocean,us,,,,1992-08-01 00:00:00,RoboCop 3 (USA).zip
18914,Nintendo,Werewolf : The Last Warrior,Plataforma,SAS Sakata,Data East,us,,,,1990-11-01 00:00:00,Werewolf - The Last Warrior (USA).zip
1248,Nintendo,Super Mario Bros. 2,Plataforma / Corre e Pula,Nintendo,Nintendo,us,,,,1988-10-28 00:00:00,Super Mario Bros. 2 (USA).zip
1385,Nintendo,Captain Skyhawk,Shoot'em Up,Rareware,Nintendo,us,,,,1990-06-01 00:00:00,Captain Skyhawk (USA).zip
1333,Nintendo,Dragon's Lair,Aventura,Nintendo,Elite Systems,us,,,,1990-12-01 00:00:00,Dragon's Lair (USA).zip
1517,Nintendo,Mario's Time Machine,Educacional,Radical Entertainment,The Software Toolworks,us,,,,1994-04-23 00:00:00,Mario's Time Machine (USA).zip
1259,Nintendo,Punch-Out!!,Esporte / Boxe,Nintendo,Nintendo,us,,,,1990-08-01 00:00:00,Punch-Out!! (USA).zip
1405,Nintendo,Star Wars : The Empire Strikes Back,Plataforma,Sculptured Software,JVC,us,,,,1992-03-01 00:00:00,Star Wars - The Empire Strikes Back (USA).zip
1394,Nintendo,Superman,Plataforma,Kemco,Kemco,us,,,,1988-12-02 00:00:00,Superman (USA).zip
1579,Nintendo,Barbie,Plataforma,Imagineer,Hi Tech Expressions,us,,,,1991-12-02 00:00:00,Barbie (USA).zip
1801,Nintendo,Karnov,Plataforma,SAS Sakata,Data East,us,,,,1988-01-02 00:00:00,Karnov (USA).zip
1253,Nintendo,Teenage Mutant Ninja Turtles,Plataforma,Konami,Palcom,us,,,,1989-06-02 00:00:00,Teenage Mutant Ninja Turtles (USA).zip
1403,Nintendo,Ghostbusters,Aventura,Bits Laboratory,Activision,us,,,,1988-10-01 00:00:00,Ghostbusters (USA).zip
1599,Nintendo,The Punisher,Tiro,Beam Software,LJN,us,,,,1990-11-02 00:00:00,Punisher  The (USA).zip
1691,Nintendo,Dick Tracy,Plataforma,Realtime Associates,Bandai,us,,,,1991-12-02 00:00:00,Dick Tracy (USA).zip
1425,Nintendo,Robin Hood : Prince Of Thieves,Aventura,Sculptured Software,Mindscape,us,,,,1991-11-02 00:00:00,Robin Hood - Prince of Thieves (USA).zip
1531,Nintendo,Galaga : Demons of Death,Shoot'em Up / Vertical,Namco,Bandai,us,,,,1988-09-01 00:00:00,Galaga - Demons of Death (USA).zip
1660,Nintendo,Battle City,Tiro,Namco,Namco,us,,,,1985-09-09 00:00:00,Battle City (USA).zip
18624,Nintendo,Contra,Tiro / Run and Gun,Konami,Konami,us,,,,1988-02-02 00:00:00,Contra (USA).zip
1246,Nintendo,Super Mario Bros. 3,Plataforma / Corre e Pula,Nintendo,Nintendo,us,,,,1990-02-12 00:00:00,Super Mario Bros. 3 (USA).zip
1365,Nintendo,Bram Stoker's Dracula,Plataforma,Psygnosis,Sony Imagesoft,us,1,89,2025-01-19 10:28:14,1993-09-01 00:00:00,Bram Stoker's Dracula (USA).zip
1781,Nintendo,Bonk's Adventure,Plataforma,Red Company,Hudson,us,2,43,2025-01-19 10:12:50,1994-01-02 00:00:00,Bonk's Adventure (USA).zip
422604,Nintendo,Super Tilt Bro.,Luta,Broke,Broke,eu,2,43,2025-01-19 10:12:50,2023-08-16 00:00:00,Super_Tilt_Bro_(E).nes
422604,Nintendo,The Ninja of the 4 Seasons_V1.1,Luta,Broke,Broke,eu,2,43,2025-01-19 10:12:50,2023-08-16 00:00:00,The Ninja of the 4 Seasons_V1.1.nes
1347,Nintendo,Teenage Mutant Ninja Turtles III : The Manhattan Project,Briga de rua,Konami,Konami,us,2,43,2025-01-19 10:12:50,1992-02-02 00:00:00,Teenage Mutant Ninja Turtles III - The Manhattan Project (USA).zip
87568,Neo Geo Pocket,Neo Dragon's Wild - Real Casino Series,Cassino,Dyna Corp.,SNK,jp,,,,1999-03-19 00:00:00,Neo Dragon's Wild - Real Casino Series (World) (En Ja) (v1.11).zip
87584,Neo Geo Pocket,Pocket Reversi,Quebra-cabeças,Success,SNK,jp,,,,2000-01-27 00:00:00,Pocket Reversi (Japan).zip
87588,Neo Geo Pocket,Puzzle Bobble Mini,Ação,Taito,SNK,eu,,,,1999-01-01 00:00:00,Puzzle Bobble Mini (Japan  Europe) (v1.09).zip
47033,Neo Geo Pocket,Cotton - Fantastic Night Dreams,Shoot'em Up / Horizontal,Success,SNK,jp,,,,2000-03-23 00:00:00,Fantastic Night Dreams Cotton (Japan).zip
87577,Neo Geo Pocket,Pachisuro Aruze Oogkoku Pocket - Hanabi,Cassino / Caça-níqueis,Aruze Corp,Aruze Corp,jp,,,,1999-01-01 00:00:00,Pachi-Slot Aruze Oukoku Pocket - Hanabi (Japan) (v1.02).zip
87587,Neo Geo Pocket,Puyo Puyo 2,Quebra-cabeças,Compile,SNK,jp,,,,1999-01-01 00:00:00,Puyo Pop (World) (En Ja) (v1.05).zip
51139,Neo Geo Pocket,Cool Cool Jam,Música e dança / Rítmico,SNK,SNK,jp,,,,2000-08-10 00:00:00,Cool Cool Jam (Japan).zip
47025,Neo Geo Pocket,Biomotor Unitron,Jogos de RPG,Yumekobo,SNK,jp,,,,1999-04-15 00:00:00,Biomotor Unitron (Japan).zip
47040,Neo Geo Pocket,Metal Slug - 1st Mission,Tiro / Run and Gun,Ukiyotei,SNK,jp,,,,1999-05-27 00:00:00,Metal Slug - 1st Mission (World) (En Ja).zip
47035,Neo Geo Pocket,Fatal Fury - F-Contact,Luta,SNK,SNK,jp,,,,1999-05-27 00:00:00,Fatal Fury F-Contact - Pocket Fighting Series (World) (En Ja).zip
47047,Neo Geo Pocket,Puzzle Link 2,Quebra-cabeças,Yumekobo,SNK,eu,,,,1999-01-01 00:00:00,Puzzle Link 2 (USA  Europe).zip
47025,Neo Geo Pocket,Biomotor Unitron,Jogos de RPG,Yumekobo,SNK,eu,1,11,2023-03-12 17:48:28,1999-01-01 00:00:00,Biomotor Unitron (USA  Europe).zip
47043,Neo Geo Pocket,Neo Turf Masters,Esporte / Golfe,SNK,SNK,jp,1,11,2023-03-12 17:48:28,1999-01-01 00:00:00,Neo Turf Masters (World) (En Ja).zip
47049,Neo Geo Pocket,Shanghai Mini,Estratégia,SNK,SNK,jp,1,11,2023-03-12 17:48:28,1999-01-01 00:00:00,Shanghai Mini (World) (En Ja).zip
87572,Neo Geo Pocket,Oekaki Puzzle,Quebra-cabeças,Success,SNK,eu,1,11,2023-03-12 17:48:28,2000-06-16 00:00:00,Picture Puzzle (USA  Europe).zip
47050,Neo Geo Pocket,SNK Gals Fighters,Ação,Yumekobo,SNK,eu,1,11,2023-03-12 17:48:28,2000-01-01 00:00:00,SNK Gals' Fighters (USA  Europe).zip
47044,Neo Geo Pocket,Pac-Man,Ação / Labirinto,Namco,SNK,jp,1,11,2023-03-12 17:48:28,1999-01-01 00:00:00,Pac-Man (World) (En Ja).zip
47052,Neo Geo Pocket,SNK vs. Capcom - Card Fighters Clash - SNK Version,Jogos de RPG,SNK,Capcom,eu,1,11,2023-03-12 17:48:28,1999-01-01 00:00:00,SNK vs. Capcom - Card Fighters' Clash - SNK Version (USA  Europe).zip
51151,Neo Geo Pocket,Delta Warp,Quebra-cabeças,Iosys,SNK,jp,1,11,2023-03-12 17:48:28,2000-08-10 00:00:00,Delta Warp (Japan) (En Ja).zip
87585,Neo Geo Pocket,Pocket Tennis Color - Pocket Sports Series,Esporte / Tênis,Yumekobo,SNK,jp,1,11,2023-03-12 17:48:28,1999-01-01 00:00:00,Pocket Tennis Color - Pocket Sports Series (World) (En Ja).zip
87593,Neo Geo Pocket,SNK vs. Capcom - Card Fighters Clash 2 - Expand Ed,Jogo de cartas,SNK,SNK,jp,1,11,2023-03-12 17:48:28,2001-01-01 00:00:00,SNK vs. Capcom - Card Fighters 2 - Expand Edition (Japan).zip
47036,Neo Geo Pocket,Ganbare Neo Poke Kun,Ação,SNK,SNK,jp,1,11,2023-03-12 17:48:28,2000-01-01 00:00:00,Ganbare Neo Poke-kun (Ka) (Japan).zip
87571,Neo Geo Pocket,Nige-ron-pa,Jogos de RPG,Dennou Eizou,Dennou Eizou,jp,1,11,2023-03-12 17:48:28,2000-11-23 00:00:00,Nigeronpa (Japan).zip
47041,Neo Geo Pocket,Metal Slug - 2nd Mission,Tiro / Run and Gun,Ukiyotei,SNK,jp,1,11,2023-03-12 17:48:28,2000-03-09 00:00:00,Metal Slug - 2nd Mission (World) (En Ja).zip
87590,Neo Geo Pocket,Rockman - Battle & Fighters,Luta,Capcom,Capcom,jp,1,11,2023-03-12 17:48:28,2000-07-06 00:00:00,Rockman - Battle & Fighters (Japan).zip
47038,Neo Geo Pocket,King of Fighters - R-2,Ação,SNK,SNK,jp,1,11,2023-03-12 17:48:28,1999-01-01 00:00:00,King of Fighters R-2 - Pocket Fighting Series (World) (En Ja).zip
47051,Neo Geo Pocket,SNK vs. Capcom - Card Fighters Clash - Capcom Vers,Jogos de RPG,SNK,Capcom,eu,1,11,2023-03-12 17:48:28,1999-01-01 00:00:00,SNK vs. Capcom - Card Fighters' Clash - Capcom Version (USA  Europe).zip
47054,Neo Geo Pocket,Sonic the Hedgehog - Pocket Adventure,Ação,SNK,SNK,wr,1,105,2004-12-31 22:16:49,1999-01-01 00:00:00,Sonic The Hedgehog - Pocket Adventure (World).zip
47028,Neo Geo Pocket,Beast Busters: Yami no Seitai Heiki,Ação,Noise Factory,SNK,jp,1,105,2004-12-31 22:16:49,1999-10-21 00:00:00,Dark Arms - Beast Buster 1999 (World) (En Ja).zip
47034,Neo Geo Pocket,Faselei!,Estratégia,Sacnoth,SNK,eu,1,13,2023-03-14 22:09:07,1999-01-01 00:00:00,Faselei! (Europe).zip
47033,Neo Geo Pocket,Cotton - Fantastic Night Dreams,Shoot'em Up / Horizontal,Success,SNK,eu,1,10,2021-11-18 13:52:47,2000-06-16 00:00:00,Fantastic Night Dreams Cotton (Europe).zip
47053,Neo Geo Pocket,SNK vs. Capcom - The Match of the Millennium,Ação,Capcom,Capcom,jp,1,10,2021-11-18 13:52:47,1999-01-01 00:00:00,SNK vs. Capcom - The Match of the Millennium (World) (En Ja).zip
87563,Neo Geo Pocket,Mizuki Shigeru no Youkai Shashinkan,Jogos de RPG,Ukiyotei,SNK,jp,1,10,2021-11-18 13:52:47,1999-12-29 00:00:00,Mizuki Shigeru no Youkai Shashinkan (Japan).zip
47030,Neo Geo Pocket,Densha de GO! 2,Simulação,Taito,SNK,jp,1,10,2021-11-18 13:52:47,1999-10-21 00:00:00,Densha de Go! 2 on Neo Geo Pocket (Japan).zip
87574,Neo Geo Pocket,Pachisuro Aruze Oogkoku Pocket - Dekahel,Cassino / Caça-níqueis,Aruze Corp,Aruze Corp,jp,1,10,2021-11-18 13:52:47,2000-01-01 00:00:00,Pachi-Slot Aruze Oukoku Pocket - Dekahel 2 (Japan).zip
87596,Neo Geo Pocket,Soreike!! Hanafuda Doujou,Jogo de tabuleiro Asiático / Hanafuda,Dyna Corporation,Dyna,jp,1,10,2021-11-18 13:52:47,1999-12-16 00:00:00,Soreike!! Hanafuda Doujou (Japan).zip
47032,Neo Geo Pocket,Evolution - Eternal Dungeons,Jogos de RPG,Dyna Corporation,SEGA,eu,1,10,2021-11-18 13:52:47,2000-01-01 00:00:00,Evolution - Eternal Dungeons (Europe).zip
47046,Neo Geo Pocket,Puzzle Link,Quebra-cabeças,Yumekobo,SNK,eu,1,10,2021-11-18 13:52:47,1999-01-01 00:00:00,Puzzle Link (Europe).zip
87588,Neo Geo Pocket,Puzzle Bobble Mini,Ação,Taito,SNK,eu,1,10,2021-11-18 13:52:47,1999-01-01 00:00:00,Puzzle Bobble Mini (Japan  Europe) (v1.10).zip
47064,Neo Geo Pocket,The Last Blade - Beyond the Destiny,Luta,Saurus,SNK,jp,1,10,2021-11-18 13:52:47,2000-03-16 00:00:00,Bakumatsu Rouman Tokubetsu Hen - Gekka no Kenshi - Tsuki ni Saku Hana  Chiri Yuku Hana (Japan).zip
87566,Neo Geo Pocket,Neo Cherry Master Color - Real Casino Series,Cassino,Dyna Corp.,SNK,jp,1,10,2021-11-18 13:52:47,1999-03-19 00:00:00,Neo Cherry Master Color - Real Casino Series (World) (En Ja).zip
87554,Neo Geo Pocket,Dive Alert - Matt's Version,Jogos de RPG,Sacnoth,SNK,eu,1,10,2021-11-18 13:52:47,2000-01-01 00:00:00,Dive Alert - Matt's Version (USA  Europe).zip
87568,Neo Geo Pocket,Neo Dragon's Wild - Real Casino Series,Cassino,Dyna Corp.,SNK,jp,1,10,2021-11-18 13:52:47,1999-03-19 00:00:00,Neo Dragon's Wild - Real Casino Series (World) (En Ja) (v1.13).zip
87569,Neo Geo Pocket,Neo Mystery Bonus - Real Casino Series,Cassino,Dyna Corp.,SNK,jp,1,10,2021-11-18 13:52:47,1999-03-19 00:00:00,Neo Mystery Bonus - Real Casino Series (World) (En Ja).zip
87592,Neo Geo Pocket,Master of Syougi Color,Jogo de tabuleiro Asiático / Shougi,ADK,ADK,jp,1,10,2021-11-18 13:52:47,1999-01-01 00:00:00,Shougi no Tatsujin Color (Japan).zip
87580,Neo Geo Pocket,Pachisuro Aruze Oogkoku Pocket - Ward of Lights,Cassino / Caça-níqueis,ADK,Aruze Corp,jp,1,10,2021-11-18 13:52:47,2000-01-01 00:00:00,Pachi-Slot Aruze Oukoku Pocket - Ward of Lights (Japan).zip
47047,Neo Geo Pocket,Tsunagete Pon! 2,Quebra-cabeças,Yumekobo,SNK,jp,1,10,2021-11-18 13:52:47,1999-01-01 00:00:00,Tsunagete Pon! 2 (Japan).zip
47031,Neo Geo Pocket,Dive Alert - Becky's Version,Jogos de RPG,Sacnoth,SNK,eu,1,10,2021-11-18 13:52:47,1999-01-01 00:00:00,Dive Alert - Becky's Version (USA  Europe).zip
51150,Neo Geo Pocket,Bikkuriman 2000 Viva!,Ação,SEGA,SEGA,jp,1,10,2021-11-18 13:52:47,2000-03-16 00:00:00,Bikkuriman 2000 - Viva! Pocket Festiva! (Japan).zip
47034,Neo Geo Pocket,Faselei!,Estratégia,Sacnoth,SNK,jp,1,10,2021-11-18 13:52:47,1999-12-22 00:00:00,Faselei! (Japan).zip
87584,Neo Geo Pocket,Pocket Reversi,Quebra-cabeças,Success,SNK,eu,1,10,2021-11-18 13:52:47,2000-01-27 00:00:00,Pocket Reversi (Europe).zip
87587,Neo Geo Pocket,Puyo Puyo 2,Quebra-cabeças,Compile,SNK,jp,1,10,2021-11-18 13:52:47,1999-01-01 00:00:00,Puyo Pop (World) (En Ja) (v1.06).zip
87579,Neo Geo Pocket,Pachisuro Aruze Oogkoku Pocket - Adventure of Porc,Cassino / Caça-níqueis,Aruze Corp,Aruze Corp,jp,1,10,2021-11-18 13:52:47,2000-01-01 00:00:00,Pachi-Slot Aruze Oukoku Pocket - Porcano 2 (Japan).zip
47042,Neo Geo Pocket,NeoGeo Cup '98 Plus,Esporte / Futebol,SNK,SNK,jp,1,10,2021-11-18 13:52:47,1999-01-01 00:00:00,Neo Geo Cup '98 Plus (World) (En Ja).zip
47071,Neo Geo Pocket,Big Bang Pro Wrestling,Esporte / Luta Livre,S-Neo,SNK,jp,1,57,2022-11-20 20:35:10,2000-11-23 00:00:00,Big Bang Pro Wrestling (Japan) (En Ja).zip
87581,Neo Geo Pocket,Pachinko Hissyou Guide Pocket Parlor,Cassino,Vistec,Sankyo,jp,1,57,2022-11-20 20:35:10,1999-01-01 00:00:00,Pachinko Hisshou Guide - Pocket Parlor (Japan).zip
87557,Neo Geo Pocket,Infinity Cure,Aventura,Kindle Imagine Develop,Kindle Imagine Develop,jp,1,57,2022-11-20 20:35:10,2000-11-23 00:00:00,Infinity Cure (Japan).zip
87597,Neo Geo Pocket,Super Real Mahjong - Premium Collection,Jogo de tabuleiro Asiático / Mahjong,SETA Corporation,SETA Corporation,jp,1,57,2022-11-20 20:35:10,2001-01-01 00:00:00,Super Real Mahjong - Premium Collection (Japan).zip
87554,Neo Geo Pocket,Dive Alert - Burn Hen,Jogos de RPG,Sacnoth,SNK,jp,1,57,2022-11-20 20:35:10,1999-08-19 00:00:00,Dive Alert - Burn Hen (Japan).zip
87593,Neo Geo Pocket,SNK vs. Capcom - Card Fighters Clash 2 - Expand Ed,Jogo de cartas,SNK,SNK,jp,1,57,2022-11-20 20:35:10,2001-01-01 00:00:00,SNK vs. Capcom - Gekitotsu Card Fighters - Capcom Supporter Version (Japan).zip
47050,Neo Geo Pocket,SNK Gals Fighters,Ação,Yumekobo,SNK,jp,1,57,2022-11-20 20:35:10,2000-01-01 00:00:00,SNK Gals' Fighters (Japan).zip
47052,Neo Geo Pocket,SNK vs. Capcom - Gekitotsu Card Fighters - SNK Ver,Jogos de RPG,SNK,Capcom,jp,1,57,2022-11-20 20:35:10,1999-01-01 00:00:00,SNK vs. Capcom - Gekitotsu Card Fighters - SNK Supporter Version (Japan).zip
87560,Neo Geo Pocket,Magical Drop Pocket,Quebra-cabeças,SAS Sakata,SNK,eu,1,57,2022-11-20 20:35:10,2000-03-04 00:00:00,Magical Drop Pocket (USA  Europe).zip
51139,Neo Geo Pocket,Cool Cool Jam,Música e dança / Rítmico,SNK,SNK,eu,1,57,2022-11-20 20:35:10,2000-08-10 00:00:00,Cool Cool Jam (USA  Europe) (Sample).zip
87562,Neo Geo Pocket,Mezase! Kanji Ou,Educacional,SNK,SNK,jp,1,57,2022-11-20 20:35:10,2000-01-20 00:00:00,Mezase! Kanji Ou (Japan).zip
87576,Neo Geo Pocket,Pachisuro Aruze Oogkoku Pocket - e-Cup,Cassino / Caça-níqueis,Aruze Corp,Aruze Corp,jp,1,57,2022-11-20 20:35:10,2001-01-01 00:00:00,Pachi-Slot Aruze Oukoku Pocket - e-Cup (Japan).zip
47064,Neo Geo Pocket,The Last Blade - Beyond the Destiny,Luta,Saurus,SNK,eu,1,57,2022-11-20 20:35:10,2000-01-01 00:00:00,Last Blade  The - Beyond the Destiny (Europe).zip
87582,Neo Geo Pocket,Party Mail,Luta,ADK,SNK,jp,1,57,2022-11-20 20:35:10,1999-01-01 00:00:00,Party Mail (Japan).zip
47046,Neo Geo Pocket,Renketsu Puzzle Tsunagete Pon!,Quebra-cabeças,Yumekobo,SNK,jp,1,57,2022-11-20 20:35:10,1999-03-19 00:00:00,Renketsu Puzzle Tsunagete Pon! Color (Japan).zip
87572,Neo Geo Pocket,Oekaki Pazuru,Quebra-cabeças,Success,SNK,jp,1,57,2022-11-20 20:35:10,2000-01-01 00:00:00,Oekaki Puzzle (Japan).zip
87588,Neo Geo Pocket,Bust-A-Move Pocket,Ação,Taito,SNK,us,1,57,2022-11-20 20:35:10,1999-01-01 00:00:00,Bust-A-Move Pocket (USA).zip
87573,Neo Geo Pocket,Pachisuro Aruze Oogkoku Pocket - Azteca,Cassino / Caça-níqueis,Aruze Corp,Aruze Corp,jp,1,57,2022-11-20 20:35:10,2000-01-01 00:00:00,Pachi-Slot Aruze Oukoku Pocket - Azteca (Japan).zip
87561,Neo Geo Pocket,Memories Off - Pure,Aventura,Kindle Imagine Develop,Kindle Imagine Develop,jp,1,57,2022-11-20 20:35:10,2000-04-27 00:00:00,Memories Off - Pure (Japan).zip
87577,Neo Geo Pocket,Pachisuro Aruze Oogkoku Pocket - Hanabi,Cassino / Caça-níqueis,Aruze Corp,Aruze Corp,jp,1,57,2022-11-20 20:35:10,1999-01-01 00:00:00,Pachi-Slot Aruze Oukoku Pocket - Hanabi (Japan) (v1.04).zip
47048,Neo Geo Pocket,Samurai Shodown! 2 - Pocket Fighting Series,Ação,SNK,SNK,jp,1,57,2022-11-20 20:35:10,1999-01-01 00:00:00,Samurai Shodown! 2 - Pocket Fighting Series (World) (En Ja).zip
87558,Neo Geo Pocket,The King of Fighters - Battle de Paradise,Jogo de tabuleiro,SNK,SNK,jp,1,57,2022-11-20 20:35:10,2000-07-06 00:00:00,King of Fighters  The - Battle de Paradise (Japan).zip
87556,Neo Geo Pocket,Dynamite Slugger,Esporte / Baseball,ADK,SNK,jp,1,57,2022-11-20 20:35:10,2000-05-25 00:00:00,Dynamite Slugger (Japan  Europe) (En Ja).zip
87583,Neo Geo Pocket,Pocket Love - If,Esporte / Baseball,ADK,Kindle Imagine Develop,jp,1,57,2022-11-20 20:35:10,1999-01-01 00:00:00,Pocket Love if (Japan).zip
87567,Neo Geo Pocket,Neo Derby Champ Daiyosou,Cassino / Corrida,ADK,Dyna,jp,1,57,2022-11-20 20:35:10,1999-04-22 00:00:00,Neo Derby Champ Daiyosou (Japan).zip
87578,Neo Geo Pocket,Pachisuro Aruze Oogkoku Pocket - Oohanabi,Cassino / Caça-níqueis,ADK,Aruze Corp,jp,1,57,2022-11-20 20:35:10,2000-01-01 00:00:00,Pachi-Slot Aruze Oukoku Pocket - Oohanabi (Japan).zip
47029,Neo Geo Pocket,Densetsu no Ogre Battle Gaiden - Zenobia no Ouji,Jogos de RPG,Quest,Quest,jp,1,57,2022-11-20 20:35:10,2000-06-22 00:00:00,Densetsu no Ogre Battle Gaiden - Zenobia no Ouji (Japan).zip
87575,Neo Geo Pocket,Pachisuro Aruze Oogkoku Pocket - Oelsol,Cassino / Caça-níqueis,Aruze Corp,Aruze Corp,jp,1,57,2022-11-20 20:35:10,2000-01-01 00:00:00,Pachi-Slot Aruze Oukoku Pocket - Delsol 2 (Japan).zip
87564,Neo Geo Pocket,Neo 21 - Real Casino Series,Cassino,Dyna Corp.,Dyna Corp,wr,1,57,2022-11-20 20:35:10,1999-01-01 00:00:00,Neo 21 - Real Casino Series (World).zip
87600,Neo Geo Pocket,Kikou Seiki Unitron,Jogos de RPG,Yumekobo,SNK,jp,1,57,2022-11-20 20:35:10,2000-01-20 00:00:00,Kikou Seiki Unitron - Sono Tsuide. Hikari Umareru Chi Yori. (Japan).zip
51140,Neo Geo Pocket,Cool Boarders Pocket,Esporte / Esqui,UEP Systems,SNK,jp,1,57,2022-11-20 20:35:10,2000-02-24 00:00:00,Cool Boarders Pocket (Japan  Europe) (En Ja).zip
47027,Neo Geo Pocket,Crush Roller,Ação / Labirinto,ADK,SNK,jp,1,57,2022-11-20 20:35:10,1999-04-15 00:00:00,Crush Roller (World) (En Ja).zip
87570,Neo Geo Pocket,Neo Poke Pro Yakyuu,Esporte / Baseball,SNK,SNK,jp,1,57,2022-11-20 20:35:10,1999-05-27 00:00:00,Neo Poke Pro Yakyuu (Japan).zip
47032,Neo Geo Pocket,Shinki Sekai Evolution - Hateshinai Dungeon,Jogos de RPG,SNK,SEGA,jp,1,57,2022-11-20 20:35:10,2000-01-01 00:00:00,Shinki Sekai Evolution - Hateshinai Dungeon (Japan).zip
87565,Neo Geo Pocket,Neo Baccarat - Real Casino Series,Cassino / Cartas,Dyna Corp.,Dyna Corp.,wr,1,57,2022-11-20 20:35:10,2000-01-01 00:00:00,Neo Baccarat - Real Casino Series (World).zip
87560,Neo Geo Pocket,Magical Drop Pocket,Quebra-cabeças,SAS Sakata,SNK,jp,1,57,2022-11-20 20:35:10,1999-06-24 00:00:00,Magical Drop Pocket (Japan).zip
47031,Neo Geo Pocket,Dive Alert: Rebecca Hen,Jogos de RPG,Sacnoth,SNK,jp,1,57,2022-11-20 20:35:10,1999-08-19 00:00:00,Dive Alert - Rebecca Hen (Japan).zip
87559,Neo Geo Pocket,Koi Koi Mahjong,Jogo de tabuleiro Asiático / Mahjong,Visco,Visco,jp,1,57,2022-11-20 20:35:10,2000-03-09 00:00:00,Koi Koi Mahjong (Japan).zip
47070,Neo Geo Pocket,Baseball Stars Color,Esporte / Baseball,Saurus,SNK,jp,3,35,2024-05-30 10:36:25,1999-03-19 00:00:00,Baseball Stars Color (World) (En Ja).zip
87586,Neo Geo Pocket,Prize Game - Pp-aa01 Pusher Program,Variados / Utilitários,Saurus,SNK,jp,3,35,2024-05-30 10:36:25,1999-03-19 00:00:00,Prize Game - PP-AA01 Pusher Program (Japan).zip
,odcommander,OD-Commander,File manager,glebm,,,0,,,2022-04-10 00:00:00,od-commander.odc
192069,OpenBor,HE-MAN,Beat'em All,bWWd,,,3,550,2023-04-23 18:14:47,2013-10-13 00:00:00,he-man_v2.10.pak
191623,OpenBor,Batman Gotham Knights,Plataforma / Combate com rolagem,bWWd,,,1,20,2023-04-23 16:20:30,2013-10-13 00:00:00,Batman_Gotham_Knights_[v.3.0_Build_4086].pak
192039,OpenBor,Street Of Rage 2x,Briga de rua,Kratus,Kratus,,1,103,2023-04-23 15:49:22,2017-12-01 00:00:00,SOR2X_V2.1.pak
257995,OpenBor,Golden Axe Myth,Briga de rua,Kratus,Kratus,,1,103,2023-04-23 15:49:22,2011-08-04 00:00:00,Golden Axe Myth (v12-2019).pak
255742,OpenBor,Gudule,Briga de rua,Kratus,Kratus,,1,103,2023-04-23 15:49:22,2011-08-04 00:00:00,gudule.pak
59774,PC Engine,Ballistix,Esporte,Reflections Interactive,NEC,us,,,,1992-01-01 00:00:00,Ballistix (USA).pce
14512,PC Engine,Ninja Spirit,Plataforma,Irem,Irem,us,,,,1990-01-01 00:00:00,Ninja Spirit (USA).pce
78788,PC Engine,China Warrior,Ação,Hudson,NEC,us,,,,1989-01-01 00:00:00,China Warrior (USA).pce
59837,PC Engine,World Court Tennis,Esporte / Tênis,Namco,NEC,us,,,,1989-01-01 00:00:00,World Court Tennis (USA).pce
14556,PC Engine,Chew Man Fu,Quebra-cabeças,Now,NEC,us,,,,1990-01-01 00:00:00,Chew Man Fu (USA).pce
78634,PC Engine,Dragon Spirit,Shoot'em Up / Vertical,Namco,NEC,us,,,,1989-01-01 00:00:00,Dragon Spirit (USA).pce
78724,PC Engine,Ordyne,Shoot'em Up / Horizontal,Namco,NEC,us,,,,1990-01-01 00:00:00,Ordyne (USA).pce
59840,PC Engine,Takin' It to the Hoop,Esporte / Basquete,Aicom,NEC,us,,,,1990-01-01 00:00:00,Takin' It to the Hoop (USA).pce
14573,PC Engine,Victory Run,Corrida / Pilotagem,Hudson,Hudson,us,,,,1989-01-01 00:00:00,Victory Run (USA).pce
59836,PC Engine,World Class Baseball,Esporte / Baseball,Hudson,NEC,us,,,,1989-01-01 00:00:00,World Class Baseball (USA).pce
78791,PC Engine,Time Cruise,Pinball,FACE,NEC,us,,,,1992-01-01 00:00:00,Time Cruise (USA).pce
78672,PC Engine,J.J. & Jeff,Ação,Hudson,NEC,us,,,,1990-01-01 00:00:00,J.J. & Jeff (USA).pce
14554,PC Engine,Military Madness,Estratégia,Hudson,NEC,us,,,,1989-01-01 00:00:00,Military Madness (USA).pce
78766,PC Engine,Sinistron,Shoot'em Up / Horizontal,IGS,NEC,us,,,,1991-01-01 00:00:00,Sinistron (USA).pce
78612,PC Engine,Boxyboy,Quebra-cabeças,NEC,Media Rings,us,,,,1990-01-01 00:00:00,Boxyboy (USA).pce
59816,PC Engine,Night Creatures,Aventura,Manley and Associates,NEC,us,,,,1991-01-01 00:00:00,Night Creatures (USA).pce
141201,PC Engine,Psychosis,Shoot'em Up / Horizontal,Naxat Soft,NEC,us,,,,1990-01-01 00:00:00,Psychosis (USA).pce
59841,PC Engine,TV Sports Hockey,Esporte / Hóquei,Cinemaware,NEC,us,,,,1991-01-01 00:00:00,TV Sports Hockey (USA).pce
59843,PC Engine,TV Sports Football,Esporte / Futebol americano,Cinemaware,NEC,us,,,,1990-01-01 00:00:00,TV Sports Football (USA).pce
78616,PC Engine,Champions Forever Boxing,Esporte / Boxe,Distinctive Software,NEC,us,,,,1991-01-01 00:00:00,Champions Forever Boxing (USA).pce
59828,PC Engine,Silent Debuggers,Tiro / Tiro em 1ª pessoa,Data East,NEC,us,,,,1991-01-01 00:00:00,Silent Debuggers (USA).pce
14591,PC Engine,SideArms,Shoot'em Up / Horizontal,Capcom,Radiance Software,us,,,,1989-01-01 00:00:00,SideArms - Hyper Dyne (USA).pce
14529,PC Engine,Moto Roader,Corrida / Pilotagem / Moto,NCS,NEC,us,,,,1989-01-01 00:00:00,Moto Roader (USA).pce
14468,PC Engine,Dragon's Curse,Plataforma,Westone,NEC,us,,,,1990-12-31 00:00:00,Dragon's Curse (USA).pce
59849,PC Engine,TaleSpin,Plataforma,Interactive Designs,NEC,us,,,,1991-01-01 00:00:00,TaleSpin (USA).pce
59794,PC Engine,Dungeon Explorer,Jogos de RPG,Atlus,NEC,us,,,,1989-01-01 00:00:00,Dungeon Explorer (USA).pce
189146,PC Engine,Samurai-Ghost,Plataforma,Namco,Namco,us,,,,1992-04-07 00:00:00,Samurai-Ghost (USA).pce
59780,PC Engine,Bonk's Adventure,Plataforma,Atlus,Hudson,us,,,,1990-01-01 00:00:00,Bonk's Adventure (USA).pce
78770,PC Engine,Sonic Spike : World Championship Beach Volleyball,Esporte / Voleibol,IGS,IGS,us,,,,1990-01-01 00:00:00,Sonic Spike - World Championship Beach Volleyball (USA).pce
78668,PC Engine,Hit the Ice : VHL  The Official Video Hockey Leagu,Esporte / Hóquei,Taito,Taito,us,,,,1992-01-01 00:00:00,Hit the Ice - VHL - The Official Video Hockey League (USA).pce
78613,PC Engine,Bravoman,Ação,Now,NEC,us,,,,1990-01-01 00:00:00,Bravoman (USA).pce
14555,PC Engine,New Adventure Island,Plataforma,Hudson,Hudson,us,,,,1992-01-01 00:00:00,New Adventure Island (USA).pce
78643,PC Engine,Falcon,Simulação,Spectrum Holobyte,Spectrum Holobyte,us,,,,1992-01-01 00:00:00,Falcon (USA).pce
59779,PC Engine,Bonk III : Bonk's Big Adventure,Plataforma,Hudson,Turbo Technologies,us,,,,1993-01-01 00:00:00,Bonk III - Bonk's Big Adventure (USA).pce
14565,PC Engine,Soldier Blade,Shoot'em Up / Vertical,Hudson,Hudson,us,,,,1992-01-01 00:00:00,Soldier Blade (USA).pce
59817,PC Engine,Order of the Griffon,Jogos de RPG,Westwood Associates,Turbo Technologies,us,,,,1992-01-01 00:00:00,Order of the Griffon (USA).pce
14514,PC Engine,Space Harrier,Tiro / Tiro em 3ª pessoa,SEGA AM2,NEC,us,,,,1988-12-09 00:00:00,Space Harrier (USA).pce
59807,PC Engine,Klax,Estratégia,Tengen,Tengen,us,,,,1990-01-01 00:00:00,Klax (USA).pce
59785,PC Engine,Cyber Core,Shoot'em Up / Vertical,Alfa System,NEC,us,,,,1990-01-01 00:00:00,Cyber Core (USA).pce
59798,PC Engine,Ghost Manor,Plataforma,ICOM Simulations,Turbo Technologies,us,,,,1992-01-01 00:00:00,Ghost Manor (USA).pce
14526,PC Engine,Air Zonk,Shoot'em Up / Horizontal,Hudson,Hudson,us,,,,1992-01-01 00:00:00,Air Zonk (USA).pce
59776,PC Engine,Bloody Wolf,Tiro / Run and Gun,Data East,Data East,us,,,,1990-01-01 00:00:00,Bloody Wolf (USA).pce
78775,PC Engine,Splatterhouse,Ação,Namco,NEC,us,,,,1990-01-01 00:00:00,Splatterhouse (USA).pce
14553,PC Engine,R-Type,Shoot'em Up / Horizontal,Irem,NEC,us,,,,1989-01-01 00:00:00,R-Type (USA).pce
59792,PC Engine,Dead Moon,Shoot'em Up / Horizontal,Studio Ducks,Natsume,us,,,,1992-01-01 00:00:00,Dead Moon (USA).pce
14546,PC Engine,Turrican,Plataforma / Tiro com rolagem,The Code Monkeys,Accolade,us,,,,1991-08-01 00:00:00,Turrican (USA).pce
14510,PC Engine,Galaga '90,Shoot'em Up / Vertical,Namco,NEC,us,,,,1989-01-01 00:00:00,Galaga '90 (USA).pce
59777,PC Engine,Bomberman,Ação / Labirinto,Hudson,Turbo Technologies,us,,,,1990-12-07 00:00:00,Bomberman (USA).pce
14560,PC Engine,Vigilante,Ação,NEC,Irem,us,,,,1989-01-01 00:00:00,Vigilante (USA).pce
14543,PC Engine,Alien Crush,Pinball,Compile,NEC,us,,,,1989-01-01 00:00:00,Alien Crush (USA).pce
125863,PC Engine,Timeball,Quebra-cabeças,Hudson,NEC,us,,,,1990-02-23 00:00:00,Timeball (USA).pce
59830,PC Engine,Yo  Bro,Tiro,ICOM Simulations,NEC,us,,,,1991-01-01 00:00:00,Yo  Bro (USA).pce
14520,PC Engine,Chase H.Q.,Corrida / Pilotagem,Taito,Taito,us,,,,1992-01-01 00:00:00,Taito Chase H.Q. (USA).pce
59772,PC Engine,Aero Blasters,Shoot'em Up / Horizontal,Hudson,Hudson,us,,,,1990-01-01 00:00:00,Aero Blasters (USA).pce
59775,PC Engine,Battle Royale,Esporte,Enerdyne Technologies,NEC,us,,,,1990-01-01 00:00:00,Battle Royale (USA).pce
78780,PC Engine,Super Volleyball,Esporte / Voleibol,Video System,NEC,us,,,,1990-01-01 00:00:00,Super Volleyball (USA).pce
14601,PC Engine,Shockman,Plataforma,Winds,NCS,us,,,,1992-01-01 00:00:00,Shockman (USA).pce
59810,PC Engine,Magical Chase,Shoot'em Up / Horizontal,Quest,NEC,us,,,,1993-01-01 00:00:00,Magical Chase (USA).pce
14607,PC Engine,The Legendary Axe II,Ação,Atlus,NEC,us,,,,1990-01-01 00:00:00,Legendary Axe II  The (USA).pce
78731,PC Engine,Parasol Stars : The Story of Bubble Bobble III,Ação,Taito,Working Designs,us,,,,1991-05-02 00:00:00,Parasol Stars - The Story of Bubble Bobble III (USA).pce
78768,PC Engine,Somer Assault,Tiro,Atlus,Atlus,us,,,,1992-01-01 00:00:00,Somer Assault (USA).pce
78683,PC Engine,Keith Courage in Alpha Zones,Plataforma,Hudson,NEC,us,,,,1989-01-01 00:00:00,Keith Courage in Alpha Zones (USA).pce
14568,PC Engine,Neutopia,Aventura,Hudson,NEC,us,,,,1990-01-01 00:00:00,Neutopia (USA).pce
59844,PC Engine,TV Sports Basketball,Esporte / Basquete,Cinemaware,NEC,us,,,,1991-01-01 00:00:00,TV Sports Basketball (USA).pce
59796,PC Engine,Fantasy Zone,Shoot'em Up,Bits Laboratory,NEC,us,,,,1989-01-01 00:00:00,Fantasy Zone (USA).pce
14487,PC Engine,Darkwing Duck,Plataforma,Turbo Technologies,Radiance Software,us,,,,1992-01-01 00:00:00,Darkwing Duck (USA).pce
78673,PC Engine,Jack Nicklaus' Turbo Golf,Esporte / Golfe,Sculptured Software,Accolade,us,,,,1990-01-01 00:00:00,Jack Nicklaus' Turbo Golf (USA).pce
78611,PC Engine,Bonk's Revenge,Plataforma,Red Company,NEC,us,,,,1991-01-01 00:00:00,Bonk's Revenge (USA).pce
14588,PC Engine,Super Star Soldier,Shoot'em Up / Vertical,Inter State,Hudson,us,,,,1991-01-01 00:00:00,Super Star Soldier (USA).pce
14567,PC Engine,Power Golf,Esporte / Golfe,Hudson,Hudson,us,,,,1989-01-01 00:00:00,Power Golf (USA).pce
14593,PC Engine,Final Lap Twin,Corrida / Pilotagem / Corrida em 3ª pessoa,NEC,Namco,us,,,,1989-01-01 00:00:00,Final Lap Twin (USA).pce
59818,PC Engine,André Panza Kick Boxing,Esporte / Boxe,Futura,NEC,us,,,,1991-01-01 00:00:00,Andre' Panza Kick Boxing (USA).pce
14552,PC Engine,Neutopia II,Aventura,Hudson,Hudson,us,,,,1992-01-01 00:00:00,Neutopia II (USA).pce
59805,PC Engine,King of Casino,Cassino,NEC,NEC,us,,,,1990-01-01 00:00:00,King of Casino (USA).pce
14531,PC Engine,Tiger Road,Plataforma,Go!,Capcom,us,,,,1990-01-01 00:00:00,Tiger Road (USA).pce
78625,PC Engine,Davis Cup Tennis,Esporte / Tênis,Loriciels,NEC,us,,,,1991-01-01 00:00:00,Davis Cup Tennis (USA).pce
14550,PC Engine,The Legendary Axe,Plataforma,Marvelous Interactive,NEC,us,,,,1989-01-01 00:00:00,Legendary Axe  The (USA).pce
14527,PC Engine,Cratermaze,Ação / Labirinto,Hudson,NEC,us,,,,1990-01-01 00:00:00,Cratermaze (USA).pce
14590,PC Engine,Gunboat,Simulação / Veículos,Accolade,Accolade,us,,,,1992-01-01 00:00:00,Gunboat (USA).pce
78635,PC Engine,Drop Off,Ação / Jogos de Breakout,Data East,NEC,us,,,,1990-01-01 00:00:00,Drop.Off (USA).pce
78796,PC Engine,Tricky Kick,Estratégia,IGS,IGS,us,,,,1990-01-01 00:00:00,Tricky Kick (USA).pce
97396,PC Engine,Santatlantean,Shoot'em Up / Horizontal,Andrew Darovich,Aetherbyte,jp,,,,2014-12-19 00:00:00,Santatlantean (aetherbyte).pce
78800,PC Engine,Veigues : Tactical Gladiator,Shoot'em Up,Game Arts,NEC,us,,,,1990-01-01 00:00:00,Veigues - Tactical Gladiator (USA).pce
59793,PC Engine,Deep Blue,Shoot'em Up / Horizontal,Pack In Video,NEC,us,,,,1990-01-01 00:00:00,Deep Blue (USA).pce
78606,PC Engine,Blazing Lazers,Shoot'em Up / Vertical,Compile,NEC,us,,,,1989-01-01 00:00:00,Blazing Lazers (USA).pce
14511,PC Engine,Cadash,Jogos de RPG,Taito,Working Designs,us,,,,1991-01-01 00:00:00,Cadash (USA).pce
78803,PC Engine,World Sports Competition,Esporte / Poliesportivo,Hudson,Hudson,us,,,,1993-01-01 00:00:00,World Sports Competition (USA).pce
14604,PC Engine,Impossamole,Plataforma,NEC,Core Design,us,,,,1991-01-01 00:00:00,Impossamole (USA).pce
78630,PC Engine,Double Dungeons,Jogos de RPG / RPG Medieval,NCS,Masaya Games,us,,,,1989-09-29 00:00:00,Double Dungeons - W (USA).pce
78626,PC Engine,Devil's Crush,Pinball,Compile,NEC,us,,,,1990-01-01 00:00:00,Devil's Crush (USA).pce
14545,PC Engine,Raiden,Shoot'em Up / Vertical,Seibu Kaihatsu,NEC,us,,,,1991-01-01 00:00:00,Raiden (USA).pce
78675,PC Engine,Jackie Chan's Action Kung Fu,Plataforma,Hudson,Hudson,us,,,,1992-01-01 00:00:00,Jackie Chan's Action Kung Fu (USA).pce
97395,PC Engine,Reflectron,Tiro,Andrew Darovich,Aetherbyte,jp,,,,2013-12-03 00:00:00,Reflectron (aetherbyte).pce
14495,PC Engine,Pac-Land,Plataforma,Namco,NEC,us,,,,1990-01-01 00:00:00,Pac-Land (USA).pce
14583,PC Engine,Legend of Hero Tonma,Plataforma,Irem,Irem,us,1,278,2024-06-16 18:37:40,1993-01-01 00:00:00,Legend of Hero Tonma (USA).pce
14484,PC Engine,Bomberman '93,Ação / Labirinto,NEC,Hudson,us,1,111,2025-01-19 11:32:46,1993-01-01 00:00:00,Bomberman '93 (USA).pce
14466,PC Engine CD,Akumajou Dracula X - Chi No Rondo,Plataforma,Konami,Konami,eu,3,99,2004-12-31 22:17:56,1993-10-29 00:00:00,Akumajou_Dracula_X_-_Chi_no_Rinne_(NTSC-J)_[KMCD3005].iso
14466,PC Engine CD,Akumajou Dracula X - Chi No Rondo,Plataforma,Konami,Konami,eu,7,313,2022-07-26 20:52:17,1993-10-29 00:00:00,Akumajou_Dracula_X_-_Chi_no_Rinne_(NTSC-J)_[KMCD3005].cue
103588,PC Engine CD,Valis 2,Ação,Shin-Nihon Laser Soft,NEC,us,7,313,2022-07-26 20:52:17,1990-01-01 00:00:00,Valis II (US).ccd
14508,PC Engine CD,Sherlock Holmes : Consulting Detective : Vol. I,Aventura,ICOM Simulations,Victor Entertainment,us,1,15,2022-07-26 20:51:59,1991-07-26 00:00:00,Sherlock Holmes Consulting Detective (US).ccd
14466,PC Engine CD,Akumajou Dracula X - Chi no Rondo,Plataforma,Konami,Konami,jp,1,32,2022-07-28 10:50:16,1993-10-29 00:00:00,Akumajou Dracula X - Chi no Rondo (JP).ccd
14485,PC Engine CD,Fighting Street,Luta,NEC,Capcom,us,1,14,2022-07-26 20:51:41,1989-12-04 00:00:00,Fighting Street (US).ccd
106868,PC Engine CD,Cosmic Fantasy - Bouken Shounen Yuu,Jogos de RPG,Shin-Nihon Laser Soft,Telenet,jp,1,14,2022-07-26 20:51:41,1990-03-30 00:00:00,Cosmic Fantasy - Bouken Shounen Yuu (JP).ccd
106236,prboom,DOOM,Tiro / Tiro em 1ª pessoa,id Software,GT Interactive,,1,,2020-04-03 10:57:36,1993-01-01 00:00:00,doom1_shareware.wad
481529,prboom,ZZZ(notgame):Prboom,Tiro / Tiro em 1ª pessoa,id Software,GT Interactive,,1,,2020-04-03 10:57:36,1993-01-01 00:00:00,prboom.wad
19307,Playstation,Star Wars : Episode I - The Phantom Menace,Ação / Aventura,Big Ape Productions,LucasArts,us,,,,1999-08-31 00:00:00,Star Wars - Episode I - The Phantom Menace (USA).cue
19840,Playstation,Dave Mirra Freestyle BMX,Esporte / Ciclismo,Z-Axis,Acclaim,us,,,,2000-09-30 00:00:00,Dave Mirra Freestyle BMX (USA).PBP
19252,Playstation,Dino Crisis,Aventura / Survival Horror,Capcom,Virgin Interactive,us,,,,1999-09-01 00:00:00,Dino Crisis (USA).PBP
19337,Playstation,Blood Omen : Legacy of Kain,Jogos de RPG / RPG de Ação,Crystal Dynamics,Eidos Interactive,us,,,,1996-11-14 00:00:00,Blood Omen - Legacy of Kain (USA).PBP
19517,Playstation,Colin McRae Rally,Esporte,Codemasters,Codemasters,us,,,,2000-01-31 00:00:00,Colin McRae Rally (USA).PBP
19289,Playstation,Grandia,Jogos de RPG,Game Arts,Ubisoft,us,,,,1999-10-26 00:00:00,Grandia.PBP
19585,Playstation,Gekido : Urban Fighters,Briga de rua,NA.P.S. Team,Infogrames,us,,,,2001-02-23 00:00:00,Gekido - Urban Fighters (USA).PBP
19262,Playstation,Crash Bandicoot : Warped,Plataforma,Naughty Dog,Sony Computer Entertainment,us,,,,1998-11-15 00:00:00,Crash Bandicoot - Warped (USA).PBP
19773,Playstation,X-Men : Mutant Academy,Luta,Paradox Development,Activision,us,,,,2000-06-28 00:00:00,X-Men - Mutant Academy (USA).PBP
19266,Playstation,Crash Team Racing,Corrida / Pilotagem,Naughty Dog,Sony Computer Entertainment,us,,,,1999-09-30 00:00:00,CTR - Crash Team Racing (USA).PBP
19442,Playstation,Bloody Roar,Luta,Hudson,Hudson,us,,,,1997-10-31 00:00:00,Bloody Roar (USA).PBP
19661,Playstation,Star Wars : Masters of Teras Kasi,Luta,LucasArts,LucasArts,us,,,,1997-11-01 00:00:00,Star Wars - Masters of Teras Kasi (USA).cue
19391,Playstation,Need for Speed III : Hot Pursuit,Corrida / Pilotagem,EA Canada,Electronic Arts,us,,,,1998-01-01 00:00:00,Need for Speed III - Hot Pursuit (USA).PBP
19263,Playstation,Digimon World,Jogos de RPG,BEC,Bandai,us,,,,2000-05-23 00:00:00,Digimon World (USA).PBP
19355,Playstation,Bloody Roar II,Luta / 3D,Eighting,Sony Computer Entertainment,us,,,,1999-04-30 00:00:00,Bloody Roar II (USA).PBP
19543,Playstation,Guilty Gear,Luta / Versus,Arc System Works,Studio 3,us,,,,1998-10-31 00:00:00,Guilty Gear (USA).PBP
19295,Playstation,Gran Turismo,Corrida / Pilotagem,Polyphony Digital,Sony Computer Entertainment,us,,,,1998-05-12 00:00:00,Gran Turismo (USA).PBP
19287,Playstation,Chrono Cross,Jogos de RPG,Squaresoft,Squaresoft,us,,,,2000-08-15 00:00:00,Chrono Cross (USA).PBP
19354,Playstation,Fighting Force,Briga de rua,Core Design,Eidos Interactive,us,,,,1997-10-31 00:00:00,Fighting Force.PBP
19290,Playstation,Legacy of Kain : Soul Reaver,Ação / Aventura,Crystal Dynamics,Eidos Interactive,us,,,,1999-08-16 00:00:00,Legacy Of Kain Soul Reaver.pbp
19269,Playstation,Castlevania : Symphony of the Night,Ação / Aventura,Konami,Konami,us,,,,1997-10-02 00:00:00,Castlevania - Symphony Of The Night (USA).PBP
19326,Playstation,Tony Hawk's Pro Skater 2,Esporte / Skate,Neversoft,Activision,us,,,,2000-09-20 00:00:00,Tony Hawk's Pro Skater 2.cue
19250,Playstation,Resident Evil,Aventura / Survival Horror,Virgin,Capcom,us,,,,1996-04-16 00:00:00,Resident Evil (USA).PBP
19527,Playstation,Tony Hawk's Pro Skater,Esporte / Skate,Neversoft,Activision,us,,,,1999-08-31 00:00:00,Tony Hawk's Pro Skater.cue
19276,Playstation,Digimon World 3,Jogos de RPG,Bandai Namco,Bandai,us,,,,2002-06-01 00:00:00,Digimon World 3 (USA).PBP
19282,Playstation,Crash Bandicoot,Plataforma,Naughty Dog,Sony Computer Entertainment,us,,,,1996-08-31 00:00:00,Crash Bandicoot (USA).PBP
19775,Playstation,Bomberman World,Ação / Labirinto,Sony Computer Entertainment,Hudson,us,,,,1998-01-30 00:00:00,Bomberman World (USA).PBP
19918,Playstation,Bomberman : Party Edition,Ação / Labirinto,Hudson,Hudson,us,,,,2000-09-19 00:00:00,Bomberman Party Edition (USA).PBP
19674,Playstation,Capcom vs. SNK Pro,Luta,Capcom,Capcom,us,,,,2002-08-14 00:00:00,Capcom vs. SNK - Millennium Fight 2000 Pro.PBP
19612,Playstation,X-Men : Mutant Academy 2,Luta,Paradox Development,Activision,us,,,,2001-09-20 00:00:00,X-Men - Mutant Academy 2.PBP
19514,Playstation,Dead or Alive,Luta / 3D,Tecmo,Tecmo,us,,,,1998-03-31 00:00:00,Dead Or Alive (USA).PBP
19280,Playstation,Tekken 3,Luta,Namco,Namco,us,,,,1998-04-29 00:00:00,Tekken 3 (USA).PBP
19504,Playstation,Mega Man X6,Plataforma / Tiro com rolagem,Capcom,Capcom,us,,,,2001-12-04 00:00:00,Mega Man X6 (USA).PBP
19277,Playstation,Tomb Raider III : Adventures of Lara Croft,Plataforma,Core,Eidos Interactive,us,,,,1998-11-21 00:00:00,Tomb Raider III - Adventures of Lara Croft (USA) .PBP
19338,Playstation,Broken Sword : The Shadow of the Templars,Aventura / Point and Click,Revolution Software,Sony Computer Entertainment,us,,,,1998-01-31 00:00:00,Broken Sword - The Shadow of The Templars.PBP
19393,Playstation,Mortal Kombat Trilogy,Luta / Versus,Midway,Acclaim,us,,,,1996-10-01 00:00:00,Mortal Kombat Trilogy (USA).PBP
19860,Playstation,G. Darius,Shoot'em Up / Horizontal,THQ,Infogrames,us,,,,1998-09-30 00:00:00,G-Darius(USA).PBP
,pygame,retrotrivia,,,,,,,,,retrotrivia/retrotrivia.pygame
,pygame,snake,,,,,4,56,2022-04-14 09:19:53,,snake.pygame
13092,Sega Saturn,Sonic R,Corrida / Pilotagem,SEGA,SEGA,us,9,29,2023-02-21 17:22:34,1997-10-31 00:00:00,Sonic R (U)(Saturn).zip
100336,PC - Scummvm,Broken Sword 2.5: The Return of the Templars,Aventura / Point and Click,mindFactory,mindFactory,,,,,2008-09-28 00:00:00,Broken Sword 2.5: The Return of the Templars/sword25.scummvm
99499,PC - Scummvm,Beneath A Steel Sky,Aventura / Point and Click,Revolution Software,Virgin,,,,,1994-03-01 00:00:00,Beneath a Steel Sky/sky.scummvm
99647,PC - Scummvm,Indiana Jones and the Fate of Atlantis,Aventura / Point and Click,LucasArts,LucasArts,,,,,1992-01-01 00:00:00,Indiana Jones and the Fate of Atlantis/atlantis.scummvm
99593,PC - Scummvm,Full Throttle,Aventura / Point and Click,LucasArts,LucasArts,,,,,1995-04-30 00:00:00,Full Throttle/ft.scummvm
99580,PC - Scummvm,Flight Of The Amazon Queen,Aventura / Point and Click,Interactive Binary Illusions,Renegade Software,,,,,1995-01-01 00:00:00,Flight of the Amazon Queen/queen.scummvm
100481,PC - Scummvm,Sfinx,Aventura / Point and Click,L.K. Avalon,L.K. Avalon,,,,,1997-01-01 00:00:00,Sfinx/sfinx.scummvm
99548,PC - Scummvm,Dráscula: The Vampire Strikes Back,Aventura / Point and Click,Alcachofa Soft,L.K. Avalon,,,,,1996-06-30 00:00:00,Drascula: The Vampire Strikes Back/drascula.scummvm
99787,PC - Scummvm,Nippon Safes  Inc.,Aventura / Point and Click,Dynabyte,Dynabyte,,,,,1992-01-01 00:00:00,Nippon Safes  Incnippon.scummvm
156287,PC - Scummvm,Soltys,Aventura,L.K. Avalon,L.K. Avalon,,,,,1995-05-23 00:00:00,soltys-en-v1.0/soltys.scummvm
99756,PC - Scummvm,Lure Of The Temptress,Aventura / Point and Click,Revolution Software,Virgin,,,,,1992-01-01 00:00:00,Lure of the Temptress/lure.scummvm
156384,PC - Scummvm,The Dig,Aventura / Point and Click,LucasArts,LucasArts,,1,102,2022-11-13 11:53:43,1995-11-30 00:00:00,The Dig/dig.scummvm
465620,PC - Scummvm,The Griffon Legend,Jogos de RPG,Daniel Kennedy,Public Domain,,1,102,2022-11-13 11:53:43,2005-07-17 00:00:00,The Griffon Legend/griffon.scummvm
156411,PC - Scummvm,DreamWeb,Aventura / Point and Click,Creative Reality,Empire Interactive,,1,102,2022-11-13 11:53:43,1994-01-01 00:00:00,Dreamweb/dreamweb.scummvm
,sdlpop,SdlPop,Adventure,,,,,,,,sdlpop.sdlpop
12702,Sega CD,Sonic the Hedgehog CD,Plataforma,Sonic Team,SEGA,us,1,114,2020-12-29 18:20:30,1993-11-19 00:00:00,Sonic CD (US).cue
12719,Sega CD,Dragon's Lair,Ação,ReadySoft,SEGA,us,1,114,2020-12-29 18:20:30,1993-01-01 00:00:00,Dragon's Lair (US).cue
12737,Sega CD,The Adventures of Batman & Robin,Corrida / Pilotagem,Clockwork Tortoise,SEGA,us,1,114,2020-12-29 18:20:30,1993-01-01 00:00:00,Adventures of Batman & Robin  The (US).cue
12714,Sega CD,Jurassic Park,Aventura,SEGA,SEGA,us,1,114,2020-12-29 18:20:30,1993-01-01 00:00:00,Jurassic Park (US).chd
12740,Sega CD,Keio Flying Squadron,Shoot'em Up,JVC,JVC,us,1,114,2020-12-29 18:20:30,1994-01-01 00:00:00,Keio Flying Squadron (US).chd
12709,Sega CD,The Terminator,Plataforma / Tiro com rolagem,Probe Software,Virgin,us,1,114,2020-12-29 18:20:30,1993-01-01 00:00:00,Terminator  The (US).chd
12726,Sega CD,Snatcher,Aventura,Konami,Konami,us,1,114,2020-12-29 18:20:30,1994-11-30 00:00:00,Snatcher (US).chd
12725,Sega CD,Flink,Plataforma,Sony,Psygnosis,us,1,114,2020-12-29 18:20:30,1994-01-01 00:00:00,Flink (US).chd
97360,Sega CD,Kamen Rider ZO,Ação,Toei Video Co.,SEGA,jp,1,12,2023-03-14 22:12:37,1994-05-13 00:00:00,Kamen Rider ZO (JP).chd
12702,Sega CD,Sonic the Hedgehog CD,Plataforma,Sonic Team,SEGA,us,1,116,2023-03-14 22:14:41,1993-11-19 00:00:00,Sonic CD (US).chd
12719,Sega CD,Dragon's Lair,Ação,ReadySoft,SEGA,us,1,116,2023-03-14 22:14:41,1993-01-01 00:00:00,Dragon's Lair (US).chd
12737,Sega CD,The Adventures of Batman & Robin,Corrida / Pilotagem,Clockwork Tortoise,SEGA,us,1,116,2023-03-14 22:14:41,1993-01-01 00:00:00,Adventures of Batman & Robin  The (US).chd
12807,Sega CD,Popful Mail,Jogos de RPG,Working Designs,SEGA,jp,1,99,2004-12-31 22:21:05,1994-04-01 00:00:00,Popful Mail (JP).chd
12777,Sega CD,Soul Star,Shoot'em Up,Core Design,Core Design,us,1,99,2004-12-31 22:21:05,1994-01-01 00:00:00,SoulStar (US).chd
12775,Sega CD,Corpse Killer,Tiro com Lightgun,Digital Pictures,Digital Pictures,us,1,52,2004-12-31 22:19:11,1994-01-01 00:00:00,Corpse Killer (US).chd
12718,Sega CD,Ecco the Dolphin,Ação,Novotrade,SEGA,us,1,97,2024-04-05 16:20:21,1993-01-01 00:00:00,Ecco the Dolphin (US).chd
58731,Sega CD,Cadillacs and Dinosaurs: The Second Cataclysm,Tiro,Rocket Science Games,Rocket Science Games,br,5,169,2024-04-11 16:59:32,1995-06-14 00:00:00,Cadillacs and Dinosaurs - The Second Cataclysm (BR).chd
2226,Super Nintendo,Super Star Wars : Return of the Jedi,Ação,Sculptured Software,JVC,us,,,,1994-10-01 00:00:00,Super Star Wars - Return of the Jedi (USA).zip
65556,Super Nintendo,Super Mario All-Stars + Super Mario World,Plataforma / Corre e Pula com rolagem,Nintendo,Nintendo,us,,,,1994-12-01 00:00:00,Super Mario All-Stars + Super Mario World (USA).zip
2159,Super Nintendo,Mega Man X,Plataforma / Tiro com rolagem,Capcom,Capcom,us,,,,1994-01-18 00:00:00,Mega Man X (USA).zip
2183,Super Nintendo,Teenage Mutant Ninja Turtles IV : Turtles in Time,Briga de rua,Konami,Konami,us,,,,1992-08-01 00:00:00,Teenage Mutant Ninja Turtles IV - Turtles in Time (USA).zip
2642,Super Nintendo,The Rocketeer,Tiro,Novalogic,IGS,us,,,,1992-05-01 00:00:00,Rocketeer  The (USA).zip
2567,Super Nintendo,Final Fight Guy,Ação,Capcom,Capcom,us,,,,1994-06-01 00:00:00,Final Fight Guy (USA).zip
2215,Super Nintendo,Street Fighter Alpha 2,Ação,Capcom,Capcom,us,,,,1996-11-01 00:00:00,Street Fighter Alpha 2 (USA).zip
2603,Super Nintendo,Arkanoid : Doh It Again,Ação / Jogos de Breakout,Taito,Taito,us,,,,1997-11-01 00:00:00,Arkanoid - Doh It Again (USA).zip
2365,Super Nintendo,Double Dragon V : The Shadow Falls,Luta,Leland Interactive Media,Tradewest,us,,,,1994-07-01 00:00:00,Double Dragon V - The Shadow Falls (USA).zip
2286,Super Nintendo,NBA Jam : Tournament Edition,Esporte / Basquete,Iguana Entertainment,Acclaim,us,,,,1995-02-23 00:00:00,NBA Jam - Tournament Edition (USA).zip
2255,Super Nintendo,Indiana Jones' Greatest Adventures,Aventura,Factor 5,JVC,us,,,,1995-07-28 00:00:00,Indiana Jones' Greatest Adventures (USA).zip
2571,Super Nintendo,California Games II,Esporte / Poliesportivo,Silicon Sorcery,DTMC,us,,,,1993-01-02 00:00:00,California Games II (USA).zip
2462,Super Nintendo,Micro Machines,Corrida / Pilotagem,Merit,Ocean,us,,,,1994-12-01 00:00:00,Micro Machines (USA).zip
2432,Super Nintendo,FIFA 97,Esporte / Futebol,Extended Play Productions,EA Sports,eu,,,,1996-11-01 00:00:00,FIFA Soccer 97 (USA) (En Fr De Es It Sv).zip
2140,Super Nintendo,Battletoads in Battlemaniacs,Ação,Rareware,Tradewest,us,,,,1993-06-02 00:00:00,Battletoads in Battlemaniacs (USA).zip
2149,Super Nintendo,Donkey Kong Country,Plataforma / Corre e Pula,Rareware,Nintendo,us,,,,1994-11-25 00:00:00,Donkey Kong Country (USA).zip
2142,Super Nintendo,Secret of Evermore,Jogos de RPG,Square Enix,Square Enix,us,,,,1995-09-18 00:00:00,Secret of Evermore (USA).zip
2325,Super Nintendo,Krusty's Super Fun House,Plataforma,Audiogenic Software,Acclaim,us,,,,1992-06-01 00:00:00,Krusty's Super Fun House (USA).zip
2158,Super Nintendo,Mortal Kombat III,Luta / Versus,Midway,Acclaim,us,,,,1995-10-01 00:00:00,Mortal Kombat 3 (USA).zip
2576,Super Nintendo,Taz-Mania,Ação,Visual Concepts,Sunsoft,us,,,,1993-05-01 00:00:00,Taz-Mania (USA).zip
2194,Super Nintendo,The Adventures of Batman & Robin,Ação,Konami,Konami,us,,,,1994-12-01 00:00:00,Adventures of Batman & Robin  The (USA).zip
2337,Super Nintendo,Desert Strike : Return to the Gulf,Tiro,Visual Concepts,Electronic Arts,us,,,,1992-10-01 00:00:00,Desert Strike - Return to the Gulf (USA).zip
2162,Super Nintendo,Street Fighter II,Luta,Capcom,Capcom,us,,,,1992-06-10 00:00:00,Street Fighter II (USA).zip
2392,Super Nintendo,Spider-Man,Ação,Western Technologies,LJN,us,,,,1995-02-01 00:00:00,Spider-Man (USA).zip
192449,Super Nintendo,Final Fantasy II,Jogos de RPG,Square,Square,us,,,,1991-11-02 00:00:00,Final Fantasy II (USA).zip
2300,Super Nintendo,The Jungle Book,Plataforma,Virgin,Virgin,us,,,,1994-08-01 00:00:00,Jungle Book  The (USA).zip
2144,Super Nintendo,Super Mario World,Plataforma / Corre e Pula,Nintendo,Nintendo,us,,,,1991-08-13 00:00:00,Super Mario World (USA).zip
2137,Super Nintendo,Illusion of Gaia,Jogos de RPG,Quintet,Enix,us,,,,1994-09-01 00:00:00,Illusion of Gaia (USA).zip
2577,Super Nintendo,Space Invaders,Tiro / Estilo Space Invader,Taito,Nintendo,us,,,,1997-11-01 00:00:00,Space Invaders (USA).zip
2353,Super Nintendo,T2 : The Arcade Game,Tiro com Lightgun,Ocean,Midway,us,,,,1994-02-01 00:00:00,T2 - The Arcade Game (USA).zip
2292,Super Nintendo,Sunset Riders,Tiro,Konami,Konami,us,,,,1993-10-01 00:00:00,Sunset Riders (USA).zip
19193,Super Nintendo,Speedy Gonzales : Los Gatos Bandidos,Ação,Sunsoft,Acclaim,us,,,,1995-08-01 00:00:00,Speedy Gonzales - Los Gatos Bandidos (USA).zip
2599,Super Nintendo,Jim Lee's WildC.A.T.S : Covert-Action-Teams,Briga de rua,Playmates Interactive,Beam Software,us,,,,1995-11-01 00:00:00,Jim Lee's WildC.A.T.S - Covert-Action-Teams (USA).zip
2190,Super Nintendo,Doom,Tiro / Tiro em 1ª pessoa,Sculptured Software,Ocean,us,,,,1996-02-29 00:00:00,Doom (USA).zip
2268,Super Nintendo,Kirby's Dream Land 3,Plataforma,HAL Laboratory,Nintendo,us,,,,1997-11-27 00:00:00,Kirby's Dream Land 3 (USA).zip
2544,Super Nintendo,Power Rangers Zeo : Battle Racers,Corrida / Pilotagem,Bandai Namco,Natsume,us,,,,1996-09-01 00:00:00,Power Rangers Zeo - Battle Racers (USA).zip
2340,Super Nintendo,Terminator 2 : Judgment Day,Plataforma,Bits Studios,LJN,us,,,,1993-11-01 00:00:00,Terminator 2 - Judgment Day (USA).zip
2725,Super Nintendo,Space Ace,Ação,Oxford Digital Enterprises,Absolute Entertainment,us,,,,1994-05-01 00:00:00,Space Ace (USA).zip
99473,Super Nintendo,Donkey Kong Country : Competition Cartridge,Plataforma,Rareware,Nintendo,us,,,,1994-11-25 00:00:00,Donkey Kong Country - Competition Cartridge (USA).zip
2679,Super Nintendo,Cutthroat Island,Ação,LJN,LJN,us,,,,1996-03-02 00:00:00,Cutthroat Island (USA).zip
2200,Super Nintendo,Mortal Kombat II,Ação,Midway,Acclaim,us,,,,1994-09-09 00:00:00,Mortal Kombat II (USA).zip
2390,Super Nintendo,Pac-Man 2 : The New Adventures,Aventura,Namco,Namco,us,,,,1994-09-01 00:00:00,Pac-Man 2 - The New Adventures (USA).zip
19017,Super Nintendo,Contra III : The Alien Wars,Shoot'em Up / Horizontal,Konami,Konami,us,,,,1992-04-06 00:00:00,Contra III - The Alien Wars (USA).zip
2297,Super Nintendo,Super Bomberman,Ação / Labirinto,Hudson,Hudson,us,,,,1993-09-01 00:00:00,Super Bomberman (USA).zip
2383,Super Nintendo,Pinocchio,Ação,Virgin Interactive,Disney Interactive,us,,,,1996-11-28 00:00:00,Pinocchio (USA).zip
2538,Super Nintendo,The Incredible Hulk,Ação,U.S. Gold,Probe Software,us,,,,1994-08-01 00:00:00,Incredible Hulk  The (USA).zip
2319,Super Nintendo,Marvel Super Heroes in War of the Gems,Ação,Capcom,Capcom,us,,,,1996-10-01 00:00:00,Marvel Super Heroes in War of the Gems (USA).zip
2750,Super Nintendo,The Chessmaster,Estratégia,The Software Toolworks,Mindscape,us,,,,1991-09-01 00:00:00,Chessmaster  The (USA).zip
2171,Super Nintendo,Super Mario RPG : Legend of the Seven Stars,Jogos de RPG,Square Enix,Nintendo,us,,,,1996-05-13 00:00:00,Super Mario RPG - Legend of the Seven Stars (USA).zip
2222,Super Nintendo,Mega Man 7,Plataforma / Tiro com rolagem,Capcom,Capcom,us,,,,1995-09-02 00:00:00,Mega Man 7 (USA).zip
2231,Super Nintendo,Prince of Persia,Ação,Arsys Software,Konami,us,,,,1992-11-01 00:00:00,Prince of Persia (USA).zip
2346,Super Nintendo,Knights of the Round,Ação,Capcom,Capcom,us,,,,1994-04-01 00:00:00,Knights of the Round (USA).zip
64857,Super Nintendo,Powerfest 94 - Super Mario Bros. - The Lost Levels,Plataforma,Nintendo,Nintendo,us,,,,1994-01-01 00:00:00,PowerFest 94 - Super Mario Bros. - The Lost Levels (USA).zip
2504,Super Nintendo,Sonic Blast Man II,Briga de rua,ITL,Taito,us,,,,1994-04-26 00:00:00,Sonic Blast Man II (USA).zip
2483,Super Nintendo,Brawl Brothers,Briga de rua,Jaleco,Jaleco,us,,,,1993-04-01 00:00:00,Brawl Brothers (USA).zip
2718,Super Nintendo,International Tennis Tour,Esporte / Tênis,Loriciels,Loriciel,us,,,,1993-11-01 00:00:00,International Tennis Tour (USA).zip
2322,Super Nintendo,Super Bomberman 2,Ação / Labirinto,Hudson,Hudson,us,,,,1994-09-07 00:00:00,Super Bomberman 2 (USA).zip
2356,Super Nintendo,Primal Rage,Ação,Bitmasters,Time Warner Interactive,us,,,,1995-08-01 00:00:00,Primal Rage (USA).zip
2628,Super Nintendo,Captain America and the Avengers,Ação,Data East,Data East,us,,,,1993-09-01 00:00:00,Captain America and the Avengers (USA).zip
2412,Super Nintendo,Beauty and the Beast,Ação,Hudson,Hudson,us,,,,1994-07-01 00:00:00,Beauty and the Beast (USA).zip
2414,Super Nintendo,The Itchy & Scratchy Game,Ação,Bits Studios,Acclaim,us,,,,1995-03-01 00:00:00,Itchy & Scratchy Game  The (USA).zip
2216,Super Nintendo,Kirby Super Star,Plataforma,HAL Laboratory,Nintendo,us,,,,1996-09-20 00:00:00,Kirby Super Star (USA).zip
2887,Super Nintendo,Side Pocket,Esporte / Sinuca,Data East,Data East,us,,,,1993-12-01 00:00:00,Side Pocket (USA).zip
2689,Super Nintendo,SWAT Kats : The Radical Squadron,Ação,Hudson,Hudson,us,,,,1995-08-01 00:00:00,SWAT Kats - The Radical Squadron (USA).zip
2305,Super Nintendo,Justice League Task Force,Ação,Sunsoft,Acclaim,us,,,,1995-06-01 00:00:00,Justice League Task Force (USA).zip
2355,Super Nintendo,Kirby's Dream Course,Esporte / Golfe,HAL Laboratory,Nintendo,us,,,,1995-02-01 00:00:00,Kirby's Dream Course (USA).zip
2453,Super Nintendo,Mighty Morphin Power Rangers : The Fighting Edition,Luta,Bandai Namco,Natsume,us,,,,1995-09-01 00:00:00,Mighty Morphin Power Rangers - The Fighting Edition (USA).zip
2274,Super Nintendo,International Superstar Soccer Deluxe,Esporte / Futebol,Konami,Konami,us,,,,1995-10-01 00:00:00,International Superstar Soccer Deluxe (USA).zip
2547,Super Nintendo,Doom Troopers : Mutant Chronicles,Ação,Adrenalin Interactive,Playmates Interactive,us,,,,1995-11-01 00:00:00,Doom Troopers - Mutant Chronicles (USA).zip
19225,Super Nintendo,The Terminator,Corrida / Pilotagem,Mindscape,Mindscape,us,,,,1993-03-01 00:00:00,Terminator  The (USA).zip
2336,Super Nintendo,Super Adventure Island,Ação,Hudson,Hudson,us,,,,1992-04-02 00:00:00,Super Adventure Island (USA).zip
2409,Super Nintendo,The Death and Return of Superman,Ação,Sunsoft,Blizzard Entertainment,us,,,,1994-08-01 00:00:00,Death and Return of Superman  The (USA).zip
38622,Super Nintendo,Harvest Moon,Simulação,Pack In Video,Natsume,us,,,,1997-06-01 00:00:00,Harvest Moon (USA).zip
143833,Super Nintendo,Super Boss Gaiden,Ação,Chrono Moogle & Dieter von Laser,Natsume,jp,,,,1997-06-01 00:00:00,Super Boss Gaiden (J) (V1.2).sfc
2209,Super Nintendo,Mega Man X2,Ação,Capcom,Capcom,us,,,,1995-03-03 00:00:00,Mega Man X2 (USA).zip
2437,Super Nintendo,Aero the Acro-Bat,Ação,Iguana Entertainment,Sunsoft,us,,,,1993-11-01 00:00:00,Aero the Acro-Bat (USA).zip
2187,Super Nintendo,Earthworm Jim,Plataforma / Corre e Pula,Shiny Entertainment,Virgin,us,,,,1994-10-01 00:00:00,Earthworm Jim (USA).zip
2361,Super Nintendo,Gradius III,Shoot'em Up / Horizontal,Konami,Konami,us,,,,1991-08-13 00:00:00,Gradius III (USA).zip
2173,Super Nintendo,Super Castlevania IV,Plataforma,Konami,Konami,us,,,,1991-12-04 00:00:00,Super Castlevania IV (USA).zip
2739,Super Nintendo,Cliffhanger,Ação,Malibu Games,Sony Imagesoft,us,,,,1993-11-01 00:00:00,Cliffhanger (USA).zip
2431,Super Nintendo,Joe & Mac,Plataforma,Data East,Data East,us,,,,1991-01-01 00:00:00,Joe & Mac (USA).zip
2354,Super Nintendo,Pitfall : The Mayan Adventure,Plataforma / Corre e Pula,Redline Games,Activision,us,,,,1994-11-01 00:00:00,Pitfall - The Mayan Adventure (USA).zip
2259,Super Nintendo,Lufia II : Rise of the Sinistrals,Jogos de RPG,Neverland,Taito,us,,,,1996-08-31 00:00:00,Lufia II - Rise of the Sinistrals (USA).zip
2288,Super Nintendo,The Addams Family,Ação,Ocean,Ocean,us,,,,1992-03-01 00:00:00,Addams Family  The (USA).zip
2387,Super Nintendo,Chuck Rock,Ação,Core Design,Sony Imagesoft,us,,,,1992-11-01 00:00:00,Chuck Rock (USA).zip
2491,Super Nintendo,The Flintstones,Ação,Ocean,Ocean,eu,,,,1995-02-01 00:00:00,Flintstones  The (USA) (En Fr De Es It).zip
2265,Super Nintendo,Super Star Wars : The Empire Strikes Back,Ação,Sculptured Software,JVC,us,,,,1993-10-01 00:00:00,Super Star Wars - The Empire Strikes Back (USA).zip
2688,Super Nintendo,Speed Racer in My Most Dangerous Adventures,Corrida / Pilotagem,Radical Entertainment,Accolade,us,,,,1992-09-01 00:00:00,Speed Racer in My Most Dangerous Adventures (USA).zip
2157,Super Nintendo,Super R-Type,Shoot'em Up,Irem,Nintendo,us,,,,1991-09-01 00:00:00,Super R-Type (USA).zip
2349,Super Nintendo,Maui Mallard in Cold Shadow,Ação,Disney Interactive,Eurocom,us,,,,1996-01-01 00:00:00,Maui Mallard in Cold Shadow (USA).zip
2591,Super Nintendo,The Flintstones : The Treasure of Sierra Madrock,Ação,Taito,Taito,us,,,,1994-03-01 00:00:00,Flintstones  The - The Treasure of Sierra Madrock (USA).zip
2405,Super Nintendo,Tiny Toon Adventures : Wacky Sports Challenge,Esporte / Poliesportivo,Konami,Konami,us,,,,1994-01-01 00:00:00,Tiny Toon Adventures - Wacky Sports Challenge (USA).zip
2291,Super Nintendo,Stargate,Ação,Probe Software,Acclaim,us,,,,1995-04-01 00:00:00,Stargate (USA).zip
2281,Super Nintendo,Lufia & the Fortress of Doom,Jogos de RPG,Taito,Taito,us,,,,1993-12-04 00:00:00,Lufia & the Fortress of Doom (USA).zip
2219,Super Nintendo,Demon's Crest,Ação / Aventura,Capcom,Capcom,us,,,,1994-10-21 00:00:00,Demon's Crest (USA).zip
2449,Super Nintendo,Captain Commando,Ação,Capcom,Capcom,us,,,,1995-08-01 00:00:00,Captain Commando (USA).zip
2443,Super Nintendo,Aero Fighters,Shoot'em Up / Vertical,Video System,Video System,us,,,,1994-11-01 00:00:00,Aero Fighters (USA).zip
2344,Super Nintendo,Road Runner's Death Valley Rally,Plataforma,Sunsoft,Sunsoft,us,,,,1992-11-01 00:00:00,Road Runner's Death Valley Rally (USA).zip
2768,Super Nintendo,The Peace Keepers,Ação,Jaleco,Jaleco,us,,,,1994-05-01 00:00:00,Peace Keepers  The (USA).zip
2304,Super Nintendo,Spider-Man & Venom : Maximum Carnage,Briga de rua,Software Creations,LJN,us,,,,1994-09-02 00:00:00,Spider-Man - Venom - Maximum Carnage (USA).zip
2323,Super Nintendo,The 7th Saga,Jogos de RPG,Produce,Enix,us,,,,1993-04-23 00:00:00,7th Saga  The (USA).zip
2648,Super Nintendo,Tetris 2,Quebra-cabeças / Queda,Nintendo,Nintendo,us,,,,1994-01-01 00:00:00,Tetris 2 (USA).zip
2208,Super Nintendo,F-Zero,Corrida / Pilotagem / Corrida em 3ª pessoa,Nintendo,Nintendo,us,,,,1991-08-23 00:00:00,F-Zero (USA).zip
97397,Super Nintendo,Classic Kong,Plataforma / Corre e Pula,Shiru,Bubble Zap Games,us,,,,2012-01-01 00:00:00,DonkeyKongClassic (Shiru).smc
2394,Super Nintendo,Animaniacs,Ação,Konami,Konami,us,,,,1994-11-01 00:00:00,Animaniacs (USA).zip
2386,Super Nintendo,Final Fight 2,Briga de rua,Capcom,Capcom,us,,,,1993-08-01 00:00:00,Final Fight 2 (USA).zip
2280,Super Nintendo,Pilotwings,Simulação,Nintendo,Nintendo,us,,,,1991-08-13 00:00:00,Pilotwings (USA).zip
2546,Super Nintendo,Ms. Pac-Man,Ação / Labirinto,Digital Eclipse,Namco,us,,,,1996-09-01 00:00:00,Ms. Pac-Man (USA).zip
2240,Super Nintendo,Teenage Mutant Ninja Turtles : Tournament Fighters,Luta,Konami,Konami,us,,,,1993-12-01 00:00:00,Teenage Mutant Ninja Turtles - Tournament Fighters (USA).zip
2302,Super Nintendo,RoboCop versus The Terminator,Plataforma / Combate com rolagem,Interplay,Virgin,us,,,,1993-11-01 00:00:00,RoboCop versus The Terminator (USA).zip
2139,Super Nintendo,Battletoads & Double Dragon,Briga de rua,Rareware,Sony Imagesoft,us,,,,1993-10-01 00:00:00,Battletoads-Double Dragon (USA).zip
2416,Super Nintendo,R-Type III,Shoot'em Up / Horizontal,Jaleco,Irem,us,,,,1994-10-01 00:00:00,R-Type III (USA).zip
2151,Super Nintendo,Mickey Mania : The Timeless Adventures of Mickey Mouse,Plataforma,Travellers Tales,Sony Imagesoft,us,,,,1994-10-01 00:00:00,Mickey Mania - The Timeless Adventures of Mickey Mouse (USA).zip
2559,Super Nintendo,Panel de Pon,Quebra-cabeças / Queda,Intelligent Systems,Nintendo,jp,,,,1995-10-27 00:00:00,Tetris Attack (USA) (En Ja).zip
2521,Super Nintendo,Bugs Bunny : Rabbit Rampage,Plataforma,Viacom New Media,Sunsoft,us,,,,1994-02-01 00:00:00,Bugs Bunny - Rabbit Rampage (USA).zip
2193,Super Nintendo,Jurassic Park,Aventura,Ocean,Ocean,us,,,,1993-11-01 00:00:00,Jurassic Park (USA).zip
2217,Super Nintendo,Breath of Fire,Jogos de RPG,Capcom,Squaresoft,us,,,,1994-08-01 00:00:00,Breath of Fire (USA).zip
2257,Super Nintendo,Final Fight,Briga de rua,Capcom,Capcom,us,,,,1991-09-01 00:00:00,Final Fight (USA).zip
2182,Super Nintendo,Castlevania : Dracula X,Ação,Konami,Konami,us,,,,1995-09-01 00:00:00,Castlevania - Dracula X (USA).zip
2367,Super Nintendo,Top Gear,Corrida / Pilotagem,Kemco,Gremlin Interactive,us,,,,1992-04-01 00:00:00,Top Gear (USA).zip
2198,Super Nintendo,Final Fantasy : Mystic Quest,Jogos de RPG,Square Enix,Square Enix,us,,,,1992-10-05 00:00:00,Final Fantasy - Mystic Quest (USA).zip
19196,Super Nintendo,Star Fox,Shoot'em Up,Nintendo,Nintendo,us,,,,1993-03-01 00:00:00,Star Fox (USA).zip
2296,Super Nintendo,X-Men : Mutant Apocalypse,Briga de rua,Capcom,Capcom,us,,,,1994-11-01 00:00:00,X-Men - Mutant Apocalypse (USA).zip
19088,Super Nintendo,The Jetsons : Invasion of the Planet Pirates,Plataforma,Sting Entertainment,Taito,us,,,,1994-06-01 00:00:00,Jetsons  The - Invasion of the Planet Pirates (USA).zip
2863,Super Nintendo,The Tick,Ação,Software Creations,Fox Interactive,us,,,,1994-12-01 00:00:00,Tick  The (USA).zip
2176,Super Nintendo,Street Fighter II Turbo,Luta,Capcom,Capcom,us,,,,1993-08-01 00:00:00,Street Fighter II Turbo (USA).zip
2377,Super Nintendo,Ninjawarriors,Briga de rua,Natsume,Titus,us,,,,1994-02-02 00:00:00,Ninjawarriors (USA).zip
2445,Super Nintendo,Demolition Man,Plataforma / Tiro com rolagem,Virgin,Acclaim,us,,,,1995-08-01 00:00:00,Demolition Man (USA).zip
2155,Super Nintendo,Killer Instinct,Luta / Versus,Rareware,Nintendo,us,,,,1995-08-01 00:00:00,Killer Instinct (USA).zip
2189,Super Nintendo,The Lion King,Ação,Westwood,Virgin,us,,,,1994-11-01 00:00:00,Lion King  The (USA).zip
2528,Super Nintendo,Super Adventure Island II,Ação,Hudson,Hudson,us,,,,1995-01-02 00:00:00,Super Adventure Island II (USA).zip
2331,Super Nintendo,Judge Dredd,Plataforma / Tiro com rolagem,Probe Software,Acclaim,us,,,,1995-06-01 00:00:00,Judge Dredd (USA).zip
2672,Super Nintendo,Outlander,Ação,Mindscape,Mindscape,us,,,,1993-04-02 00:00:00,Outlander (USA).zip
2228,Super Nintendo,J.R.R. Tolkien's The Lord of the Rings : Volume 1,Ação,Interplay,Interplay,us,,,,1994-11-01 00:00:00,J.R.R. Tolkien's The Lord of the Rings - Volume 1 (USA).zip
2341,Super Nintendo,Daffy Duck : The Marvin Missions,Plataforma,Sunsoft,Sunsoft,us,,,,1993-10-01 00:00:00,Daffy Duck - The Marvin Missions (USA).zip
2153,Super Nintendo,Super Mario Kart,Corrida / Pilotagem / Corrida em 3ª pessoa,Nintendo,Nintendo,us,,,,1992-09-01 00:00:00,Super Mario Kart (USA).zip
2250,Super Nintendo,Tiny Toon Adventures : Buster Busts Loose!,Ação,Konami,Konami,us,,,,1993-08-01 00:00:00,Tiny Toon Adventures - Buster Busts Loose! (USA).zip
2454,Super Nintendo,Prince of Persia 2,Ação,Brøderbund Software,Brøderbund Software,us,,,,1996-10-01 00:00:00,Prince of Persia 2 (USA).zip
2568,Super Nintendo,Joe & Mac 2 : Lost in the Tropics,Plataforma,Data East,Data East,us,,,,1994-04-02 00:00:00,Joe & Mac 2 - Lost in the Tropics (USA).zip
2252,Super Nintendo,Wild Guns,Tiro / Tiro em 3ª pessoa,Natsume,Titus,us,,,,1995-08-01 00:00:00,Wild Guns (USA).zip
2602,Super Nintendo,Darius Twin,Shoot'em Up / Horizontal,Taito,Taito,us,,,,1991-03-29 00:00:00,Darius Twin (USA).zip
2188,Super Nintendo,Breath of Fire II,Jogos de RPG,Capcom,Capcom,us,,,,1995-12-01 00:00:00,Breath of Fire II (USA).zip
2459,Super Nintendo,Boogerman : A Pick and Flick Adventure,Ação,Interplay,Interplay,us,,,,1995-12-01 00:00:00,Boogerman - A Pick and Flick Adventure (USA).zip
2329,Super Nintendo,Blackthorne,Plataforma / Tiro com rolagem,Blizzard Entertainment,Interplay,us,,,,1994-09-23 00:00:00,Blackthorne (USA).zip
2380,Super Nintendo,Metal Warriors,Plataforma,LucasArts,Konami,us,,,,1995-04-02 00:00:00,Metal Warriors (USA).zip
2146,Super Nintendo,Final Fantasy III,Jogos de RPG,Square,Square,us,,,,1994-10-11 00:00:00,Final Fantasy III (USA).zip
2876,Super Nintendo,The Combatribes,Ação,Tecmo,Tecmo,us,,,,1993-03-01 00:00:00,Combatribes  The (USA).zip
2478,Super Nintendo,Beavis and Butt-Head,Plataforma,Realtime Associates,Viacom New Media,us,,,,1994-11-01 00:00:00,Beavis and Butt-Head (USA).zip
2772,Super Nintendo,Power Instinct,Ação,Atlus,Atlus,us,,,,1994-12-01 00:00:00,Power Instinct (USA).zip
2333,Super Nintendo,Dragon : The Bruce Lee Story,Luta,Acclaim,Acclaim,us,,,,1994-01-01 00:00:00,Dragon - The Bruce Lee Story (USA).zip
2397,Super Nintendo,Fatal Fury,Luta / Versus,SNK,Takara,us,,,,1992-01-01 00:00:00,Fatal Fury (USA).zip
2417,Super Nintendo,The Mask,Ação,Black Pearl Software,Black Pearl Software,us,,,,1995-10-01 00:00:00,Mask  The (USA).zip
2179,Super Nintendo,Out of This World,Ação,Delphine Software International,Interplay,us,,,,1992-11-01 00:00:00,Out of this World (USA).zip
2598,Super Nintendo,Phantom 2040,Ação,Viacom New Media,Viacom New Media,us,,,,1995-06-01 00:00:00,Phantom 2040 (USA).zip
2312,Super Nintendo,The Legend of the Mystical Ninja,Plataforma / Corre e Pula com rolagem,Konami,Konami,us,,,,1992-02-02 00:00:00,Legend of the Mystical Ninja  The (USA).zip
2594,Super Nintendo,Pink Goes to Hollywood,Ação,Manley & Associates,Tecmagik,us,,,,1993-11-01 00:00:00,Pink Goes to Hollywood (USA).zip
2565,Super Nintendo,Saturday Night Slam Masters,Esporte,Capcom,Capcom,us,,,,1994-06-01 00:00:00,Saturday Night Slam Masters (USA).zip
2627,Super Nintendo,Aero the Acro-Bat 2,Ação,Iguana Entertainment,Sunsoft,us,,,,1994-11-01 00:00:00,Aero the Acro-Bat 2 (USA).zip
2370,Super Nintendo,RoboCop 3,Plataforma / Tiro com rolagem,Ocean,Ocean,us,,,,1992-09-02 00:00:00,RoboCop 3 (USA).zip
2191,Super Nintendo,Mega Man X3,Ação,Capcom,Capcom,us,,,,1996-02-14 00:00:00,Mega Man X3 (USA).zip
2147,Super Nintendo,Super Metroid,Aventura,Nintendo,Nintendo,us,,,,1994-04-18 00:00:00,Super Metroid (Japan  USA).zip
2373,Super Nintendo,Dragon's Lair,Ação,Data East,Data East,us,,,,1992-01-01 00:00:00,Dragon's Lair (USA).zip
2368,Super Nintendo,Kirby's Avalanche,Quebra-cabeças,HAL Laboratory,Banpresto,us,,,,1995-02-01 00:00:00,Kirby's Avalanche (USA).zip
2269,Super Nintendo,Earthworm Jim 2,Ação,Shiny Entertainment,Virgin,us,,,,1995-01-01 00:00:00,Earthworm Jim 2 (USA).zip
2201,Super Nintendo,Super Street Fighter II,Ação,Capcom,Capcom,us,,,,1993-09-11 00:00:00,Super Street Fighter II (USA).zip
2391,Super Nintendo,Fatal Fury 2,Luta / Versus,SNK,Takara,us,,,,1993-11-26 00:00:00,Fatal Fury 2 (USA).zip
2178,Super Nintendo,Mortal Kombat,Ação,Midway,Acclaim,us,,,,1993-09-13 00:00:00,Mortal Kombat (USA).zip
2202,Super Nintendo,Super Punch-Out!!,Esporte / Boxe,Nintendo,Nintendo,us,,,,1994-10-01 00:00:00,Super Punch-Out!! (USA).zip
2675,Super Nintendo,Super Pinball : Behind the Mask,Pinball,KAZe,Nintendo,us,,,,1994-11-02 00:00:00,Super Pinball - Behind the Mask (USA).zip
2558,Super Nintendo,Eek! The Cat,Ação,RedOctane,Ocean,us,,,,1994-08-01 00:00:00,Eek! The Cat (USA).zip
2330,Super Nintendo,Rival Turf!,Briga de rua,Jaleco,Jaleco,us,,,,1992-04-02 00:00:00,Rival Turf! (USA).zip
2308,Super Nintendo,Alien Versus Predator,Briga de rua,Jorudan,Activision,us,,,,1993-09-02 00:00:00,Alien vs Predator (USA).zip
2180,Super Nintendo,Super Ghouls'n Ghosts,Plataforma / Combate com rolagem,Capcom,Capcom,us,,,,1991-11-01 00:00:00,Super Ghouls'n Ghosts (USA).zip
2419,Super Nintendo,Spider-Man & X-Men : Arcade's Revenge,Ação,Software Creations,Software Creations,us,,,,1992-11-01 00:00:00,Spider-Man - X-Men - Arcade's Revenge (USA).zip
2444,Super Nintendo,Ninja Gaiden Trilogy,Aventura,Team Ninja,Tecmo,us,,,,1995-08-10 00:00:00,Ninja Gaiden Trilogy (USA).zip
2185,Super Nintendo,Super Star Wars,Ação,Sculptured Software,JVC,us,,,,1992-11-01 00:00:00,Super Star Wars (USA).zip
2467,Super Nintendo,Mega Man Soccer,Esporte / Futebol,Capcom,Capcom,us,,,,1994-03-25 00:00:00,Mega Man Soccer (USA).zip
2169,Super Nintendo,Donkey Kong Country 2 : Diddy's Kong Quest,Plataforma / Corre e Pula,Rareware,Nintendo,eu,,,,1995-11-14 00:00:00,Donkey Kong Country 2 - Diddy's Kong Quest (USA) (En Fr).zip
2138,Super Nintendo,The Legend of Zelda : A Link to the Past,Ação / Aventura,Nintendo,Nintendo,us,,,,1992-04-13 00:00:00,Legend of Zelda  The - A Link to the Past (USA).zip
2460,Super Nintendo,Mighty Morphin Power Rangers : The Movie,Briga de rua,Bandai Namco,Natsume,us,1,476,2024-06-16 18:49:25,1995-06-01 00:00:00,Mighty Morphin Power Rangers - The Movie (USA).zip
2324,Super Nintendo,International Superstar Soccer,Esporte / Futebol,Konami,Konami,us,1,476,2024-06-16 18:49:25,1995-11-01 00:00:00,International Superstar Soccer (USA).zip
2385,Super Nintendo,Biker Mice from Mars,Corrida / Pilotagem,Konami,Konami,us,1,476,2024-06-16 18:49:25,1994-12-01 00:00:00,Biker Mice from Mars (USA).zip
2181,Super Nintendo,Donkey Kong Country 3 : Dixie Kong's Double Trouble!,Plataforma / Corre e Pula,Rareware,Nintendo,eu,1,476,2024-06-16 18:49:25,1996-12-19 00:00:00,Donkey Kong Country 3 - Dixie Kong's Double Trouble! (USA) (En Fr).zip
2170,Super Nintendo,Aladdin,Plataforma,Capcom,Capcom,us,3,120,2024-09-13 21:32:00,1993-11-02 00:00:00,Aladdin (USA).zip
2210,Super Nintendo,Goof Troop,Ação / Aventura,Capcom,Capcom,us,3,120,2024-09-13 21:32:00,1993-07-01 00:00:00,Goof Troop (USA).zip
2141,Super Nintendo,Secret of Mana,Jogos de RPG,Square,Square,us,1,19,2024-10-13 09:25:46,1993-10-03 00:00:00,Secret of Mana (USA).zip
2270,Super Nintendo,Rock n' Roll Racing,Corrida / Pilotagem,Silicon & Synapse,Interplay,us,1,26,2025-01-12 11:49:21,1993-11-01 00:00:00,Rock n' Roll Racing (USA).zip
2163,Super Nintendo,Super Mario World 2 : Yoshi's Island,Plataforma,Nintendo,Nintendo,us,2,21,2025-01-12 11:48:12,1995-10-04 00:00:00,Super Mario World 2 - Yoshi's Island (USA).zip
2174,Super Nintendo,Super Mario All-Stars,Ação,Nintendo,Nintendo,us,2,21,2025-01-12 11:48:12,1993-08-01 00:00:00,Super Mario All-Stars (USA).zip
2143,Super Nintendo,Chrono Trigger,Jogos de RPG,Square,Square,us,2,21,2025-01-12 11:48:12,1995-08-11 00:00:00,Chrono Trigger (USA).zip
2284,Super Nintendo,Final Fight 3,Ação,Capcom,Capcom,us,2,21,2025-01-12 11:48:12,1995-12-21 00:00:00,Final Fight 3 (USA).zip
2287,Super Nintendo,Super Double Dragon,Ação,Tecmo,Tradewest,us,2,21,2025-01-12 11:48:12,1992-10-01 00:00:00,Super Double Dragon (USA).zip
2428,Super Nintendo,Fatal Fury Special,Luta / Versus,Monolith,Takara,us,2,21,2025-01-12 11:48:12,1995-04-01 00:00:00,Fatal Fury Special (USA).zip
213492,Solarus,Yarntown,Jogos de RPG / RPG de Ação,Max Mraz,Solarus,,,,,2020-07-18 00:00:00,yarntown-v1.0.6.solarus
202818,Solarus,The Legend of Zelda: Mystery of Solarus XD,rpg,Solarus Team,Solarus Games,,,,,2011-04-01 00:00:00,the-legend-of-zelda-mystery-of-solarus-xd.solarus
202820,Solarus,The Legend of Zelda: Return of the Hylian SE,rpg,Solarus Team  Vincent Jouillat,Solarus Games,,,,,2015-08-13 00:00:00,the-legend-of-zelda-return-of-the-hylian-se.solarus
202816,Solarus,The Legend of Zelda: Mystery of Solarus DX,rpg,Solarus Team,Solarus Games,,,,,2011-12-16 00:00:00,the-legend-of-zelda-mystery-of-solarus-dx.solarus
202810,Solarus,The Legend of Zelda XD2: Mercuris Chess,rpg,Solarus Team,Solarus Games,,1,,2022-11-20 22:20:20,2017-04-01 00:00:00,the-legend-of-zelda-xd2-mercuris-chess.solarus
202812,Solarus,Tunics!,Jogos de RPG / RPG de Ação,Legofarmen,Solarus Games,,1,,2022-11-20 22:20:20,2015-09-09 00:00:00,tunics.solarus
250837,Solarus,Osana's Revenge,Jogos de RPG,Metaquarius,Solarus Games,,1,,2023-03-12 17:48:09,2020-08-10 00:00:00,osanas-revenge.solarus
250837,Solarus,The Legend of Zelda: Book of Mudora,rpg,Matt Wright,Solarus Games,,1,,2023-03-12 17:48:09,2017-08-15 00:00:00,the-legend-of-zelda-book-of-mudora.solarus
,superbroswar,Super Mario War,Action platformer,Florian Hufsky and team,,,,,,2006-08-07 00:00:00,smw.game
,tyrquake,Quake (shareware),Shooter / 1st person,id Software,GT Interactive,,3,38,2021-06-05 21:16:37,1996-06-22 00:00:00,PAK0.PAK
87671,WonderSwan Color,Riviera - Yakusoku no Chi Riviera,Jogos de RPG,Sting,Bandai Namco,jp,,,,2002-07-12 00:00:00,Riviera - Yakusoku no Chi Riviera (Japan).wsc
87643,WonderSwan Color,Hataraku Chocobo,Simulação,Square Enix,Square Enix,jp,,,,2000-09-21 00:00:00,Hataraku Chocobo (Japan).wsc
87635,WonderSwan Color,Final Fantasy IV,Jogos de RPG,Square Enix,Square Enix,jp,,,,2002-03-28 00:00:00,Final Fantasy IV (Japan).wsc
87694,WonderSwan Color,Wizardry Scenario 1 - Proving Grounds of the Mad O,Jogos de RPG,Sting,Bandai Namco,jp,,,,2001-03-01 00:00:00,Wizardry Scenario 1 - Proving Grounds of the Mad Overlord (Japan).wsc
87636,WonderSwan Color,Makai Toushi Sa-Ga,Jogos de RPG,Squaresoft,Squaresoft,jp,,,,2002-03-20 00:00:00,Makai Toushi Sa-Ga (Japan).wsc
87666,WonderSwan Color,From TV Animation One Piece - Grand Battle Swan Co,Luta,Bandai Namco,Bandai Namco,jp,,,,2002-07-12 00:00:00,From TV Animation One Piece - Grand Battle Swan Colosseum (Japan).wsc
38548,WonderSwan Color,Guilty Gear Petit,Luta,Arc System Works,Sammy,jp,,,,2001-01-25 00:00:00,Guilty Gear Petit (Japan).wsc
87680,WonderSwan Color,SD Gundam - Operation U.C.,Tiro / Vertical,Bandai Namco,Bandai Namco,jp,,,,2002-02-16 00:00:00,SD Gundam - Operation U.C. (Japan).wsc
87673,WonderSwan Color,Rockman EXE WS,Plataforma,Capcom,Capcom,jp,,,,2003-02-08 00:00:00,Rockman EXE WS (Japan).wsc
38554,WonderSwan Color,Mr. Driller,Quebra-cabeças,Namco,Namco,jp,,,,2001-04-05 00:00:00,Mr. Driller (Japan).wsc
87637,WonderSwan Color,Final Lap Special - GT & Formula Machine,Corrida / Pilotagem,Bandai Namco,Bandai Namco,jp,1,10,2023-03-14 22:08:41,2001-11-15 00:00:00,Final Lap Special - GT & Formula Machine (Japan).wsc
87651,WonderSwan Color,Judgement Silversword - Rebirth Edition,Ação,M-KAI,Qute,jp,1,10,2023-03-14 22:08:41,2004-02-05 00:00:00,Judgement Silversword - Rebirth Edition (Japan) (Rev 5C21).wsc
38555,WonderSwan Color,Rhyme Rider Kerorican,Estratégia,NanaOn-Sha Co.  Ltd.,Bandai Namco,jp,1,10,2023-03-14 22:08:41,2000-12-09 00:00:00,Rhyme Rider Kerorican (Japan).wsc
87633,WonderSwan Color,Digimon Tamers - Battle Spirit Ver.1.5,Ação,Dimps,Bandai Namco,jp,1,10,2022-11-20 23:02:58,2002-04-27 00:00:00,Digimon Tamers - Battle Spirit Ver. 1.5 (Japan).wsc
87690,WonderSwan Color,Tetris,Quebra-cabeças,Elorg,Vanguard Works,jp,1,10,2022-11-20 23:02:58,2002-04-18 00:00:00,Tetris (Japan).wsc
38547,WonderSwan Color,Golden Axe,Jogos de RPG,SEGA,Bandai Namco,jp,1,10,2022-11-20 23:02:58,2002-02-28 00:00:00,Golden Axe (Japan).wsc
87672,WonderSwan Color,Rockman EXE - N1 Battle,Jogos de RPG,Inti Creates,Capcom,jp,1,10,2022-11-20 23:02:58,2003-08-08 00:00:00,Rockman EXE - N1 Battle (Japan).wsc
87670,WonderSwan Color,Raku Jongg,Quebra-cabeças / Queda,Enterbrain  Inc.,Bandai Namco,jp,1,10,2022-11-20 23:02:58,2001-05-31 00:00:00,Raku Jongg (Japan).wsc
87630,WonderSwan Color,Meitantei Conan - Yuugure no Koujo,Aventura,Bandai Namco,Bandai Namco,jp,1,10,2022-11-20 23:02:58,2001-04-05 00:00:00,Meitantei Conan - Yuugure no Koujo (Japan).wsc
87639,WonderSwan Color,Gekitou! Crash Gear Turbo - Gear Champion League,Ação,Bandai Namco,Bandai Namco,jp,1,10,2022-11-20 23:02:58,2002-08-10 00:00:00,Gekitou! Crash Gear Turbo - Gear Champion League (Japan).wsc
87658,WonderSwan Color,Kidou Senshi Gundam - Giren no Yabou - Tokubetsu H,Estratégia,Bandai Namco,Bandai Namco,jp,1,10,2022-11-20 23:02:58,2003-05-02 00:00:00,Kidou Senshi Gundam - Giren no Yabou - Tokubetsu Hen - Aoki Hoshi no Hasha (Japan).wsc
87661,WonderSwan Color,Kidou Senshi Gundam Vol. 2 - Jaburo,Estratégia,Bandai Namco,Bandai Namco,jp,1,10,2022-11-20 23:02:58,2001-08-16 00:00:00,Kidou Senshi Gundam Vol. 2 - Jaburo (Japan).wsc
38536,WonderSwan Color,Digimon Adventure 02 - D1 Tamers,Jogos de RPG,Sims,Bandai Namco,jp,1,10,2022-11-20 23:02:58,2000-12-09 00:00:00,Digimon Adventure 02 - D1 Tamers (Japan).wsc
87660,WonderSwan Color,Kidou Senshi Gundam Vol. 1 - Side 7,Estratégia,Bandai Namco,Bandai Namco,jp,1,10,2022-11-20 23:02:58,2001-02-01 00:00:00,Kidou Senshi Gundam Vol. 1 - Side 7 (Japan).wsc
87646,WonderSwan Color,Hunter X Hunter - Sorezore no Ketsui,Aventura,Bandai Namco,Bandai Namco,jp,1,10,2022-11-20 23:02:58,2001-04-26 00:00:00,Hunter X Hunter - Sorezore no Ketsui (Japan).wsc
46277,WonderSwan Color,Digital Monster Card Game - Ver. WonderSwan Color,Estratégia,Tom Create,Bandai Namco,jp,1,10,2022-11-20 23:02:58,2002-03-16 00:00:00,Digital Monster Card Game - Ver. WonderSwan Color (Japan).wsc
87677,WonderSwan Color,SD Gundam G-Generation - Gather Beat 2,Estratégia,Bandai Namco,Bandai Namco,jp,1,10,2022-11-20 23:02:58,2001-06-14 00:00:00,SD Gundam G Generation - Gather Beat 2 (Japan).wsc
87692,WonderSwan Color,Ultraman - Hikari no Kuni no Shisha,Luta / 2D,Bandai Namco,Bandai Namco,jp,1,10,2022-11-20 23:02:58,2001-06-21 00:00:00,Ultraman - Hikari no Kuni no Shisha (Japan).wsc
87662,WonderSwan Color,Kidou Senshi Gundam Vol. 3 - A Baoa Qu,Estratégia,Bandai Namco,Bandai Namco,jp,1,10,2022-11-20 23:02:58,2002-05-08 00:00:00,Kidou Senshi Gundam Vol. 3 - A Baoa Qu (Japan).wsc
87682,WonderSwan Color,Shaman King - Asu heno Ishi,Jogos de RPG,Bandai Namco,Bandai Namco,jp,1,10,2022-11-20 23:02:58,2002-08-29 00:00:00,Shaman King - Asu e no Ishi (Japan).wsc
46275,WonderSwan Color,Dark Eyes - Battle Gate,Aventura,Bandai Namco,Bandai Namco,jp,1,10,2022-11-20 17:53:33,2001-05-08 00:00:00,Dark Eyes - Battle Gate (Japan).wsc
38549,WonderSwan Color,Guilty Gear Petit 2,Luta,Arc System Works,Bandai Namco,jp,1,10,2022-11-20 17:53:33,2001-09-27 00:00:00,Guilty Gear Petit 2 (Japan).wsc
38535,WonderSwan Color,Dicing Knight.,Jogos de RPG,Platine Dispositif,Qute,jp,1,10,2022-11-20 17:53:33,2004-05-31 00:00:00,Dicing Knight. (Japan).wsc
46274,WonderSwan Color,Another Heaven - Memory of Those Days,Aventura,Omega Micott,Bandai Namco,jp,2,41,2023-03-11 23:23:46,2000-12-21 00:00:00,Another Heaven - Memory of those Days (Japan).wsc
38538,WonderSwan Color,Battle Spirit - Digimon Frontier,Ação,Dimps,Bandai Namco,jp,2,41,2023-03-11 23:23:46,2002-12-07 00:00:00,Battle Spirit - Digimon Frontier (Japan).wsc
38541,WonderSwan Color,Dokodemo Hamster 3 - Odekake Saffron,Simulação,BEC,Bandai Namco,jp,2,41,2023-03-11 23:23:46,2000-12-14 00:00:00,Dokodemo Hamster 3 - Odekake Saffron (Japan).wsc
38560,WonderSwan Color,With You - Mitsumete Itai,Aventura,Cocktail Soft,Shall Luck,jp,2,41,2023-03-11 23:23:46,2001-01-25 00:00:00,With You - Mitsumete Itai (Japan).wsc
38544,WonderSwan Color,Final Fantasy II,Jogos de RPG,Square Enix,Square Enix,jp,2,41,2023-03-11 23:23:46,2001-05-03 00:00:00,Final Fantasy II (Japan).wsc
87664,WonderSwan Color,Naruto - Konoha Ninpouchou,Jogos de RPG,BEC,Bandai Namco,jp,2,41,2023-03-11 23:23:46,2003-03-27 00:00:00,Naruto - Konoha Ninpouchou (Japan).wsc
87682,WonderSwan Color,Shaman King - Asu heno Ishi,Jogos de RPG,Bandai Namco,Bandai Namco,jp,2,41,2023-03-11 23:23:46,2002-08-29 00:00:00,Shaman King - Asu e no Ishi (Japan) (v1.1).wsc
87638,WonderSwan Color,Flash Koibito-kun,Jogos de RPG,Koto Laboratory,Kobunsha,jp,2,41,2023-03-11 23:23:46,2000-12-28 00:00:00,Flash Koibito-kun (Japan).wsc
38557,WonderSwan Color,Romancing Sa-Ga,Jogos de RPG,Square Enix,Square Enix,jp,2,41,2023-03-11 23:23:46,2001-12-20 00:00:00,Romancing Sa-Ga (Japan).wsc
87634,WonderSwan Color,Pocket no Naka no Doraemon,Estratégia,Bandai Namco,Bandai Namco,jp,2,41,2023-03-11 23:23:46,2001-05-24 00:00:00,Pocket no Naka no Doraemon (Japan).wsc
87675,WonderSwan Color,RUN=DIM - Return to Earth,Shoot'em Up / Vertical,Digital Dream Studios,Digital Dream Studios,jp,2,41,2023-03-11 23:23:46,2002-02-07 00:00:00,RUN=DIM - Return to Earth (Japan).wsc
87691,WonderSwan Color,Tonpusou,Jogo de tabuleiro Asiático / Mahjong,Bandai Namco,Bandai Namco,jp,2,41,2023-03-11 23:23:46,2001-06-28 00:00:00,Tonpuusou (Japan).wsc
87663,WonderSwan Color,Namco Super Wars,Estratégia,Namco,Bandai Namco,jp,2,41,2023-03-11 23:23:46,2002-10-31 00:00:00,Namco Super Wars (Japan).wsc
38537,WonderSwan Color,Digimon Digital Monsters - Anode And Cathode Tamer - Veedramon Version,Jogos de RPG,Bandai Namco,Bandai Namco,jp,2,41,2023-03-11 23:23:46,2002-10-31 00:00:00,Digimon - Anode Tamer & Cathode Tamer (Asia).wsc
38550,WonderSwan Color,GunPey EX,Simulação,Koto Laboratory,Bandai Namco,jp,2,41,2023-03-11 23:23:46,2000-12-09 00:00:00,GunPey EX (Japan).wsc
87668,WonderSwan Color,From TV Animation One Piece - Treasure Wars,Jogo de tabuleiro,Bandai Namco,Bandai Namco,jp,2,41,2023-03-11 23:23:46,2002-01-03 00:00:00,From TV Animation One Piece - Treasure Wars (Japan).wsc
38562,WonderSwan Color,Namco Wonder Classic,Esporte / Golfe,Yoshidayama-Workshop,Bandai Namco,jp,2,41,2023-03-11 23:23:46,2001-01-18 00:00:00,Wonder Classic (Japan).wsc
87683,WonderSwan Color,Soroban Gu,Quebra-cabeças,Mechanic Arms,Naxat Soft,jp,2,41,2023-03-11 23:23:46,2000-09-12 00:00:00,Sorobang (Japan).wsc
46278,WonderSwan Color,Dragon Ball,Jogos de RPG,Bandai Namco,Bandai Namco,jp,2,41,2023-03-11 23:23:46,2003-11-20 00:00:00,Dragon Ball (Japan).wsc
87656,WonderSwan Color,Memories Off - Festa,Aventura,Kindle Imagine Develop,Kindle Imagine Develop,jp,2,41,2023-03-11 23:23:46,2001-03-08 00:00:00,Memories Off - Festa (Japan).wsc
87688,WonderSwan Color,Super Robot Taisen Compact for WonderSwan Color,Estratégia,Banpresto,Banpresto,jp,2,41,2023-03-11 23:23:46,2001-12-13 00:00:00,Super Robot Taisen Compact for WonderSwan Color (Japan).wsc
87657,WonderSwan Color,Mikeneko Holmes - Ghost Panic,Aventura,MintJulep,Kobunsha,jp,2,41,2023-03-11 23:23:46,2001-04-26 00:00:00,Mikeneko Holmes - Ghost Panic (Japan).wsc
87640,WonderSwan Color,Gensou Maden Saiyuuki Retribution - Hi no Ataru Ba,Jogo de tabuleiro,PicPac-Airreal,Mubik,jp,2,41,2023-03-11 23:23:46,2001-06-07 00:00:00,Gensou Maden Saiyuuki Retribution - Hi no Ataru Basho de (Japan).wsc
38543,WonderSwan Color,Final Fantasy,Jogos de RPG,Square Enix,Square Enix,jp,2,41,2023-03-11 23:23:46,2000-12-09 00:00:00,Final Fantasy (Japan).wsc
87686,WonderSwan Color,Star Hearts - Hoshi to Daichi no Shisha,Ação,Bandai Namco,Bandai Namco,jp,2,41,2023-03-11 23:23:46,2001-09-27 00:00:00,Star Hearts - Hoshi to Daichi no Shisha (Japan).wsc
38551,WonderSwan Color,Hanjuku Hero - Ah  Sekai yo Hanjuku Nare...!!,Estratégia,Square Enix,Square Enix,jp,2,41,2023-03-11 23:23:46,2002-02-14 00:00:00,Hanjuku Hero - Ah  Sekai yo Hanjuku Nare...!! (Japan).wsc
87665,WonderSwan Color,From TV Animation One Piece - Chopper no Daibouken,Luta,Bandai Namco,Bandai Namco,jp,2,41,2023-03-11 23:23:46,2003-10-16 00:00:00,From TV Animation One Piece - Chopper no Daibouken (Japan).wsc
38540,WonderSwan Color,Digimon Tamers - Digimon Medley,Jogos de RPG,Shade,Bandai Namco,jp,2,41,2023-03-11 23:23:46,2001-07-12 00:00:00,Digimon Tamers - Digimon Medley (Japan).wsc
87689,WonderSwan Color,Super Robot Taisen Compact 3,Estratégia,Banpresto,Banpresto,jp,2,41,2023-03-11 23:23:46,2003-07-17 00:00:00,Super Robot Taisen Compact 3 (Japan) (v1.5).wsc
87645,WonderSwan Color,Hunter X Hunter - Michibikareshi Mono,Aventura,Bandai Namco,Bandai Namco,jp,2,41,2023-03-11 23:23:46,2001-08-23 00:00:00,Hunter X Hunter - Michibikareshi Mono (Japan).wsc
87696,WonderSwan Color,XI -sai- Little,Quebra-cabeças,MBI Limited,Namco,jp,2,41,2023-03-11 23:23:46,2001-12-20 00:00:00,XI Little (Japan).wsc
87684,WonderSwan Color,Senkaiden Ni - TV Animation Senkaiden Houshin Engi,Jogos de RPG,Bandai Namco,Bandai Namco,jp,2,41,2023-03-11 23:23:46,2000-12-21 00:00:00,Senkaiden Ni - TV Animation Senkaiden Houshin Engi Yori (Japan).wsc
87685,WonderSwan Color,Uchuu Senkan Yamato,Estratégia,Tom Create Co.  Ltd.,Bandai Namco,jp,2,41,2023-03-11 23:23:46,2001-02-08 00:00:00,Uchuu Senkan Yamato (Japan).wsc
87651,WonderSwan Color,Judgement Silversword - Rebirth Edition,Ação,M-KAI,Qute,jp,2,41,2023-03-11 23:23:46,2004-02-05 00:00:00,Judgement Silversword - Rebirth Edition (Japan) (Rev 4321).wsc
46276,WonderSwan Color,Digital Monster - D-Project,Jogos de RPG,Sting,Bandai Namco,jp,2,41,2023-03-11 23:23:46,2002-08-03 00:00:00,Digital Monster - D-Project (Japan).wsc
38539,WonderSwan Color,Digimon Tamers - Brave Tamer,Jogos de RPG,Sims,Bandai Namco,jp,2,41,2023-03-11 23:23:46,2001-12-29 00:00:00,Digimon Tamers - Brave Tamer (Japan).wsc
38546,WonderSwan Color,Front Mission,Ação,G-Craft,Square Enix,jp,2,41,2023-03-11 23:23:46,2002-07-12 00:00:00,Front Mission (Japan).wsc
38534,WonderSwan Color,Blue Wing Blitz,Jogos de RPG,Square Enix,Square Enix,jp,2,41,2023-03-11 23:23:46,2001-07-05 00:00:00,Blue Wing Blitz (Japan).wsc
87695,WonderSwan Color,X - Card of Fate,Estratégia,Access Games,Bandai Namco,jp,2,41,2023-03-11 23:23:46,2002-06-27 00:00:00,X - Card of Fate (Japan).wsc
87648,WonderSwan Color,Inuyasha - Fuuun Emaki,Aventura,Bandai Namco,Bandai Namco,jp,2,41,2023-03-11 23:23:46,2002-07-27 00:00:00,Inuyasha - Fuuun Emaki (Japan).wsc
87679,WonderSwan Color,SD Gundam Eiyuuden - Kishi Densetsu,Jogos de RPG,Bandai Namco,Bandai Namco,jp,2,41,2023-03-11 23:23:46,2001-03-15 00:00:00,SD Gundam Eiyuu Den - Kishi Densetsu (Japan).wsc
87650,WonderSwan Color,Inuyasha - Kagome no Yume Nikki,Aventura,Bandai Namco,Bandai Namco,jp,2,41,2023-03-11 23:23:46,2002-11-16 00:00:00,Inuyasha - Kagome no Yume Nikki (Japan).wsc
87681,WonderSwan Color,SD Gundam Eiyuuden - Musha Densetsu,Jogos de RPG,Bandai Namco,Bandai Namco,jp,2,41,2023-03-11 23:23:46,2001-03-15 00:00:00,SD Gundam Eiyuu Den - Musha Densetsu (Japan).wsc
38559,WonderSwan Color,Wild Card,Jogos de RPG,Square Enix,Square Enix,jp,2,41,2023-03-11 23:23:46,2001-03-29 00:00:00,Wild Card (Japan).wsc
87678,WonderSwan Color,SD Gundam G-Generation - Mono-Eye Gundams,Estratégia,Bandai Namco,Bandai Namco,jp,2,41,2023-03-11 23:23:46,2002-09-26 00:00:00,SD Gundam G Generation - Mono-Eye Gundams (Japan).wsc
87652,WonderSwan Color,Kinnikuman IIsei - Choujin Seisenshi,Jogos de RPG,Bandai Namco,Bandai Namco,jp,2,41,2023-03-11 23:23:46,2003-01-30 00:00:00,Kinnikuman II-Sei - Choujin Seisenshi (Japan).wsc
87659,WonderSwan Color,Kidou Senshi Gundam Seed,Ação,Bandai Namco,Bandai Namco,jp,2,41,2023-03-11 23:23:46,2003-03-15 00:00:00,Kidou Senshi Gundam Seed (Japan).wsc
87669,WonderSwan Color,From TV Animation One Piece - Treasure Wars 2 - Bu,Jogo de tabuleiro,Bandai Namco,Bandai Namco,jp,2,41,2023-03-11 23:23:46,2002-12-20 00:00:00,From TV Animation One Piece - Treasure Wars 2 - Buggy Land e Youkoso (Japan).wsc
87676,WonderSwan Color,Saint Seiya - Ougon Densetsu Hen - Perfect Edition,Briga de rua,TOSE,Bandai Namco,jp,2,41,2023-03-11 23:23:46,2003-07-31 00:00:00,Saint Seiya - Ougon Densetsu Hen - Perfect Edition (Japan).wsc
87667,WonderSwan Color,From TV Animation One Piece - Niji no Shima Denset,Briga de rua,Bandai Namco,Bandai Namco,jp,2,41,2023-03-11 23:23:46,2001-09-13 00:00:00,From TV Animation One Piece - Niji no Shima Densetsu (Japan).wsc
87654,WonderSwan Color,Kurupara!,Quebra-cabeças,Tomcreate,Tomcreate,jp,2,41,2023-03-11 23:23:46,2001-06-14 00:00:00,Kurupara! (Japan).wsc
87689,WonderSwan Color,Super Robot Taisen Compact 3,Estratégia,Banpresto,Banpresto,jp,2,41,2023-03-11 23:23:46,2003-07-17 00:00:00,Super Robot Taisen Compact 3 (Japan) (v1.6).wsc
87655,WonderSwan Color,Last Alive,Aventura,Bandai Namco,Bandai Namco,jp,2,41,2023-03-11 23:23:46,2001-07-26 00:00:00,Last Alive (Japan).wsc
87649,WonderSwan Color,Inuyasha - Kagome no Sengoku Nikki,Aventura,Bandai Namco,Bandai Namco,jp,2,41,2023-03-11 23:23:46,2001-11-02 00:00:00,Inuyasha - Kagome no Sengoku Nikki (Japan).wsc
87632,WonderSwan Color,Digimon Tamers - Battle Spirit,Luta,Dimps,Bandai Namco,jp,1,118,2022-11-21 11:45:33,2001-10-06 00:00:00,Digimon Tamers - Battle Spirit (Japan) (En Ja).wsc
87641,WonderSwan Color,Gransta Chronicle,Jogos de RPG,Tom Create Co.  Ltd.,Omega Micott Inc.,jp,1,118,2022-11-21 11:45:33,2002-06-13 00:00:00,Gransta Chronicle (Japan).wsc
87653,WonderSwan Color,Kinnikuman IIsei - Dream Tag Match,Esporte,TOSE,Bandai Namco,jp,1,118,2022-11-21 11:45:33,2002-03-02 00:00:00,Kinnikuman II-Sei - Dream Tag Match (Japan).wsc
38533,WonderSwan Color,Arc the Lad - Kishin Fukkatsu,Jogos de RPG,Bandai Namco,Bandai Namco,jp,1,19,2022-01-18 08:53:55,2002-07-04 00:00:00,Arc the Lad - Kishin Fukkatsu (Japan).wsc
87687,WonderSwan Color,Star Hearts - Hoshi to Daichi no Shisha - Taikenba,Jogos de RPG,Bandai Namco,Bandai Namco,jp,1,19,2022-01-18 08:53:55,2001-01-01 00:00:00,Star Hearts - Hoshi to Daichi no Shisha - Taikenban (Japan).wsc
38558,WonderSwan Color,Terrors 2,Luta,Terrors 2 Project,Bandai Namco,jp,1,19,2022-01-18 08:53:55,2000-12-21 00:00:00,Terrors 2 (Japan).wsc
38532,WonderSwan Color,Alchemist Marie & Elie - Futari no Atelier,Jogos de RPG,Gust,Gust,jp,3,47,2024-04-11 16:50:00,2001-10-25 00:00:00,Alchemist Marie & Elie - Futari no Atelier (Japan).wsc
87644,WonderSwan Color,Hunter X Hunter - Greed Island,Jogos de RPG,Bandai Namco,Bandai Namco,jp,1,24,2025-01-19 11:33:35,2003-04-24 00:00:00,Hunter X Hunter - Greed Island (Japan).wsc
,xash3d_fwgs,Half-Life,FPS,Valve,,,,,,1998-11-19 00:00:00,valve.game
,xash3d_fwgs,Half-Life: Opposing Force,FPS,Gearbox Software  Valve,,,,,,1999-11-19 00:00:00,gearbox.game
,xash3d_fwgs,Half-Life: Blue Shift,FPS,Gearbox Software  Valve,,,,,,2001-06-12 00:00:00,bshift.game
,xash3d_fwgs,Counter-Strike,PvP multiplayer FPS,Valve,,,,,,2000-11-09 00:00:00,cstrike.game
,xash3d_fwgs,Deathmatch Classic,PvP multiplayer FPS,Valve,,,,,,2001-06-07 00:00:00,dmc.game
